ISO-10303-21;
HEADER;
/* Generated by software containing ST-Developer
 * from STEP Tools, Inc. (www.steptools.com) 
 */

FILE_DESCRIPTION(
/* description */ (''),
/* implementation_level */ '2;1');

FILE_NAME(
/* name */ 'keyboard print files.step',
/* time_stamp */ '2026-07-10T21:17:35-04:00',
/* author */ (''),
/* organization */ (''),
/* preprocessor_version */ 'ST-DEVELOPER v20.1',
/* originating_system */ 'Autodesk Translation Framework v15.8.0.0',
/* authorisation */ '');

FILE_SCHEMA (('AUTOMOTIVE_DESIGN { 1 0 10303 214 3 1 1 }'));
ENDSEC;

DATA;
#10=MECHANICAL_DESIGN_GEOMETRIC_PRESENTATION_REPRESENTATION('',(#13,#14,
#15),#11889);
#11=SHAPE_REPRESENTATION_RELATIONSHIP('SRR','None',#11895,#12);
#12=ADVANCED_BREP_SHAPE_REPRESENTATION('',(#16,#17,#18),#11888);
#13=STYLED_ITEM('',(#11905),#16);
#14=STYLED_ITEM('',(#11906),#17);
#15=STYLED_ITEM('',(#11906),#18);
#16=MANIFOLD_SOLID_BREP('Plate',#7551);
#17=MANIFOLD_SOLID_BREP('Bottom',#7552);
#18=MANIFOLD_SOLID_BREP('Top',#7553);
#19=FACE_BOUND('',#885,.T.);
#20=FACE_BOUND('',#886,.T.);
#21=FACE_BOUND('',#887,.T.);
#22=FACE_BOUND('',#888,.T.);
#23=FACE_BOUND('',#889,.T.);
#24=FACE_BOUND('',#890,.T.);
#25=FACE_BOUND('',#891,.T.);
#26=FACE_BOUND('',#892,.T.);
#27=FACE_BOUND('',#893,.T.);
#28=FACE_BOUND('',#894,.T.);
#29=FACE_BOUND('',#895,.T.);
#30=FACE_BOUND('',#896,.T.);
#31=FACE_BOUND('',#897,.T.);
#32=FACE_BOUND('',#898,.T.);
#33=FACE_BOUND('',#899,.T.);
#34=FACE_BOUND('',#900,.T.);
#35=FACE_BOUND('',#901,.T.);
#36=FACE_BOUND('',#902,.T.);
#37=FACE_BOUND('',#903,.T.);
#38=FACE_BOUND('',#904,.T.);
#39=FACE_BOUND('',#905,.T.);
#40=FACE_BOUND('',#906,.T.);
#41=FACE_BOUND('',#907,.T.);
#42=FACE_BOUND('',#908,.T.);
#43=FACE_BOUND('',#909,.T.);
#44=FACE_BOUND('',#910,.T.);
#45=FACE_BOUND('',#911,.T.);
#46=FACE_BOUND('',#912,.T.);
#47=FACE_BOUND('',#913,.T.);
#48=FACE_BOUND('',#914,.T.);
#49=FACE_BOUND('',#915,.T.);
#50=FACE_BOUND('',#916,.T.);
#51=FACE_BOUND('',#917,.T.);
#52=FACE_BOUND('',#918,.T.);
#53=FACE_BOUND('',#919,.T.);
#54=FACE_BOUND('',#920,.T.);
#55=FACE_BOUND('',#921,.T.);
#56=FACE_BOUND('',#922,.T.);
#57=FACE_BOUND('',#923,.T.);
#58=FACE_BOUND('',#924,.T.);
#59=FACE_BOUND('',#925,.T.);
#60=FACE_BOUND('',#926,.T.);
#61=FACE_BOUND('',#927,.T.);
#62=FACE_BOUND('',#928,.T.);
#63=FACE_BOUND('',#929,.T.);
#64=FACE_BOUND('',#930,.T.);
#65=FACE_BOUND('',#931,.T.);
#66=FACE_BOUND('',#932,.T.);
#67=FACE_BOUND('',#933,.T.);
#68=FACE_BOUND('',#934,.T.);
#69=FACE_BOUND('',#935,.T.);
#70=FACE_BOUND('',#936,.T.);
#71=FACE_BOUND('',#937,.T.);
#72=FACE_BOUND('',#938,.T.);
#73=FACE_BOUND('',#939,.T.);
#74=FACE_BOUND('',#940,.T.);
#75=FACE_BOUND('',#941,.T.);
#76=FACE_BOUND('',#942,.T.);
#77=FACE_BOUND('',#943,.T.);
#78=FACE_BOUND('',#944,.T.);
#79=FACE_BOUND('',#945,.T.);
#80=FACE_BOUND('',#946,.T.);
#81=FACE_BOUND('',#947,.T.);
#82=FACE_BOUND('',#948,.T.);
#83=FACE_BOUND('',#949,.T.);
#84=FACE_BOUND('',#950,.T.);
#85=FACE_BOUND('',#951,.T.);
#86=FACE_BOUND('',#952,.T.);
#87=FACE_BOUND('',#953,.T.);
#88=FACE_BOUND('',#954,.T.);
#89=FACE_BOUND('',#955,.T.);
#90=FACE_BOUND('',#1222,.T.);
#91=FACE_BOUND('',#1223,.T.);
#92=FACE_BOUND('',#1224,.T.);
#93=FACE_BOUND('',#1225,.T.);
#94=FACE_BOUND('',#1226,.T.);
#95=FACE_BOUND('',#1227,.T.);
#96=FACE_BOUND('',#1228,.T.);
#97=FACE_BOUND('',#1229,.T.);
#98=FACE_BOUND('',#1230,.T.);
#99=FACE_BOUND('',#1231,.T.);
#100=FACE_BOUND('',#1232,.T.);
#101=FACE_BOUND('',#1233,.T.);
#102=FACE_BOUND('',#1234,.T.);
#103=FACE_BOUND('',#1235,.T.);
#104=FACE_BOUND('',#1236,.T.);
#105=FACE_BOUND('',#1237,.T.);
#106=FACE_BOUND('',#1238,.T.);
#107=FACE_BOUND('',#1239,.T.);
#108=FACE_BOUND('',#1240,.T.);
#109=FACE_BOUND('',#1241,.T.);
#110=FACE_BOUND('',#1242,.T.);
#111=FACE_BOUND('',#1243,.T.);
#112=FACE_BOUND('',#1244,.T.);
#113=FACE_BOUND('',#1245,.T.);
#114=FACE_BOUND('',#1246,.T.);
#115=FACE_BOUND('',#1247,.T.);
#116=FACE_BOUND('',#1248,.T.);
#117=FACE_BOUND('',#1249,.T.);
#118=FACE_BOUND('',#1250,.T.);
#119=FACE_BOUND('',#1251,.T.);
#120=FACE_BOUND('',#1252,.T.);
#121=FACE_BOUND('',#1253,.T.);
#122=FACE_BOUND('',#1254,.T.);
#123=FACE_BOUND('',#1255,.T.);
#124=FACE_BOUND('',#1256,.T.);
#125=FACE_BOUND('',#1257,.T.);
#126=FACE_BOUND('',#1258,.T.);
#127=FACE_BOUND('',#1259,.T.);
#128=FACE_BOUND('',#1260,.T.);
#129=FACE_BOUND('',#1261,.T.);
#130=FACE_BOUND('',#1262,.T.);
#131=FACE_BOUND('',#1263,.T.);
#132=FACE_BOUND('',#1264,.T.);
#133=FACE_BOUND('',#1265,.T.);
#134=FACE_BOUND('',#1266,.T.);
#135=FACE_BOUND('',#1267,.T.);
#136=FACE_BOUND('',#1268,.T.);
#137=FACE_BOUND('',#1269,.T.);
#138=FACE_BOUND('',#1270,.T.);
#139=FACE_BOUND('',#1271,.T.);
#140=FACE_BOUND('',#1272,.T.);
#141=FACE_BOUND('',#1273,.T.);
#142=FACE_BOUND('',#1274,.T.);
#143=FACE_BOUND('',#1275,.T.);
#144=FACE_BOUND('',#1276,.T.);
#145=FACE_BOUND('',#1277,.T.);
#146=FACE_BOUND('',#1278,.T.);
#147=FACE_BOUND('',#1279,.T.);
#148=FACE_BOUND('',#1280,.T.);
#149=FACE_BOUND('',#1281,.T.);
#150=FACE_BOUND('',#1282,.T.);
#151=FACE_BOUND('',#1283,.T.);
#152=FACE_BOUND('',#1284,.T.);
#153=FACE_BOUND('',#1285,.T.);
#154=FACE_BOUND('',#1286,.T.);
#155=FACE_BOUND('',#1287,.T.);
#156=FACE_BOUND('',#1288,.T.);
#157=FACE_BOUND('',#1289,.T.);
#158=FACE_BOUND('',#1290,.T.);
#159=FACE_BOUND('',#1291,.T.);
#160=FACE_BOUND('',#1292,.T.);
#161=FACE_BOUND('',#1299,.T.);
#162=FACE_BOUND('',#1300,.T.);
#163=FACE_BOUND('',#1301,.T.);
#164=FACE_BOUND('',#1302,.T.);
#165=FACE_BOUND('',#1303,.T.);
#166=FACE_BOUND('',#1304,.T.);
#167=FACE_BOUND('',#1305,.T.);
#168=FACE_BOUND('',#1306,.T.);
#169=FACE_BOUND('',#1313,.T.);
#170=FACE_BOUND('',#1314,.T.);
#171=FACE_BOUND('',#1315,.T.);
#172=FACE_BOUND('',#1316,.T.);
#173=FACE_BOUND('',#1317,.T.);
#174=FACE_BOUND('',#1318,.T.);
#175=FACE_BOUND('',#1319,.T.);
#176=FACE_BOUND('',#1320,.T.);
#177=FACE_BOUND('',#1321,.T.);
#178=FACE_BOUND('',#1351,.T.);
#179=FACE_BOUND('',#1353,.T.);
#180=FACE_BOUND('',#1364,.T.);
#181=FACE_BOUND('',#1374,.T.);
#182=FACE_BOUND('',#1380,.T.);
#183=FACE_BOUND('',#1381,.T.);
#184=FACE_BOUND('',#1382,.T.);
#185=FACE_BOUND('',#1383,.T.);
#186=FACE_BOUND('',#1384,.T.);
#187=PLANE('',#7570);
#188=PLANE('',#7574);
#189=PLANE('',#7578);
#190=PLANE('',#7582);
#191=PLANE('',#7586);
#192=PLANE('',#7590);
#193=PLANE('',#7594);
#194=PLANE('',#7598);
#195=PLANE('',#7599);
#196=PLANE('',#7600);
#197=PLANE('',#7601);
#198=PLANE('',#7602);
#199=PLANE('',#7603);
#200=PLANE('',#7604);
#201=PLANE('',#7605);
#202=PLANE('',#7606);
#203=PLANE('',#7607);
#204=PLANE('',#7608);
#205=PLANE('',#7609);
#206=PLANE('',#7610);
#207=PLANE('',#7611);
#208=PLANE('',#7612);
#209=PLANE('',#7613);
#210=PLANE('',#7614);
#211=PLANE('',#7615);
#212=PLANE('',#7616);
#213=PLANE('',#7617);
#214=PLANE('',#7618);
#215=PLANE('',#7619);
#216=PLANE('',#7620);
#217=PLANE('',#7621);
#218=PLANE('',#7622);
#219=PLANE('',#7623);
#220=PLANE('',#7624);
#221=PLANE('',#7625);
#222=PLANE('',#7626);
#223=PLANE('',#7627);
#224=PLANE('',#7628);
#225=PLANE('',#7629);
#226=PLANE('',#7630);
#227=PLANE('',#7631);
#228=PLANE('',#7632);
#229=PLANE('',#7633);
#230=PLANE('',#7634);
#231=PLANE('',#7635);
#232=PLANE('',#7636);
#233=PLANE('',#7637);
#234=PLANE('',#7638);
#235=PLANE('',#7639);
#236=PLANE('',#7640);
#237=PLANE('',#7641);
#238=PLANE('',#7642);
#239=PLANE('',#7643);
#240=PLANE('',#7644);
#241=PLANE('',#7645);
#242=PLANE('',#7646);
#243=PLANE('',#7647);
#244=PLANE('',#7648);
#245=PLANE('',#7649);
#246=PLANE('',#7650);
#247=PLANE('',#7651);
#248=PLANE('',#7652);
#249=PLANE('',#7653);
#250=PLANE('',#7654);
#251=PLANE('',#7655);
#252=PLANE('',#7656);
#253=PLANE('',#7657);
#254=PLANE('',#7658);
#255=PLANE('',#7659);
#256=PLANE('',#7660);
#257=PLANE('',#7661);
#258=PLANE('',#7662);
#259=PLANE('',#7663);
#260=PLANE('',#7664);
#261=PLANE('',#7665);
#262=PLANE('',#7666);
#263=PLANE('',#7667);
#264=PLANE('',#7668);
#265=PLANE('',#7669);
#266=PLANE('',#7670);
#267=PLANE('',#7671);
#268=PLANE('',#7672);
#269=PLANE('',#7673);
#270=PLANE('',#7674);
#271=PLANE('',#7675);
#272=PLANE('',#7676);
#273=PLANE('',#7677);
#274=PLANE('',#7678);
#275=PLANE('',#7679);
#276=PLANE('',#7680);
#277=PLANE('',#7681);
#278=PLANE('',#7682);
#279=PLANE('',#7683);
#280=PLANE('',#7684);
#281=PLANE('',#7685);
#282=PLANE('',#7686);
#283=PLANE('',#7687);
#284=PLANE('',#7688);
#285=PLANE('',#7689);
#286=PLANE('',#7690);
#287=PLANE('',#7691);
#288=PLANE('',#7692);
#289=PLANE('',#7693);
#290=PLANE('',#7694);
#291=PLANE('',#7695);
#292=PLANE('',#7696);
#293=PLANE('',#7697);
#294=PLANE('',#7698);
#295=PLANE('',#7699);
#296=PLANE('',#7700);
#297=PLANE('',#7701);
#298=PLANE('',#7702);
#299=PLANE('',#7703);
#300=PLANE('',#7704);
#301=PLANE('',#7705);
#302=PLANE('',#7706);
#303=PLANE('',#7707);
#304=PLANE('',#7708);
#305=PLANE('',#7709);
#306=PLANE('',#7710);
#307=PLANE('',#7711);
#308=PLANE('',#7712);
#309=PLANE('',#7713);
#310=PLANE('',#7714);
#311=PLANE('',#7715);
#312=PLANE('',#7716);
#313=PLANE('',#7717);
#314=PLANE('',#7718);
#315=PLANE('',#7719);
#316=PLANE('',#7720);
#317=PLANE('',#7721);
#318=PLANE('',#7722);
#319=PLANE('',#7723);
#320=PLANE('',#7724);
#321=PLANE('',#7725);
#322=PLANE('',#7726);
#323=PLANE('',#7727);
#324=PLANE('',#7728);
#325=PLANE('',#7729);
#326=PLANE('',#7730);
#327=PLANE('',#7731);
#328=PLANE('',#7732);
#329=PLANE('',#7733);
#330=PLANE('',#7734);
#331=PLANE('',#7735);
#332=PLANE('',#7736);
#333=PLANE('',#7737);
#334=PLANE('',#7738);
#335=PLANE('',#7739);
#336=PLANE('',#7740);
#337=PLANE('',#7741);
#338=PLANE('',#7742);
#339=PLANE('',#7743);
#340=PLANE('',#7744);
#341=PLANE('',#7745);
#342=PLANE('',#7746);
#343=PLANE('',#7747);
#344=PLANE('',#7748);
#345=PLANE('',#7749);
#346=PLANE('',#7750);
#347=PLANE('',#7751);
#348=PLANE('',#7752);
#349=PLANE('',#7753);
#350=PLANE('',#7754);
#351=PLANE('',#7755);
#352=PLANE('',#7756);
#353=PLANE('',#7757);
#354=PLANE('',#7758);
#355=PLANE('',#7759);
#356=PLANE('',#7760);
#357=PLANE('',#7761);
#358=PLANE('',#7762);
#359=PLANE('',#7763);
#360=PLANE('',#7764);
#361=PLANE('',#7765);
#362=PLANE('',#7766);
#363=PLANE('',#7767);
#364=PLANE('',#7768);
#365=PLANE('',#7769);
#366=PLANE('',#7770);
#367=PLANE('',#7771);
#368=PLANE('',#7772);
#369=PLANE('',#7773);
#370=PLANE('',#7774);
#371=PLANE('',#7775);
#372=PLANE('',#7776);
#373=PLANE('',#7777);
#374=PLANE('',#7778);
#375=PLANE('',#7779);
#376=PLANE('',#7780);
#377=PLANE('',#7781);
#378=PLANE('',#7782);
#379=PLANE('',#7783);
#380=PLANE('',#7784);
#381=PLANE('',#7785);
#382=PLANE('',#7786);
#383=PLANE('',#7787);
#384=PLANE('',#7788);
#385=PLANE('',#7789);
#386=PLANE('',#7790);
#387=PLANE('',#7791);
#388=PLANE('',#7792);
#389=PLANE('',#7793);
#390=PLANE('',#7794);
#391=PLANE('',#7795);
#392=PLANE('',#7796);
#393=PLANE('',#7797);
#394=PLANE('',#7798);
#395=PLANE('',#7799);
#396=PLANE('',#7800);
#397=PLANE('',#7801);
#398=PLANE('',#7802);
#399=PLANE('',#7803);
#400=PLANE('',#7804);
#401=PLANE('',#7805);
#402=PLANE('',#7806);
#403=PLANE('',#7807);
#404=PLANE('',#7808);
#405=PLANE('',#7809);
#406=PLANE('',#7810);
#407=PLANE('',#7811);
#408=PLANE('',#7812);
#409=PLANE('',#7813);
#410=PLANE('',#7814);
#411=PLANE('',#7815);
#412=PLANE('',#7816);
#413=PLANE('',#7817);
#414=PLANE('',#7818);
#415=PLANE('',#7819);
#416=PLANE('',#7820);
#417=PLANE('',#7821);
#418=PLANE('',#7822);
#419=PLANE('',#7823);
#420=PLANE('',#7824);
#421=PLANE('',#7825);
#422=PLANE('',#7826);
#423=PLANE('',#7827);
#424=PLANE('',#7828);
#425=PLANE('',#7829);
#426=PLANE('',#7830);
#427=PLANE('',#7831);
#428=PLANE('',#7832);
#429=PLANE('',#7833);
#430=PLANE('',#7834);
#431=PLANE('',#7835);
#432=PLANE('',#7836);
#433=PLANE('',#7837);
#434=PLANE('',#7838);
#435=PLANE('',#7839);
#436=PLANE('',#7840);
#437=PLANE('',#7841);
#438=PLANE('',#7842);
#439=PLANE('',#7843);
#440=PLANE('',#7844);
#441=PLANE('',#7845);
#442=PLANE('',#7846);
#443=PLANE('',#7847);
#444=PLANE('',#7848);
#445=PLANE('',#7849);
#446=PLANE('',#7850);
#447=PLANE('',#7851);
#448=PLANE('',#7852);
#449=PLANE('',#7853);
#450=PLANE('',#7854);
#451=PLANE('',#7855);
#452=PLANE('',#7856);
#453=PLANE('',#7857);
#454=PLANE('',#7858);
#455=PLANE('',#7859);
#456=PLANE('',#7860);
#457=PLANE('',#7861);
#458=PLANE('',#7862);
#459=PLANE('',#7863);
#460=PLANE('',#7864);
#461=PLANE('',#7865);
#462=PLANE('',#7866);
#463=PLANE('',#7867);
#464=PLANE('',#7868);
#465=PLANE('',#7869);
#466=PLANE('',#7870);
#467=PLANE('',#7871);
#468=PLANE('',#7872);
#469=PLANE('',#7873);
#470=PLANE('',#7874);
#471=PLANE('',#7887);
#472=PLANE('',#7888);
#473=PLANE('',#7891);
#474=PLANE('',#7894);
#475=PLANE('',#7907);
#476=PLANE('',#7915);
#477=PLANE('',#7917);
#478=PLANE('',#7918);
#479=PLANE('',#7919);
#480=PLANE('',#7923);
#481=PLANE('',#7927);
#482=PLANE('',#7931);
#483=PLANE('',#7935);
#484=PLANE('',#7939);
#485=PLANE('',#7943);
#486=PLANE('',#7947);
#487=PLANE('',#7948);
#488=PLANE('',#7954);
#489=PLANE('',#7959);
#490=PLANE('',#7960);
#491=PLANE('',#7962);
#492=PLANE('',#7964);
#493=PLANE('',#7966);
#494=PLANE('',#7968);
#495=PLANE('',#7969);
#496=PLANE('',#7970);
#497=PLANE('',#7971);
#498=PLANE('',#7972);
#499=PLANE('',#7979);
#500=PLANE('',#7980);
#501=PLANE('',#7981);
#502=PLANE('',#7982);
#503=PLANE('',#7985);
#504=PLANE('',#7986);
#505=FACE_OUTER_BOUND('',#861,.T.);
#506=FACE_OUTER_BOUND('',#862,.T.);
#507=FACE_OUTER_BOUND('',#863,.T.);
#508=FACE_OUTER_BOUND('',#864,.T.);
#509=FACE_OUTER_BOUND('',#865,.T.);
#510=FACE_OUTER_BOUND('',#866,.T.);
#511=FACE_OUTER_BOUND('',#867,.T.);
#512=FACE_OUTER_BOUND('',#868,.T.);
#513=FACE_OUTER_BOUND('',#869,.T.);
#514=FACE_OUTER_BOUND('',#870,.T.);
#515=FACE_OUTER_BOUND('',#871,.T.);
#516=FACE_OUTER_BOUND('',#872,.T.);
#517=FACE_OUTER_BOUND('',#873,.T.);
#518=FACE_OUTER_BOUND('',#874,.T.);
#519=FACE_OUTER_BOUND('',#875,.T.);
#520=FACE_OUTER_BOUND('',#876,.T.);
#521=FACE_OUTER_BOUND('',#877,.T.);
#522=FACE_OUTER_BOUND('',#878,.T.);
#523=FACE_OUTER_BOUND('',#879,.T.);
#524=FACE_OUTER_BOUND('',#880,.T.);
#525=FACE_OUTER_BOUND('',#881,.T.);
#526=FACE_OUTER_BOUND('',#882,.T.);
#527=FACE_OUTER_BOUND('',#883,.T.);
#528=FACE_OUTER_BOUND('',#884,.T.);
#529=FACE_OUTER_BOUND('',#956,.T.);
#530=FACE_OUTER_BOUND('',#957,.T.);
#531=FACE_OUTER_BOUND('',#958,.T.);
#532=FACE_OUTER_BOUND('',#959,.T.);
#533=FACE_OUTER_BOUND('',#960,.T.);
#534=FACE_OUTER_BOUND('',#961,.T.);
#535=FACE_OUTER_BOUND('',#962,.T.);
#536=FACE_OUTER_BOUND('',#963,.T.);
#537=FACE_OUTER_BOUND('',#964,.T.);
#538=FACE_OUTER_BOUND('',#965,.T.);
#539=FACE_OUTER_BOUND('',#966,.T.);
#540=FACE_OUTER_BOUND('',#967,.T.);
#541=FACE_OUTER_BOUND('',#968,.T.);
#542=FACE_OUTER_BOUND('',#969,.T.);
#543=FACE_OUTER_BOUND('',#970,.T.);
#544=FACE_OUTER_BOUND('',#971,.T.);
#545=FACE_OUTER_BOUND('',#972,.T.);
#546=FACE_OUTER_BOUND('',#973,.T.);
#547=FACE_OUTER_BOUND('',#974,.T.);
#548=FACE_OUTER_BOUND('',#975,.T.);
#549=FACE_OUTER_BOUND('',#976,.T.);
#550=FACE_OUTER_BOUND('',#977,.T.);
#551=FACE_OUTER_BOUND('',#978,.T.);
#552=FACE_OUTER_BOUND('',#979,.T.);
#553=FACE_OUTER_BOUND('',#980,.T.);
#554=FACE_OUTER_BOUND('',#981,.T.);
#555=FACE_OUTER_BOUND('',#982,.T.);
#556=FACE_OUTER_BOUND('',#983,.T.);
#557=FACE_OUTER_BOUND('',#984,.T.);
#558=FACE_OUTER_BOUND('',#985,.T.);
#559=FACE_OUTER_BOUND('',#986,.T.);
#560=FACE_OUTER_BOUND('',#987,.T.);
#561=FACE_OUTER_BOUND('',#988,.T.);
#562=FACE_OUTER_BOUND('',#989,.T.);
#563=FACE_OUTER_BOUND('',#990,.T.);
#564=FACE_OUTER_BOUND('',#991,.T.);
#565=FACE_OUTER_BOUND('',#992,.T.);
#566=FACE_OUTER_BOUND('',#993,.T.);
#567=FACE_OUTER_BOUND('',#994,.T.);
#568=FACE_OUTER_BOUND('',#995,.T.);
#569=FACE_OUTER_BOUND('',#996,.T.);
#570=FACE_OUTER_BOUND('',#997,.T.);
#571=FACE_OUTER_BOUND('',#998,.T.);
#572=FACE_OUTER_BOUND('',#999,.T.);
#573=FACE_OUTER_BOUND('',#1000,.T.);
#574=FACE_OUTER_BOUND('',#1001,.T.);
#575=FACE_OUTER_BOUND('',#1002,.T.);
#576=FACE_OUTER_BOUND('',#1003,.T.);
#577=FACE_OUTER_BOUND('',#1004,.T.);
#578=FACE_OUTER_BOUND('',#1005,.T.);
#579=FACE_OUTER_BOUND('',#1006,.T.);
#580=FACE_OUTER_BOUND('',#1007,.T.);
#581=FACE_OUTER_BOUND('',#1008,.T.);
#582=FACE_OUTER_BOUND('',#1009,.T.);
#583=FACE_OUTER_BOUND('',#1010,.T.);
#584=FACE_OUTER_BOUND('',#1011,.T.);
#585=FACE_OUTER_BOUND('',#1012,.T.);
#586=FACE_OUTER_BOUND('',#1013,.T.);
#587=FACE_OUTER_BOUND('',#1014,.T.);
#588=FACE_OUTER_BOUND('',#1015,.T.);
#589=FACE_OUTER_BOUND('',#1016,.T.);
#590=FACE_OUTER_BOUND('',#1017,.T.);
#591=FACE_OUTER_BOUND('',#1018,.T.);
#592=FACE_OUTER_BOUND('',#1019,.T.);
#593=FACE_OUTER_BOUND('',#1020,.T.);
#594=FACE_OUTER_BOUND('',#1021,.T.);
#595=FACE_OUTER_BOUND('',#1022,.T.);
#596=FACE_OUTER_BOUND('',#1023,.T.);
#597=FACE_OUTER_BOUND('',#1024,.T.);
#598=FACE_OUTER_BOUND('',#1025,.T.);
#599=FACE_OUTER_BOUND('',#1026,.T.);
#600=FACE_OUTER_BOUND('',#1027,.T.);
#601=FACE_OUTER_BOUND('',#1028,.T.);
#602=FACE_OUTER_BOUND('',#1029,.T.);
#603=FACE_OUTER_BOUND('',#1030,.T.);
#604=FACE_OUTER_BOUND('',#1031,.T.);
#605=FACE_OUTER_BOUND('',#1032,.T.);
#606=FACE_OUTER_BOUND('',#1033,.T.);
#607=FACE_OUTER_BOUND('',#1034,.T.);
#608=FACE_OUTER_BOUND('',#1035,.T.);
#609=FACE_OUTER_BOUND('',#1036,.T.);
#610=FACE_OUTER_BOUND('',#1037,.T.);
#611=FACE_OUTER_BOUND('',#1038,.T.);
#612=FACE_OUTER_BOUND('',#1039,.T.);
#613=FACE_OUTER_BOUND('',#1040,.T.);
#614=FACE_OUTER_BOUND('',#1041,.T.);
#615=FACE_OUTER_BOUND('',#1042,.T.);
#616=FACE_OUTER_BOUND('',#1043,.T.);
#617=FACE_OUTER_BOUND('',#1044,.T.);
#618=FACE_OUTER_BOUND('',#1045,.T.);
#619=FACE_OUTER_BOUND('',#1046,.T.);
#620=FACE_OUTER_BOUND('',#1047,.T.);
#621=FACE_OUTER_BOUND('',#1048,.T.);
#622=FACE_OUTER_BOUND('',#1049,.T.);
#623=FACE_OUTER_BOUND('',#1050,.T.);
#624=FACE_OUTER_BOUND('',#1051,.T.);
#625=FACE_OUTER_BOUND('',#1052,.T.);
#626=FACE_OUTER_BOUND('',#1053,.T.);
#627=FACE_OUTER_BOUND('',#1054,.T.);
#628=FACE_OUTER_BOUND('',#1055,.T.);
#629=FACE_OUTER_BOUND('',#1056,.T.);
#630=FACE_OUTER_BOUND('',#1057,.T.);
#631=FACE_OUTER_BOUND('',#1058,.T.);
#632=FACE_OUTER_BOUND('',#1059,.T.);
#633=FACE_OUTER_BOUND('',#1060,.T.);
#634=FACE_OUTER_BOUND('',#1061,.T.);
#635=FACE_OUTER_BOUND('',#1062,.T.);
#636=FACE_OUTER_BOUND('',#1063,.T.);
#637=FACE_OUTER_BOUND('',#1064,.T.);
#638=FACE_OUTER_BOUND('',#1065,.T.);
#639=FACE_OUTER_BOUND('',#1066,.T.);
#640=FACE_OUTER_BOUND('',#1067,.T.);
#641=FACE_OUTER_BOUND('',#1068,.T.);
#642=FACE_OUTER_BOUND('',#1069,.T.);
#643=FACE_OUTER_BOUND('',#1070,.T.);
#644=FACE_OUTER_BOUND('',#1071,.T.);
#645=FACE_OUTER_BOUND('',#1072,.T.);
#646=FACE_OUTER_BOUND('',#1073,.T.);
#647=FACE_OUTER_BOUND('',#1074,.T.);
#648=FACE_OUTER_BOUND('',#1075,.T.);
#649=FACE_OUTER_BOUND('',#1076,.T.);
#650=FACE_OUTER_BOUND('',#1077,.T.);
#651=FACE_OUTER_BOUND('',#1078,.T.);
#652=FACE_OUTER_BOUND('',#1079,.T.);
#653=FACE_OUTER_BOUND('',#1080,.T.);
#654=FACE_OUTER_BOUND('',#1081,.T.);
#655=FACE_OUTER_BOUND('',#1082,.T.);
#656=FACE_OUTER_BOUND('',#1083,.T.);
#657=FACE_OUTER_BOUND('',#1084,.T.);
#658=FACE_OUTER_BOUND('',#1085,.T.);
#659=FACE_OUTER_BOUND('',#1086,.T.);
#660=FACE_OUTER_BOUND('',#1087,.T.);
#661=FACE_OUTER_BOUND('',#1088,.T.);
#662=FACE_OUTER_BOUND('',#1089,.T.);
#663=FACE_OUTER_BOUND('',#1090,.T.);
#664=FACE_OUTER_BOUND('',#1091,.T.);
#665=FACE_OUTER_BOUND('',#1092,.T.);
#666=FACE_OUTER_BOUND('',#1093,.T.);
#667=FACE_OUTER_BOUND('',#1094,.T.);
#668=FACE_OUTER_BOUND('',#1095,.T.);
#669=FACE_OUTER_BOUND('',#1096,.T.);
#670=FACE_OUTER_BOUND('',#1097,.T.);
#671=FACE_OUTER_BOUND('',#1098,.T.);
#672=FACE_OUTER_BOUND('',#1099,.T.);
#673=FACE_OUTER_BOUND('',#1100,.T.);
#674=FACE_OUTER_BOUND('',#1101,.T.);
#675=FACE_OUTER_BOUND('',#1102,.T.);
#676=FACE_OUTER_BOUND('',#1103,.T.);
#677=FACE_OUTER_BOUND('',#1104,.T.);
#678=FACE_OUTER_BOUND('',#1105,.T.);
#679=FACE_OUTER_BOUND('',#1106,.T.);
#680=FACE_OUTER_BOUND('',#1107,.T.);
#681=FACE_OUTER_BOUND('',#1108,.T.);
#682=FACE_OUTER_BOUND('',#1109,.T.);
#683=FACE_OUTER_BOUND('',#1110,.T.);
#684=FACE_OUTER_BOUND('',#1111,.T.);
#685=FACE_OUTER_BOUND('',#1112,.T.);
#686=FACE_OUTER_BOUND('',#1113,.T.);
#687=FACE_OUTER_BOUND('',#1114,.T.);
#688=FACE_OUTER_BOUND('',#1115,.T.);
#689=FACE_OUTER_BOUND('',#1116,.T.);
#690=FACE_OUTER_BOUND('',#1117,.T.);
#691=FACE_OUTER_BOUND('',#1118,.T.);
#692=FACE_OUTER_BOUND('',#1119,.T.);
#693=FACE_OUTER_BOUND('',#1120,.T.);
#694=FACE_OUTER_BOUND('',#1121,.T.);
#695=FACE_OUTER_BOUND('',#1122,.T.);
#696=FACE_OUTER_BOUND('',#1123,.T.);
#697=FACE_OUTER_BOUND('',#1124,.T.);
#698=FACE_OUTER_BOUND('',#1125,.T.);
#699=FACE_OUTER_BOUND('',#1126,.T.);
#700=FACE_OUTER_BOUND('',#1127,.T.);
#701=FACE_OUTER_BOUND('',#1128,.T.);
#702=FACE_OUTER_BOUND('',#1129,.T.);
#703=FACE_OUTER_BOUND('',#1130,.T.);
#704=FACE_OUTER_BOUND('',#1131,.T.);
#705=FACE_OUTER_BOUND('',#1132,.T.);
#706=FACE_OUTER_BOUND('',#1133,.T.);
#707=FACE_OUTER_BOUND('',#1134,.T.);
#708=FACE_OUTER_BOUND('',#1135,.T.);
#709=FACE_OUTER_BOUND('',#1136,.T.);
#710=FACE_OUTER_BOUND('',#1137,.T.);
#711=FACE_OUTER_BOUND('',#1138,.T.);
#712=FACE_OUTER_BOUND('',#1139,.T.);
#713=FACE_OUTER_BOUND('',#1140,.T.);
#714=FACE_OUTER_BOUND('',#1141,.T.);
#715=FACE_OUTER_BOUND('',#1142,.T.);
#716=FACE_OUTER_BOUND('',#1143,.T.);
#717=FACE_OUTER_BOUND('',#1144,.T.);
#718=FACE_OUTER_BOUND('',#1145,.T.);
#719=FACE_OUTER_BOUND('',#1146,.T.);
#720=FACE_OUTER_BOUND('',#1147,.T.);
#721=FACE_OUTER_BOUND('',#1148,.T.);
#722=FACE_OUTER_BOUND('',#1149,.T.);
#723=FACE_OUTER_BOUND('',#1150,.T.);
#724=FACE_OUTER_BOUND('',#1151,.T.);
#725=FACE_OUTER_BOUND('',#1152,.T.);
#726=FACE_OUTER_BOUND('',#1153,.T.);
#727=FACE_OUTER_BOUND('',#1154,.T.);
#728=FACE_OUTER_BOUND('',#1155,.T.);
#729=FACE_OUTER_BOUND('',#1156,.T.);
#730=FACE_OUTER_BOUND('',#1157,.T.);
#731=FACE_OUTER_BOUND('',#1158,.T.);
#732=FACE_OUTER_BOUND('',#1159,.T.);
#733=FACE_OUTER_BOUND('',#1160,.T.);
#734=FACE_OUTER_BOUND('',#1161,.T.);
#735=FACE_OUTER_BOUND('',#1162,.T.);
#736=FACE_OUTER_BOUND('',#1163,.T.);
#737=FACE_OUTER_BOUND('',#1164,.T.);
#738=FACE_OUTER_BOUND('',#1165,.T.);
#739=FACE_OUTER_BOUND('',#1166,.T.);
#740=FACE_OUTER_BOUND('',#1167,.T.);
#741=FACE_OUTER_BOUND('',#1168,.T.);
#742=FACE_OUTER_BOUND('',#1169,.T.);
#743=FACE_OUTER_BOUND('',#1170,.T.);
#744=FACE_OUTER_BOUND('',#1171,.T.);
#745=FACE_OUTER_BOUND('',#1172,.T.);
#746=FACE_OUTER_BOUND('',#1173,.T.);
#747=FACE_OUTER_BOUND('',#1174,.T.);
#748=FACE_OUTER_BOUND('',#1175,.T.);
#749=FACE_OUTER_BOUND('',#1176,.T.);
#750=FACE_OUTER_BOUND('',#1177,.T.);
#751=FACE_OUTER_BOUND('',#1178,.T.);
#752=FACE_OUTER_BOUND('',#1179,.T.);
#753=FACE_OUTER_BOUND('',#1180,.T.);
#754=FACE_OUTER_BOUND('',#1181,.T.);
#755=FACE_OUTER_BOUND('',#1182,.T.);
#756=FACE_OUTER_BOUND('',#1183,.T.);
#757=FACE_OUTER_BOUND('',#1184,.T.);
#758=FACE_OUTER_BOUND('',#1185,.T.);
#759=FACE_OUTER_BOUND('',#1186,.T.);
#760=FACE_OUTER_BOUND('',#1187,.T.);
#761=FACE_OUTER_BOUND('',#1188,.T.);
#762=FACE_OUTER_BOUND('',#1189,.T.);
#763=FACE_OUTER_BOUND('',#1190,.T.);
#764=FACE_OUTER_BOUND('',#1191,.T.);
#765=FACE_OUTER_BOUND('',#1192,.T.);
#766=FACE_OUTER_BOUND('',#1193,.T.);
#767=FACE_OUTER_BOUND('',#1194,.T.);
#768=FACE_OUTER_BOUND('',#1195,.T.);
#769=FACE_OUTER_BOUND('',#1196,.T.);
#770=FACE_OUTER_BOUND('',#1197,.T.);
#771=FACE_OUTER_BOUND('',#1198,.T.);
#772=FACE_OUTER_BOUND('',#1199,.T.);
#773=FACE_OUTER_BOUND('',#1200,.T.);
#774=FACE_OUTER_BOUND('',#1201,.T.);
#775=FACE_OUTER_BOUND('',#1202,.T.);
#776=FACE_OUTER_BOUND('',#1203,.T.);
#777=FACE_OUTER_BOUND('',#1204,.T.);
#778=FACE_OUTER_BOUND('',#1205,.T.);
#779=FACE_OUTER_BOUND('',#1206,.T.);
#780=FACE_OUTER_BOUND('',#1207,.T.);
#781=FACE_OUTER_BOUND('',#1208,.T.);
#782=FACE_OUTER_BOUND('',#1209,.T.);
#783=FACE_OUTER_BOUND('',#1210,.T.);
#784=FACE_OUTER_BOUND('',#1211,.T.);
#785=FACE_OUTER_BOUND('',#1212,.T.);
#786=FACE_OUTER_BOUND('',#1213,.T.);
#787=FACE_OUTER_BOUND('',#1214,.T.);
#788=FACE_OUTER_BOUND('',#1215,.T.);
#789=FACE_OUTER_BOUND('',#1216,.T.);
#790=FACE_OUTER_BOUND('',#1217,.T.);
#791=FACE_OUTER_BOUND('',#1218,.T.);
#792=FACE_OUTER_BOUND('',#1219,.T.);
#793=FACE_OUTER_BOUND('',#1220,.T.);
#794=FACE_OUTER_BOUND('',#1221,.T.);
#795=FACE_OUTER_BOUND('',#1293,.T.);
#796=FACE_OUTER_BOUND('',#1294,.T.);
#797=FACE_OUTER_BOUND('',#1295,.T.);
#798=FACE_OUTER_BOUND('',#1296,.T.);
#799=FACE_OUTER_BOUND('',#1297,.T.);
#800=FACE_OUTER_BOUND('',#1298,.T.);
#801=FACE_OUTER_BOUND('',#1307,.T.);
#802=FACE_OUTER_BOUND('',#1308,.T.);
#803=FACE_OUTER_BOUND('',#1309,.T.);
#804=FACE_OUTER_BOUND('',#1310,.T.);
#805=FACE_OUTER_BOUND('',#1311,.T.);
#806=FACE_OUTER_BOUND('',#1312,.T.);
#807=FACE_OUTER_BOUND('',#1322,.T.);
#808=FACE_OUTER_BOUND('',#1323,.T.);
#809=FACE_OUTER_BOUND('',#1324,.T.);
#810=FACE_OUTER_BOUND('',#1325,.T.);
#811=FACE_OUTER_BOUND('',#1326,.T.);
#812=FACE_OUTER_BOUND('',#1327,.T.);
#813=FACE_OUTER_BOUND('',#1328,.T.);
#814=FACE_OUTER_BOUND('',#1329,.T.);
#815=FACE_OUTER_BOUND('',#1330,.T.);
#816=FACE_OUTER_BOUND('',#1331,.T.);
#817=FACE_OUTER_BOUND('',#1332,.T.);
#818=FACE_OUTER_BOUND('',#1333,.T.);
#819=FACE_OUTER_BOUND('',#1334,.T.);
#820=FACE_OUTER_BOUND('',#1335,.T.);
#821=FACE_OUTER_BOUND('',#1336,.T.);
#822=FACE_OUTER_BOUND('',#1337,.T.);
#823=FACE_OUTER_BOUND('',#1338,.T.);
#824=FACE_OUTER_BOUND('',#1339,.T.);
#825=FACE_OUTER_BOUND('',#1340,.T.);
#826=FACE_OUTER_BOUND('',#1341,.T.);
#827=FACE_OUTER_BOUND('',#1342,.T.);
#828=FACE_OUTER_BOUND('',#1343,.T.);
#829=FACE_OUTER_BOUND('',#1344,.T.);
#830=FACE_OUTER_BOUND('',#1345,.T.);
#831=FACE_OUTER_BOUND('',#1346,.T.);
#832=FACE_OUTER_BOUND('',#1347,.T.);
#833=FACE_OUTER_BOUND('',#1348,.T.);
#834=FACE_OUTER_BOUND('',#1349,.T.);
#835=FACE_OUTER_BOUND('',#1350,.T.);
#836=FACE_OUTER_BOUND('',#1352,.T.);
#837=FACE_OUTER_BOUND('',#1354,.T.);
#838=FACE_OUTER_BOUND('',#1355,.T.);
#839=FACE_OUTER_BOUND('',#1356,.T.);
#840=FACE_OUTER_BOUND('',#1357,.T.);
#841=FACE_OUTER_BOUND('',#1358,.T.);
#842=FACE_OUTER_BOUND('',#1359,.T.);
#843=FACE_OUTER_BOUND('',#1360,.T.);
#844=FACE_OUTER_BOUND('',#1361,.T.);
#845=FACE_OUTER_BOUND('',#1362,.T.);
#846=FACE_OUTER_BOUND('',#1363,.T.);
#847=FACE_OUTER_BOUND('',#1365,.T.);
#848=FACE_OUTER_BOUND('',#1366,.T.);
#849=FACE_OUTER_BOUND('',#1367,.T.);
#850=FACE_OUTER_BOUND('',#1368,.T.);
#851=FACE_OUTER_BOUND('',#1369,.T.);
#852=FACE_OUTER_BOUND('',#1370,.T.);
#853=FACE_OUTER_BOUND('',#1371,.T.);
#854=FACE_OUTER_BOUND('',#1372,.T.);
#855=FACE_OUTER_BOUND('',#1373,.T.);
#856=FACE_OUTER_BOUND('',#1375,.T.);
#857=FACE_OUTER_BOUND('',#1376,.T.);
#858=FACE_OUTER_BOUND('',#1377,.T.);
#859=FACE_OUTER_BOUND('',#1378,.T.);
#860=FACE_OUTER_BOUND('',#1379,.T.);
#861=EDGE_LOOP('',(#5093,#5094,#5095,#5096));
#862=EDGE_LOOP('',(#5097,#5098,#5099,#5100));
#863=EDGE_LOOP('',(#5101,#5102,#5103,#5104));
#864=EDGE_LOOP('',(#5105,#5106,#5107,#5108));
#865=EDGE_LOOP('',(#5109,#5110,#5111,#5112));
#866=EDGE_LOOP('',(#5113,#5114,#5115,#5116));
#867=EDGE_LOOP('',(#5117,#5118,#5119,#5120));
#868=EDGE_LOOP('',(#5121,#5122,#5123,#5124));
#869=EDGE_LOOP('',(#5125,#5126,#5127,#5128));
#870=EDGE_LOOP('',(#5129,#5130,#5131,#5132));
#871=EDGE_LOOP('',(#5133,#5134,#5135,#5136));
#872=EDGE_LOOP('',(#5137,#5138,#5139,#5140));
#873=EDGE_LOOP('',(#5141,#5142,#5143,#5144));
#874=EDGE_LOOP('',(#5145,#5146,#5147,#5148));
#875=EDGE_LOOP('',(#5149,#5150,#5151,#5152));
#876=EDGE_LOOP('',(#5153,#5154,#5155,#5156));
#877=EDGE_LOOP('',(#5157,#5158,#5159,#5160));
#878=EDGE_LOOP('',(#5161,#5162,#5163,#5164));
#879=EDGE_LOOP('',(#5165,#5166,#5167,#5168));
#880=EDGE_LOOP('',(#5169,#5170,#5171,#5172));
#881=EDGE_LOOP('',(#5173,#5174,#5175,#5176));
#882=EDGE_LOOP('',(#5177,#5178,#5179,#5180));
#883=EDGE_LOOP('',(#5181,#5182,#5183,#5184));
#884=EDGE_LOOP('',(#5185,#5186,#5187,#5188,#5189,#5190,#5191,#5192));
#885=EDGE_LOOP('',(#5193,#5194,#5195,#5196));
#886=EDGE_LOOP('',(#5197,#5198,#5199,#5200));
#887=EDGE_LOOP('',(#5201,#5202,#5203,#5204));
#888=EDGE_LOOP('',(#5205,#5206,#5207,#5208));
#889=EDGE_LOOP('',(#5209,#5210,#5211,#5212));
#890=EDGE_LOOP('',(#5213,#5214,#5215,#5216));
#891=EDGE_LOOP('',(#5217,#5218,#5219,#5220));
#892=EDGE_LOOP('',(#5221,#5222,#5223,#5224));
#893=EDGE_LOOP('',(#5225,#5226,#5227,#5228));
#894=EDGE_LOOP('',(#5229,#5230,#5231,#5232));
#895=EDGE_LOOP('',(#5233,#5234,#5235,#5236));
#896=EDGE_LOOP('',(#5237,#5238,#5239,#5240));
#897=EDGE_LOOP('',(#5241,#5242,#5243,#5244));
#898=EDGE_LOOP('',(#5245,#5246,#5247,#5248));
#899=EDGE_LOOP('',(#5249,#5250,#5251,#5252));
#900=EDGE_LOOP('',(#5253,#5254,#5255,#5256));
#901=EDGE_LOOP('',(#5257,#5258,#5259,#5260));
#902=EDGE_LOOP('',(#5261,#5262,#5263,#5264));
#903=EDGE_LOOP('',(#5265,#5266,#5267,#5268));
#904=EDGE_LOOP('',(#5269,#5270,#5271,#5272));
#905=EDGE_LOOP('',(#5273,#5274,#5275,#5276));
#906=EDGE_LOOP('',(#5277,#5278,#5279,#5280));
#907=EDGE_LOOP('',(#5281,#5282,#5283,#5284));
#908=EDGE_LOOP('',(#5285,#5286,#5287,#5288));
#909=EDGE_LOOP('',(#5289,#5290,#5291,#5292));
#910=EDGE_LOOP('',(#5293,#5294,#5295,#5296));
#911=EDGE_LOOP('',(#5297,#5298,#5299,#5300));
#912=EDGE_LOOP('',(#5301,#5302,#5303,#5304));
#913=EDGE_LOOP('',(#5305,#5306,#5307,#5308));
#914=EDGE_LOOP('',(#5309,#5310,#5311,#5312));
#915=EDGE_LOOP('',(#5313,#5314,#5315,#5316));
#916=EDGE_LOOP('',(#5317,#5318,#5319,#5320));
#917=EDGE_LOOP('',(#5321,#5322,#5323,#5324));
#918=EDGE_LOOP('',(#5325,#5326,#5327,#5328));
#919=EDGE_LOOP('',(#5329,#5330,#5331,#5332));
#920=EDGE_LOOP('',(#5333,#5334,#5335,#5336));
#921=EDGE_LOOP('',(#5337,#5338,#5339,#5340));
#922=EDGE_LOOP('',(#5341,#5342,#5343,#5344));
#923=EDGE_LOOP('',(#5345,#5346,#5347,#5348));
#924=EDGE_LOOP('',(#5349,#5350,#5351,#5352));
#925=EDGE_LOOP('',(#5353,#5354,#5355,#5356));
#926=EDGE_LOOP('',(#5357,#5358,#5359,#5360));
#927=EDGE_LOOP('',(#5361,#5362,#5363,#5364));
#928=EDGE_LOOP('',(#5365,#5366,#5367,#5368));
#929=EDGE_LOOP('',(#5369,#5370,#5371,#5372));
#930=EDGE_LOOP('',(#5373,#5374,#5375,#5376));
#931=EDGE_LOOP('',(#5377,#5378,#5379,#5380));
#932=EDGE_LOOP('',(#5381,#5382,#5383,#5384));
#933=EDGE_LOOP('',(#5385,#5386,#5387,#5388));
#934=EDGE_LOOP('',(#5389,#5390,#5391,#5392));
#935=EDGE_LOOP('',(#5393,#5394,#5395,#5396));
#936=EDGE_LOOP('',(#5397,#5398,#5399,#5400));
#937=EDGE_LOOP('',(#5401,#5402,#5403,#5404));
#938=EDGE_LOOP('',(#5405,#5406,#5407,#5408));
#939=EDGE_LOOP('',(#5409,#5410,#5411,#5412));
#940=EDGE_LOOP('',(#5413,#5414,#5415,#5416));
#941=EDGE_LOOP('',(#5417,#5418,#5419,#5420));
#942=EDGE_LOOP('',(#5421,#5422,#5423,#5424));
#943=EDGE_LOOP('',(#5425,#5426,#5427,#5428));
#944=EDGE_LOOP('',(#5429,#5430,#5431,#5432));
#945=EDGE_LOOP('',(#5433,#5434,#5435,#5436));
#946=EDGE_LOOP('',(#5437,#5438,#5439,#5440));
#947=EDGE_LOOP('',(#5441,#5442,#5443,#5444));
#948=EDGE_LOOP('',(#5445,#5446,#5447,#5448));
#949=EDGE_LOOP('',(#5449,#5450,#5451,#5452));
#950=EDGE_LOOP('',(#5453,#5454,#5455,#5456,#5457,#5458,#5459,#5460));
#951=EDGE_LOOP('',(#5461,#5462,#5463,#5464,#5465,#5466,#5467,#5468));
#952=EDGE_LOOP('',(#5469));
#953=EDGE_LOOP('',(#5470));
#954=EDGE_LOOP('',(#5471));
#955=EDGE_LOOP('',(#5472));
#956=EDGE_LOOP('',(#5473,#5474,#5475,#5476));
#957=EDGE_LOOP('',(#5477,#5478,#5479,#5480));
#958=EDGE_LOOP('',(#5481,#5482,#5483,#5484));
#959=EDGE_LOOP('',(#5485,#5486,#5487,#5488));
#960=EDGE_LOOP('',(#5489,#5490,#5491,#5492));
#961=EDGE_LOOP('',(#5493,#5494,#5495,#5496));
#962=EDGE_LOOP('',(#5497,#5498,#5499,#5500));
#963=EDGE_LOOP('',(#5501,#5502,#5503,#5504));
#964=EDGE_LOOP('',(#5505,#5506,#5507,#5508));
#965=EDGE_LOOP('',(#5509,#5510,#5511,#5512));
#966=EDGE_LOOP('',(#5513,#5514,#5515,#5516));
#967=EDGE_LOOP('',(#5517,#5518,#5519,#5520));
#968=EDGE_LOOP('',(#5521,#5522,#5523,#5524));
#969=EDGE_LOOP('',(#5525,#5526,#5527,#5528));
#970=EDGE_LOOP('',(#5529,#5530,#5531,#5532));
#971=EDGE_LOOP('',(#5533,#5534,#5535,#5536));
#972=EDGE_LOOP('',(#5537,#5538,#5539,#5540));
#973=EDGE_LOOP('',(#5541,#5542,#5543,#5544));
#974=EDGE_LOOP('',(#5545,#5546,#5547,#5548));
#975=EDGE_LOOP('',(#5549,#5550,#5551,#5552));
#976=EDGE_LOOP('',(#5553,#5554,#5555,#5556));
#977=EDGE_LOOP('',(#5557,#5558,#5559,#5560));
#978=EDGE_LOOP('',(#5561,#5562,#5563,#5564));
#979=EDGE_LOOP('',(#5565,#5566,#5567,#5568));
#980=EDGE_LOOP('',(#5569,#5570,#5571,#5572));
#981=EDGE_LOOP('',(#5573,#5574,#5575,#5576));
#982=EDGE_LOOP('',(#5577,#5578,#5579,#5580));
#983=EDGE_LOOP('',(#5581,#5582,#5583,#5584));
#984=EDGE_LOOP('',(#5585,#5586,#5587,#5588));
#985=EDGE_LOOP('',(#5589,#5590,#5591,#5592));
#986=EDGE_LOOP('',(#5593,#5594,#5595,#5596));
#987=EDGE_LOOP('',(#5597,#5598,#5599,#5600));
#988=EDGE_LOOP('',(#5601,#5602,#5603,#5604));
#989=EDGE_LOOP('',(#5605,#5606,#5607,#5608));
#990=EDGE_LOOP('',(#5609,#5610,#5611,#5612));
#991=EDGE_LOOP('',(#5613,#5614,#5615,#5616));
#992=EDGE_LOOP('',(#5617,#5618,#5619,#5620));
#993=EDGE_LOOP('',(#5621,#5622,#5623,#5624));
#994=EDGE_LOOP('',(#5625,#5626,#5627,#5628));
#995=EDGE_LOOP('',(#5629,#5630,#5631,#5632));
#996=EDGE_LOOP('',(#5633,#5634,#5635,#5636));
#997=EDGE_LOOP('',(#5637,#5638,#5639,#5640));
#998=EDGE_LOOP('',(#5641,#5642,#5643,#5644));
#999=EDGE_LOOP('',(#5645,#5646,#5647,#5648));
#1000=EDGE_LOOP('',(#5649,#5650,#5651,#5652));
#1001=EDGE_LOOP('',(#5653,#5654,#5655,#5656));
#1002=EDGE_LOOP('',(#5657,#5658,#5659,#5660));
#1003=EDGE_LOOP('',(#5661,#5662,#5663,#5664));
#1004=EDGE_LOOP('',(#5665,#5666,#5667,#5668));
#1005=EDGE_LOOP('',(#5669,#5670,#5671,#5672));
#1006=EDGE_LOOP('',(#5673,#5674,#5675,#5676));
#1007=EDGE_LOOP('',(#5677,#5678,#5679,#5680));
#1008=EDGE_LOOP('',(#5681,#5682,#5683,#5684));
#1009=EDGE_LOOP('',(#5685,#5686,#5687,#5688));
#1010=EDGE_LOOP('',(#5689,#5690,#5691,#5692));
#1011=EDGE_LOOP('',(#5693,#5694,#5695,#5696));
#1012=EDGE_LOOP('',(#5697,#5698,#5699,#5700));
#1013=EDGE_LOOP('',(#5701,#5702,#5703,#5704));
#1014=EDGE_LOOP('',(#5705,#5706,#5707,#5708));
#1015=EDGE_LOOP('',(#5709,#5710,#5711,#5712));
#1016=EDGE_LOOP('',(#5713,#5714,#5715,#5716));
#1017=EDGE_LOOP('',(#5717,#5718,#5719,#5720));
#1018=EDGE_LOOP('',(#5721,#5722,#5723,#5724));
#1019=EDGE_LOOP('',(#5725,#5726,#5727,#5728));
#1020=EDGE_LOOP('',(#5729,#5730,#5731,#5732));
#1021=EDGE_LOOP('',(#5733,#5734,#5735,#5736));
#1022=EDGE_LOOP('',(#5737,#5738,#5739,#5740));
#1023=EDGE_LOOP('',(#5741,#5742,#5743,#5744));
#1024=EDGE_LOOP('',(#5745,#5746,#5747,#5748));
#1025=EDGE_LOOP('',(#5749,#5750,#5751,#5752));
#1026=EDGE_LOOP('',(#5753,#5754,#5755,#5756));
#1027=EDGE_LOOP('',(#5757,#5758,#5759,#5760));
#1028=EDGE_LOOP('',(#5761,#5762,#5763,#5764));
#1029=EDGE_LOOP('',(#5765,#5766,#5767,#5768));
#1030=EDGE_LOOP('',(#5769,#5770,#5771,#5772));
#1031=EDGE_LOOP('',(#5773,#5774,#5775,#5776));
#1032=EDGE_LOOP('',(#5777,#5778,#5779,#5780));
#1033=EDGE_LOOP('',(#5781,#5782,#5783,#5784));
#1034=EDGE_LOOP('',(#5785,#5786,#5787,#5788));
#1035=EDGE_LOOP('',(#5789,#5790,#5791,#5792));
#1036=EDGE_LOOP('',(#5793,#5794,#5795,#5796));
#1037=EDGE_LOOP('',(#5797,#5798,#5799,#5800));
#1038=EDGE_LOOP('',(#5801,#5802,#5803,#5804));
#1039=EDGE_LOOP('',(#5805,#5806,#5807,#5808));
#1040=EDGE_LOOP('',(#5809,#5810,#5811,#5812));
#1041=EDGE_LOOP('',(#5813,#5814,#5815,#5816));
#1042=EDGE_LOOP('',(#5817,#5818,#5819,#5820));
#1043=EDGE_LOOP('',(#5821,#5822,#5823,#5824));
#1044=EDGE_LOOP('',(#5825,#5826,#5827,#5828));
#1045=EDGE_LOOP('',(#5829,#5830,#5831,#5832));
#1046=EDGE_LOOP('',(#5833,#5834,#5835,#5836));
#1047=EDGE_LOOP('',(#5837,#5838,#5839,#5840));
#1048=EDGE_LOOP('',(#5841,#5842,#5843,#5844));
#1049=EDGE_LOOP('',(#5845,#5846,#5847,#5848));
#1050=EDGE_LOOP('',(#5849,#5850,#5851,#5852));
#1051=EDGE_LOOP('',(#5853,#5854,#5855,#5856));
#1052=EDGE_LOOP('',(#5857,#5858,#5859,#5860));
#1053=EDGE_LOOP('',(#5861,#5862,#5863,#5864));
#1054=EDGE_LOOP('',(#5865,#5866,#5867,#5868));
#1055=EDGE_LOOP('',(#5869,#5870,#5871,#5872));
#1056=EDGE_LOOP('',(#5873,#5874,#5875,#5876));
#1057=EDGE_LOOP('',(#5877,#5878,#5879,#5880));
#1058=EDGE_LOOP('',(#5881,#5882,#5883,#5884));
#1059=EDGE_LOOP('',(#5885,#5886,#5887,#5888));
#1060=EDGE_LOOP('',(#5889,#5890,#5891,#5892));
#1061=EDGE_LOOP('',(#5893,#5894,#5895,#5896));
#1062=EDGE_LOOP('',(#5897,#5898,#5899,#5900));
#1063=EDGE_LOOP('',(#5901,#5902,#5903,#5904));
#1064=EDGE_LOOP('',(#5905,#5906,#5907,#5908));
#1065=EDGE_LOOP('',(#5909,#5910,#5911,#5912));
#1066=EDGE_LOOP('',(#5913,#5914,#5915,#5916));
#1067=EDGE_LOOP('',(#5917,#5918,#5919,#5920));
#1068=EDGE_LOOP('',(#5921,#5922,#5923,#5924));
#1069=EDGE_LOOP('',(#5925,#5926,#5927,#5928));
#1070=EDGE_LOOP('',(#5929,#5930,#5931,#5932));
#1071=EDGE_LOOP('',(#5933,#5934,#5935,#5936));
#1072=EDGE_LOOP('',(#5937,#5938,#5939,#5940));
#1073=EDGE_LOOP('',(#5941,#5942,#5943,#5944));
#1074=EDGE_LOOP('',(#5945,#5946,#5947,#5948));
#1075=EDGE_LOOP('',(#5949,#5950,#5951,#5952));
#1076=EDGE_LOOP('',(#5953,#5954,#5955,#5956));
#1077=EDGE_LOOP('',(#5957,#5958,#5959,#5960));
#1078=EDGE_LOOP('',(#5961,#5962,#5963,#5964));
#1079=EDGE_LOOP('',(#5965,#5966,#5967,#5968));
#1080=EDGE_LOOP('',(#5969,#5970,#5971,#5972));
#1081=EDGE_LOOP('',(#5973,#5974,#5975,#5976));
#1082=EDGE_LOOP('',(#5977,#5978,#5979,#5980));
#1083=EDGE_LOOP('',(#5981,#5982,#5983,#5984));
#1084=EDGE_LOOP('',(#5985,#5986,#5987,#5988));
#1085=EDGE_LOOP('',(#5989,#5990,#5991,#5992));
#1086=EDGE_LOOP('',(#5993,#5994,#5995,#5996));
#1087=EDGE_LOOP('',(#5997,#5998,#5999,#6000));
#1088=EDGE_LOOP('',(#6001,#6002,#6003,#6004));
#1089=EDGE_LOOP('',(#6005,#6006,#6007,#6008));
#1090=EDGE_LOOP('',(#6009,#6010,#6011,#6012));
#1091=EDGE_LOOP('',(#6013,#6014,#6015,#6016));
#1092=EDGE_LOOP('',(#6017,#6018,#6019,#6020));
#1093=EDGE_LOOP('',(#6021,#6022,#6023,#6024));
#1094=EDGE_LOOP('',(#6025,#6026,#6027,#6028));
#1095=EDGE_LOOP('',(#6029,#6030,#6031,#6032));
#1096=EDGE_LOOP('',(#6033,#6034,#6035,#6036));
#1097=EDGE_LOOP('',(#6037,#6038,#6039,#6040));
#1098=EDGE_LOOP('',(#6041,#6042,#6043,#6044));
#1099=EDGE_LOOP('',(#6045,#6046,#6047,#6048));
#1100=EDGE_LOOP('',(#6049,#6050,#6051,#6052));
#1101=EDGE_LOOP('',(#6053,#6054,#6055,#6056));
#1102=EDGE_LOOP('',(#6057,#6058,#6059,#6060));
#1103=EDGE_LOOP('',(#6061,#6062,#6063,#6064));
#1104=EDGE_LOOP('',(#6065,#6066,#6067,#6068));
#1105=EDGE_LOOP('',(#6069,#6070,#6071,#6072));
#1106=EDGE_LOOP('',(#6073,#6074,#6075,#6076));
#1107=EDGE_LOOP('',(#6077,#6078,#6079,#6080));
#1108=EDGE_LOOP('',(#6081,#6082,#6083,#6084));
#1109=EDGE_LOOP('',(#6085,#6086,#6087,#6088));
#1110=EDGE_LOOP('',(#6089,#6090,#6091,#6092));
#1111=EDGE_LOOP('',(#6093,#6094,#6095,#6096));
#1112=EDGE_LOOP('',(#6097,#6098,#6099,#6100));
#1113=EDGE_LOOP('',(#6101,#6102,#6103,#6104));
#1114=EDGE_LOOP('',(#6105,#6106,#6107,#6108));
#1115=EDGE_LOOP('',(#6109,#6110,#6111,#6112));
#1116=EDGE_LOOP('',(#6113,#6114,#6115,#6116));
#1117=EDGE_LOOP('',(#6117,#6118,#6119,#6120));
#1118=EDGE_LOOP('',(#6121,#6122,#6123,#6124));
#1119=EDGE_LOOP('',(#6125,#6126,#6127,#6128));
#1120=EDGE_LOOP('',(#6129,#6130,#6131,#6132));
#1121=EDGE_LOOP('',(#6133,#6134,#6135,#6136));
#1122=EDGE_LOOP('',(#6137,#6138,#6139,#6140));
#1123=EDGE_LOOP('',(#6141,#6142,#6143,#6144));
#1124=EDGE_LOOP('',(#6145,#6146,#6147,#6148));
#1125=EDGE_LOOP('',(#6149,#6150,#6151,#6152));
#1126=EDGE_LOOP('',(#6153,#6154,#6155,#6156));
#1127=EDGE_LOOP('',(#6157,#6158,#6159,#6160));
#1128=EDGE_LOOP('',(#6161,#6162,#6163,#6164));
#1129=EDGE_LOOP('',(#6165,#6166,#6167,#6168));
#1130=EDGE_LOOP('',(#6169,#6170,#6171,#6172));
#1131=EDGE_LOOP('',(#6173,#6174,#6175,#6176));
#1132=EDGE_LOOP('',(#6177,#6178,#6179,#6180));
#1133=EDGE_LOOP('',(#6181,#6182,#6183,#6184));
#1134=EDGE_LOOP('',(#6185,#6186,#6187,#6188));
#1135=EDGE_LOOP('',(#6189,#6190,#6191,#6192));
#1136=EDGE_LOOP('',(#6193,#6194,#6195,#6196));
#1137=EDGE_LOOP('',(#6197,#6198,#6199,#6200));
#1138=EDGE_LOOP('',(#6201,#6202,#6203,#6204));
#1139=EDGE_LOOP('',(#6205,#6206,#6207,#6208));
#1140=EDGE_LOOP('',(#6209,#6210,#6211,#6212));
#1141=EDGE_LOOP('',(#6213,#6214,#6215,#6216));
#1142=EDGE_LOOP('',(#6217,#6218,#6219,#6220));
#1143=EDGE_LOOP('',(#6221,#6222,#6223,#6224));
#1144=EDGE_LOOP('',(#6225,#6226,#6227,#6228));
#1145=EDGE_LOOP('',(#6229,#6230,#6231,#6232));
#1146=EDGE_LOOP('',(#6233,#6234,#6235,#6236));
#1147=EDGE_LOOP('',(#6237,#6238,#6239,#6240));
#1148=EDGE_LOOP('',(#6241,#6242,#6243,#6244));
#1149=EDGE_LOOP('',(#6245,#6246,#6247,#6248));
#1150=EDGE_LOOP('',(#6249,#6250,#6251,#6252));
#1151=EDGE_LOOP('',(#6253,#6254,#6255,#6256));
#1152=EDGE_LOOP('',(#6257,#6258,#6259,#6260));
#1153=EDGE_LOOP('',(#6261,#6262,#6263,#6264));
#1154=EDGE_LOOP('',(#6265,#6266,#6267,#6268));
#1155=EDGE_LOOP('',(#6269,#6270,#6271,#6272));
#1156=EDGE_LOOP('',(#6273,#6274,#6275,#6276));
#1157=EDGE_LOOP('',(#6277,#6278,#6279,#6280));
#1158=EDGE_LOOP('',(#6281,#6282,#6283,#6284));
#1159=EDGE_LOOP('',(#6285,#6286,#6287,#6288));
#1160=EDGE_LOOP('',(#6289,#6290,#6291,#6292));
#1161=EDGE_LOOP('',(#6293,#6294,#6295,#6296));
#1162=EDGE_LOOP('',(#6297,#6298,#6299,#6300));
#1163=EDGE_LOOP('',(#6301,#6302,#6303,#6304));
#1164=EDGE_LOOP('',(#6305,#6306,#6307,#6308));
#1165=EDGE_LOOP('',(#6309,#6310,#6311,#6312));
#1166=EDGE_LOOP('',(#6313,#6314,#6315,#6316));
#1167=EDGE_LOOP('',(#6317,#6318,#6319,#6320));
#1168=EDGE_LOOP('',(#6321,#6322,#6323,#6324));
#1169=EDGE_LOOP('',(#6325,#6326,#6327,#6328));
#1170=EDGE_LOOP('',(#6329,#6330,#6331,#6332));
#1171=EDGE_LOOP('',(#6333,#6334,#6335,#6336));
#1172=EDGE_LOOP('',(#6337,#6338,#6339,#6340));
#1173=EDGE_LOOP('',(#6341,#6342,#6343,#6344));
#1174=EDGE_LOOP('',(#6345,#6346,#6347,#6348));
#1175=EDGE_LOOP('',(#6349,#6350,#6351,#6352));
#1176=EDGE_LOOP('',(#6353,#6354,#6355,#6356));
#1177=EDGE_LOOP('',(#6357,#6358,#6359,#6360));
#1178=EDGE_LOOP('',(#6361,#6362,#6363,#6364));
#1179=EDGE_LOOP('',(#6365,#6366,#6367,#6368));
#1180=EDGE_LOOP('',(#6369,#6370,#6371,#6372));
#1181=EDGE_LOOP('',(#6373,#6374,#6375,#6376));
#1182=EDGE_LOOP('',(#6377,#6378,#6379,#6380));
#1183=EDGE_LOOP('',(#6381,#6382,#6383,#6384));
#1184=EDGE_LOOP('',(#6385,#6386,#6387,#6388));
#1185=EDGE_LOOP('',(#6389,#6390,#6391,#6392));
#1186=EDGE_LOOP('',(#6393,#6394,#6395,#6396));
#1187=EDGE_LOOP('',(#6397,#6398,#6399,#6400));
#1188=EDGE_LOOP('',(#6401,#6402,#6403,#6404));
#1189=EDGE_LOOP('',(#6405,#6406,#6407,#6408));
#1190=EDGE_LOOP('',(#6409,#6410,#6411,#6412));
#1191=EDGE_LOOP('',(#6413,#6414,#6415,#6416));
#1192=EDGE_LOOP('',(#6417,#6418,#6419,#6420));
#1193=EDGE_LOOP('',(#6421,#6422,#6423,#6424));
#1194=EDGE_LOOP('',(#6425,#6426,#6427,#6428));
#1195=EDGE_LOOP('',(#6429,#6430,#6431,#6432));
#1196=EDGE_LOOP('',(#6433,#6434,#6435,#6436));
#1197=EDGE_LOOP('',(#6437,#6438,#6439,#6440));
#1198=EDGE_LOOP('',(#6441,#6442,#6443,#6444));
#1199=EDGE_LOOP('',(#6445,#6446,#6447,#6448));
#1200=EDGE_LOOP('',(#6449,#6450,#6451,#6452));
#1201=EDGE_LOOP('',(#6453,#6454,#6455,#6456));
#1202=EDGE_LOOP('',(#6457,#6458,#6459,#6460));
#1203=EDGE_LOOP('',(#6461,#6462,#6463,#6464));
#1204=EDGE_LOOP('',(#6465,#6466,#6467,#6468));
#1205=EDGE_LOOP('',(#6469,#6470,#6471,#6472));
#1206=EDGE_LOOP('',(#6473,#6474,#6475,#6476));
#1207=EDGE_LOOP('',(#6477,#6478,#6479,#6480));
#1208=EDGE_LOOP('',(#6481,#6482,#6483,#6484));
#1209=EDGE_LOOP('',(#6485,#6486,#6487,#6488));
#1210=EDGE_LOOP('',(#6489,#6490,#6491,#6492));
#1211=EDGE_LOOP('',(#6493,#6494,#6495,#6496));
#1212=EDGE_LOOP('',(#6497,#6498,#6499,#6500));
#1213=EDGE_LOOP('',(#6501,#6502,#6503,#6504));
#1214=EDGE_LOOP('',(#6505,#6506,#6507,#6508));
#1215=EDGE_LOOP('',(#6509,#6510,#6511,#6512));
#1216=EDGE_LOOP('',(#6513,#6514,#6515,#6516));
#1217=EDGE_LOOP('',(#6517,#6518,#6519,#6520));
#1218=EDGE_LOOP('',(#6521,#6522,#6523,#6524));
#1219=EDGE_LOOP('',(#6525,#6526,#6527,#6528));
#1220=EDGE_LOOP('',(#6529,#6530,#6531,#6532));
#1221=EDGE_LOOP('',(#6533,#6534,#6535,#6536,#6537,#6538,#6539,#6540));
#1222=EDGE_LOOP('',(#6541,#6542,#6543,#6544));
#1223=EDGE_LOOP('',(#6545,#6546,#6547,#6548));
#1224=EDGE_LOOP('',(#6549,#6550,#6551,#6552));
#1225=EDGE_LOOP('',(#6553,#6554,#6555,#6556));
#1226=EDGE_LOOP('',(#6557,#6558,#6559,#6560));
#1227=EDGE_LOOP('',(#6561,#6562,#6563,#6564));
#1228=EDGE_LOOP('',(#6565,#6566,#6567,#6568));
#1229=EDGE_LOOP('',(#6569,#6570,#6571,#6572));
#1230=EDGE_LOOP('',(#6573,#6574,#6575,#6576));
#1231=EDGE_LOOP('',(#6577,#6578,#6579,#6580));
#1232=EDGE_LOOP('',(#6581,#6582,#6583,#6584));
#1233=EDGE_LOOP('',(#6585,#6586,#6587,#6588));
#1234=EDGE_LOOP('',(#6589,#6590,#6591,#6592));
#1235=EDGE_LOOP('',(#6593,#6594,#6595,#6596));
#1236=EDGE_LOOP('',(#6597,#6598,#6599,#6600));
#1237=EDGE_LOOP('',(#6601,#6602,#6603,#6604));
#1238=EDGE_LOOP('',(#6605,#6606,#6607,#6608));
#1239=EDGE_LOOP('',(#6609,#6610,#6611,#6612));
#1240=EDGE_LOOP('',(#6613,#6614,#6615,#6616));
#1241=EDGE_LOOP('',(#6617,#6618,#6619,#6620));
#1242=EDGE_LOOP('',(#6621,#6622,#6623,#6624));
#1243=EDGE_LOOP('',(#6625,#6626,#6627,#6628));
#1244=EDGE_LOOP('',(#6629,#6630,#6631,#6632));
#1245=EDGE_LOOP('',(#6633,#6634,#6635,#6636));
#1246=EDGE_LOOP('',(#6637,#6638,#6639,#6640));
#1247=EDGE_LOOP('',(#6641,#6642,#6643,#6644));
#1248=EDGE_LOOP('',(#6645,#6646,#6647,#6648));
#1249=EDGE_LOOP('',(#6649,#6650,#6651,#6652));
#1250=EDGE_LOOP('',(#6653,#6654,#6655,#6656));
#1251=EDGE_LOOP('',(#6657,#6658,#6659,#6660));
#1252=EDGE_LOOP('',(#6661,#6662,#6663,#6664));
#1253=EDGE_LOOP('',(#6665,#6666,#6667,#6668));
#1254=EDGE_LOOP('',(#6669,#6670,#6671,#6672));
#1255=EDGE_LOOP('',(#6673,#6674,#6675,#6676));
#1256=EDGE_LOOP('',(#6677,#6678,#6679,#6680));
#1257=EDGE_LOOP('',(#6681,#6682,#6683,#6684));
#1258=EDGE_LOOP('',(#6685,#6686,#6687,#6688));
#1259=EDGE_LOOP('',(#6689,#6690,#6691,#6692));
#1260=EDGE_LOOP('',(#6693,#6694,#6695,#6696));
#1261=EDGE_LOOP('',(#6697,#6698,#6699,#6700));
#1262=EDGE_LOOP('',(#6701,#6702,#6703,#6704));
#1263=EDGE_LOOP('',(#6705,#6706,#6707,#6708));
#1264=EDGE_LOOP('',(#6709,#6710,#6711,#6712));
#1265=EDGE_LOOP('',(#6713,#6714,#6715,#6716));
#1266=EDGE_LOOP('',(#6717,#6718,#6719,#6720));
#1267=EDGE_LOOP('',(#6721,#6722,#6723,#6724));
#1268=EDGE_LOOP('',(#6725,#6726,#6727,#6728));
#1269=EDGE_LOOP('',(#6729,#6730,#6731,#6732));
#1270=EDGE_LOOP('',(#6733,#6734,#6735,#6736));
#1271=EDGE_LOOP('',(#6737,#6738,#6739,#6740));
#1272=EDGE_LOOP('',(#6741,#6742,#6743,#6744));
#1273=EDGE_LOOP('',(#6745,#6746,#6747,#6748));
#1274=EDGE_LOOP('',(#6749,#6750,#6751,#6752));
#1275=EDGE_LOOP('',(#6753,#6754,#6755,#6756));
#1276=EDGE_LOOP('',(#6757,#6758,#6759,#6760));
#1277=EDGE_LOOP('',(#6761,#6762,#6763,#6764));
#1278=EDGE_LOOP('',(#6765,#6766,#6767,#6768));
#1279=EDGE_LOOP('',(#6769,#6770,#6771,#6772));
#1280=EDGE_LOOP('',(#6773,#6774,#6775,#6776));
#1281=EDGE_LOOP('',(#6777,#6778,#6779,#6780));
#1282=EDGE_LOOP('',(#6781,#6782,#6783,#6784));
#1283=EDGE_LOOP('',(#6785,#6786,#6787,#6788));
#1284=EDGE_LOOP('',(#6789,#6790,#6791,#6792));
#1285=EDGE_LOOP('',(#6793,#6794,#6795,#6796));
#1286=EDGE_LOOP('',(#6797,#6798,#6799,#6800));
#1287=EDGE_LOOP('',(#6801,#6802,#6803,#6804,#6805,#6806,#6807,#6808));
#1288=EDGE_LOOP('',(#6809,#6810,#6811,#6812,#6813,#6814,#6815,#6816));
#1289=EDGE_LOOP('',(#6817));
#1290=EDGE_LOOP('',(#6818));
#1291=EDGE_LOOP('',(#6819));
#1292=EDGE_LOOP('',(#6820));
#1293=EDGE_LOOP('',(#6821,#6822,#6823,#6824,#6825,#6826,#6827,#6828));
#1294=EDGE_LOOP('',(#6829,#6830,#6831,#6832));
#1295=EDGE_LOOP('',(#6833,#6834,#6835,#6836));
#1296=EDGE_LOOP('',(#6837,#6838,#6839,#6840));
#1297=EDGE_LOOP('',(#6841,#6842,#6843,#6844));
#1298=EDGE_LOOP('',(#6845,#6846,#6847,#6848,#6849,#6850,#6851,#6852));
#1299=EDGE_LOOP('',(#6853));
#1300=EDGE_LOOP('',(#6854));
#1301=EDGE_LOOP('',(#6855));
#1302=EDGE_LOOP('',(#6856));
#1303=EDGE_LOOP('',(#6857));
#1304=EDGE_LOOP('',(#6858));
#1305=EDGE_LOOP('',(#6859));
#1306=EDGE_LOOP('',(#6860));
#1307=EDGE_LOOP('',(#6861,#6862,#6863,#6864));
#1308=EDGE_LOOP('',(#6865,#6866,#6867,#6868));
#1309=EDGE_LOOP('',(#6869,#6870,#6871,#6872));
#1310=EDGE_LOOP('',(#6873,#6874,#6875,#6876));
#1311=EDGE_LOOP('',(#6877,#6878,#6879,#6880));
#1312=EDGE_LOOP('',(#6881,#6882,#6883,#6884,#6885,#6886,#6887,#6888));
#1313=EDGE_LOOP('',(#6889,#6890,#6891,#6892,#6893,#6894,#6895,#6896));
#1314=EDGE_LOOP('',(#6897));
#1315=EDGE_LOOP('',(#6898));
#1316=EDGE_LOOP('',(#6899));
#1317=EDGE_LOOP('',(#6900));
#1318=EDGE_LOOP('',(#6901));
#1319=EDGE_LOOP('',(#6902));
#1320=EDGE_LOOP('',(#6903));
#1321=EDGE_LOOP('',(#6904));
#1322=EDGE_LOOP('',(#6905,#6906,#6907,#6908));
#1323=EDGE_LOOP('',(#6909,#6910,#6911,#6912));
#1324=EDGE_LOOP('',(#6913,#6914,#6915,#6916));
#1325=EDGE_LOOP('',(#6917,#6918,#6919,#6920));
#1326=EDGE_LOOP('',(#6921,#6922,#6923,#6924));
#1327=EDGE_LOOP('',(#6925,#6926,#6927,#6928));
#1328=EDGE_LOOP('',(#6929,#6930,#6931,#6932));
#1329=EDGE_LOOP('',(#6933,#6934,#6935,#6936));
#1330=EDGE_LOOP('',(#6937,#6938,#6939,#6940));
#1331=EDGE_LOOP('',(#6941,#6942,#6943,#6944));
#1332=EDGE_LOOP('',(#6945,#6946,#6947,#6948));
#1333=EDGE_LOOP('',(#6949,#6950,#6951,#6952));
#1334=EDGE_LOOP('',(#6953,#6954,#6955,#6956));
#1335=EDGE_LOOP('',(#6957,#6958,#6959,#6960));
#1336=EDGE_LOOP('',(#6961,#6962,#6963,#6964));
#1337=EDGE_LOOP('',(#6965,#6966,#6967,#6968));
#1338=EDGE_LOOP('',(#6969,#6970,#6971,#6972));
#1339=EDGE_LOOP('',(#6973,#6974,#6975,#6976));
#1340=EDGE_LOOP('',(#6977,#6978,#6979,#6980));
#1341=EDGE_LOOP('',(#6981,#6982,#6983,#6984));
#1342=EDGE_LOOP('',(#6985,#6986,#6987,#6988));
#1343=EDGE_LOOP('',(#6989,#6990,#6991,#6992));
#1344=EDGE_LOOP('',(#6993,#6994,#6995,#6996));
#1345=EDGE_LOOP('',(#6997,#6998,#6999,#7000));
#1346=EDGE_LOOP('',(#7001,#7002,#7003,#7004));
#1347=EDGE_LOOP('',(#7005,#7006,#7007,#7008));
#1348=EDGE_LOOP('',(#7009,#7010,#7011,#7012));
#1349=EDGE_LOOP('',(#7013,#7014,#7015,#7016));
#1350=EDGE_LOOP('',(#7017,#7018,#7019,#7020));
#1351=EDGE_LOOP('',(#7021,#7022,#7023,#7024,#7025,#7026,#7027,#7028,#7029,
#7030,#7031,#7032));
#1352=EDGE_LOOP('',(#7033,#7034,#7035,#7036,#7037,#7038,#7039,#7040));
#1353=EDGE_LOOP('',(#7041,#7042,#7043,#7044));
#1354=EDGE_LOOP('',(#7045,#7046,#7047,#7048));
#1355=EDGE_LOOP('',(#7049,#7050,#7051,#7052));
#1356=EDGE_LOOP('',(#7053,#7054,#7055,#7056));
#1357=EDGE_LOOP('',(#7057,#7058,#7059,#7060));
#1358=EDGE_LOOP('',(#7061,#7062,#7063,#7064));
#1359=EDGE_LOOP('',(#7065));
#1360=EDGE_LOOP('',(#7066));
#1361=EDGE_LOOP('',(#7067));
#1362=EDGE_LOOP('',(#7068));
#1363=EDGE_LOOP('',(#7069,#7070,#7071,#7072));
#1364=EDGE_LOOP('',(#7073,#7074,#7075,#7076));
#1365=EDGE_LOOP('',(#7077,#7078,#7079,#7080));
#1366=EDGE_LOOP('',(#7081,#7082,#7083,#7084));
#1367=EDGE_LOOP('',(#7085,#7086,#7087,#7088));
#1368=EDGE_LOOP('',(#7089,#7090,#7091,#7092));
#1369=EDGE_LOOP('',(#7093,#7094,#7095,#7096));
#1370=EDGE_LOOP('',(#7097,#7098,#7099,#7100));
#1371=EDGE_LOOP('',(#7101,#7102,#7103,#7104));
#1372=EDGE_LOOP('',(#7105,#7106,#7107,#7108));
#1373=EDGE_LOOP('',(#7109,#7110,#7111,#7112));
#1374=EDGE_LOOP('',(#7113,#7114,#7115,#7116,#7117,#7118,#7119,#7120,#7121,
#7122,#7123,#7124));
#1375=EDGE_LOOP('',(#7125,#7126,#7127,#7128));
#1376=EDGE_LOOP('',(#7129,#7130,#7131,#7132));
#1377=EDGE_LOOP('',(#7133,#7134,#7135,#7136));
#1378=EDGE_LOOP('',(#7137,#7138,#7139,#7140));
#1379=EDGE_LOOP('',(#7141,#7142,#7143,#7144,#7145,#7146,#7147,#7148));
#1380=EDGE_LOOP('',(#7149));
#1381=EDGE_LOOP('',(#7150,#7151,#7152,#7153));
#1382=EDGE_LOOP('',(#7154));
#1383=EDGE_LOOP('',(#7155));
#1384=EDGE_LOOP('',(#7156));
#1385=LINE('',#9814,#2341);
#1386=LINE('',#9820,#2342);
#1387=LINE('',#9826,#2343);
#1388=LINE('',#9832,#2344);
#1389=LINE('',#9839,#2345);
#1390=LINE('',#9842,#2346);
#1391=LINE('',#9845,#2347);
#1392=LINE('',#9847,#2348);
#1393=LINE('',#9848,#2349);
#1394=LINE('',#9854,#2350);
#1395=LINE('',#9857,#2351);
#1396=LINE('',#9859,#2352);
#1397=LINE('',#9860,#2353);
#1398=LINE('',#9866,#2354);
#1399=LINE('',#9869,#2355);
#1400=LINE('',#9871,#2356);
#1401=LINE('',#9872,#2357);
#1402=LINE('',#9877,#2358);
#1403=LINE('',#9880,#2359);
#1404=LINE('',#9881,#2360);
#1405=LINE('',#9887,#2361);
#1406=LINE('',#9890,#2362);
#1407=LINE('',#9893,#2363);
#1408=LINE('',#9895,#2364);
#1409=LINE('',#9896,#2365);
#1410=LINE('',#9901,#2366);
#1411=LINE('',#9905,#2367);
#1412=LINE('',#9907,#2368);
#1413=LINE('',#9908,#2369);
#1414=LINE('',#9913,#2370);
#1415=LINE('',#9917,#2371);
#1416=LINE('',#9919,#2372);
#1417=LINE('',#9920,#2373);
#1418=LINE('',#9925,#2374);
#1419=LINE('',#9928,#2375);
#1420=LINE('',#9929,#2376);
#1421=LINE('',#9933,#2377);
#1422=LINE('',#9935,#2378);
#1423=LINE('',#9937,#2379);
#1424=LINE('',#9938,#2380);
#1425=LINE('',#9942,#2381);
#1426=LINE('',#9944,#2382);
#1427=LINE('',#9946,#2383);
#1428=LINE('',#9947,#2384);
#1429=LINE('',#9949,#2385);
#1430=LINE('',#9950,#2386);
#1431=LINE('',#9953,#2387);
#1432=LINE('',#9955,#2388);
#1433=LINE('',#9957,#2389);
#1434=LINE('',#9959,#2390);
#1435=LINE('',#9960,#2391);
#1436=LINE('',#9963,#2392);
#1437=LINE('',#9965,#2393);
#1438=LINE('',#9967,#2394);
#1439=LINE('',#9968,#2395);
#1440=LINE('',#9971,#2396);
#1441=LINE('',#9973,#2397);
#1442=LINE('',#9975,#2398);
#1443=LINE('',#9976,#2399);
#1444=LINE('',#9979,#2400);
#1445=LINE('',#9981,#2401);
#1446=LINE('',#9983,#2402);
#1447=LINE('',#9984,#2403);
#1448=LINE('',#9987,#2404);
#1449=LINE('',#9989,#2405);
#1450=LINE('',#9991,#2406);
#1451=LINE('',#9992,#2407);
#1452=LINE('',#9995,#2408);
#1453=LINE('',#9997,#2409);
#1454=LINE('',#9999,#2410);
#1455=LINE('',#10000,#2411);
#1456=LINE('',#10003,#2412);
#1457=LINE('',#10005,#2413);
#1458=LINE('',#10007,#2414);
#1459=LINE('',#10008,#2415);
#1460=LINE('',#10011,#2416);
#1461=LINE('',#10013,#2417);
#1462=LINE('',#10015,#2418);
#1463=LINE('',#10016,#2419);
#1464=LINE('',#10019,#2420);
#1465=LINE('',#10021,#2421);
#1466=LINE('',#10023,#2422);
#1467=LINE('',#10024,#2423);
#1468=LINE('',#10027,#2424);
#1469=LINE('',#10029,#2425);
#1470=LINE('',#10031,#2426);
#1471=LINE('',#10032,#2427);
#1472=LINE('',#10035,#2428);
#1473=LINE('',#10037,#2429);
#1474=LINE('',#10039,#2430);
#1475=LINE('',#10040,#2431);
#1476=LINE('',#10043,#2432);
#1477=LINE('',#10045,#2433);
#1478=LINE('',#10047,#2434);
#1479=LINE('',#10048,#2435);
#1480=LINE('',#10051,#2436);
#1481=LINE('',#10053,#2437);
#1482=LINE('',#10055,#2438);
#1483=LINE('',#10056,#2439);
#1484=LINE('',#10059,#2440);
#1485=LINE('',#10061,#2441);
#1486=LINE('',#10063,#2442);
#1487=LINE('',#10064,#2443);
#1488=LINE('',#10067,#2444);
#1489=LINE('',#10069,#2445);
#1490=LINE('',#10071,#2446);
#1491=LINE('',#10072,#2447);
#1492=LINE('',#10075,#2448);
#1493=LINE('',#10077,#2449);
#1494=LINE('',#10079,#2450);
#1495=LINE('',#10080,#2451);
#1496=LINE('',#10083,#2452);
#1497=LINE('',#10085,#2453);
#1498=LINE('',#10087,#2454);
#1499=LINE('',#10088,#2455);
#1500=LINE('',#10091,#2456);
#1501=LINE('',#10093,#2457);
#1502=LINE('',#10095,#2458);
#1503=LINE('',#10096,#2459);
#1504=LINE('',#10099,#2460);
#1505=LINE('',#10101,#2461);
#1506=LINE('',#10103,#2462);
#1507=LINE('',#10104,#2463);
#1508=LINE('',#10107,#2464);
#1509=LINE('',#10109,#2465);
#1510=LINE('',#10111,#2466);
#1511=LINE('',#10112,#2467);
#1512=LINE('',#10115,#2468);
#1513=LINE('',#10117,#2469);
#1514=LINE('',#10119,#2470);
#1515=LINE('',#10120,#2471);
#1516=LINE('',#10123,#2472);
#1517=LINE('',#10125,#2473);
#1518=LINE('',#10127,#2474);
#1519=LINE('',#10128,#2475);
#1520=LINE('',#10131,#2476);
#1521=LINE('',#10133,#2477);
#1522=LINE('',#10135,#2478);
#1523=LINE('',#10136,#2479);
#1524=LINE('',#10139,#2480);
#1525=LINE('',#10141,#2481);
#1526=LINE('',#10143,#2482);
#1527=LINE('',#10144,#2483);
#1528=LINE('',#10147,#2484);
#1529=LINE('',#10149,#2485);
#1530=LINE('',#10151,#2486);
#1531=LINE('',#10152,#2487);
#1532=LINE('',#10155,#2488);
#1533=LINE('',#10157,#2489);
#1534=LINE('',#10159,#2490);
#1535=LINE('',#10160,#2491);
#1536=LINE('',#10163,#2492);
#1537=LINE('',#10165,#2493);
#1538=LINE('',#10167,#2494);
#1539=LINE('',#10168,#2495);
#1540=LINE('',#10171,#2496);
#1541=LINE('',#10173,#2497);
#1542=LINE('',#10175,#2498);
#1543=LINE('',#10176,#2499);
#1544=LINE('',#10179,#2500);
#1545=LINE('',#10181,#2501);
#1546=LINE('',#10183,#2502);
#1547=LINE('',#10184,#2503);
#1548=LINE('',#10187,#2504);
#1549=LINE('',#10189,#2505);
#1550=LINE('',#10191,#2506);
#1551=LINE('',#10192,#2507);
#1552=LINE('',#10195,#2508);
#1553=LINE('',#10197,#2509);
#1554=LINE('',#10199,#2510);
#1555=LINE('',#10200,#2511);
#1556=LINE('',#10203,#2512);
#1557=LINE('',#10205,#2513);
#1558=LINE('',#10207,#2514);
#1559=LINE('',#10208,#2515);
#1560=LINE('',#10211,#2516);
#1561=LINE('',#10213,#2517);
#1562=LINE('',#10215,#2518);
#1563=LINE('',#10216,#2519);
#1564=LINE('',#10219,#2520);
#1565=LINE('',#10221,#2521);
#1566=LINE('',#10223,#2522);
#1567=LINE('',#10224,#2523);
#1568=LINE('',#10227,#2524);
#1569=LINE('',#10229,#2525);
#1570=LINE('',#10231,#2526);
#1571=LINE('',#10232,#2527);
#1572=LINE('',#10235,#2528);
#1573=LINE('',#10237,#2529);
#1574=LINE('',#10239,#2530);
#1575=LINE('',#10240,#2531);
#1576=LINE('',#10243,#2532);
#1577=LINE('',#10245,#2533);
#1578=LINE('',#10247,#2534);
#1579=LINE('',#10248,#2535);
#1580=LINE('',#10251,#2536);
#1581=LINE('',#10253,#2537);
#1582=LINE('',#10255,#2538);
#1583=LINE('',#10256,#2539);
#1584=LINE('',#10259,#2540);
#1585=LINE('',#10261,#2541);
#1586=LINE('',#10263,#2542);
#1587=LINE('',#10264,#2543);
#1588=LINE('',#10267,#2544);
#1589=LINE('',#10269,#2545);
#1590=LINE('',#10271,#2546);
#1591=LINE('',#10272,#2547);
#1592=LINE('',#10275,#2548);
#1593=LINE('',#10277,#2549);
#1594=LINE('',#10279,#2550);
#1595=LINE('',#10280,#2551);
#1596=LINE('',#10283,#2552);
#1597=LINE('',#10285,#2553);
#1598=LINE('',#10287,#2554);
#1599=LINE('',#10288,#2555);
#1600=LINE('',#10291,#2556);
#1601=LINE('',#10293,#2557);
#1602=LINE('',#10295,#2558);
#1603=LINE('',#10296,#2559);
#1604=LINE('',#10299,#2560);
#1605=LINE('',#10301,#2561);
#1606=LINE('',#10303,#2562);
#1607=LINE('',#10304,#2563);
#1608=LINE('',#10307,#2564);
#1609=LINE('',#10309,#2565);
#1610=LINE('',#10311,#2566);
#1611=LINE('',#10312,#2567);
#1612=LINE('',#10315,#2568);
#1613=LINE('',#10317,#2569);
#1614=LINE('',#10319,#2570);
#1615=LINE('',#10320,#2571);
#1616=LINE('',#10323,#2572);
#1617=LINE('',#10325,#2573);
#1618=LINE('',#10327,#2574);
#1619=LINE('',#10328,#2575);
#1620=LINE('',#10331,#2576);
#1621=LINE('',#10333,#2577);
#1622=LINE('',#10335,#2578);
#1623=LINE('',#10336,#2579);
#1624=LINE('',#10339,#2580);
#1625=LINE('',#10341,#2581);
#1626=LINE('',#10343,#2582);
#1627=LINE('',#10344,#2583);
#1628=LINE('',#10347,#2584);
#1629=LINE('',#10349,#2585);
#1630=LINE('',#10351,#2586);
#1631=LINE('',#10352,#2587);
#1632=LINE('',#10355,#2588);
#1633=LINE('',#10357,#2589);
#1634=LINE('',#10359,#2590);
#1635=LINE('',#10360,#2591);
#1636=LINE('',#10363,#2592);
#1637=LINE('',#10365,#2593);
#1638=LINE('',#10367,#2594);
#1639=LINE('',#10368,#2595);
#1640=LINE('',#10371,#2596);
#1641=LINE('',#10373,#2597);
#1642=LINE('',#10375,#2598);
#1643=LINE('',#10376,#2599);
#1644=LINE('',#10379,#2600);
#1645=LINE('',#10381,#2601);
#1646=LINE('',#10383,#2602);
#1647=LINE('',#10384,#2603);
#1648=LINE('',#10387,#2604);
#1649=LINE('',#10389,#2605);
#1650=LINE('',#10391,#2606);
#1651=LINE('',#10392,#2607);
#1652=LINE('',#10395,#2608);
#1653=LINE('',#10397,#2609);
#1654=LINE('',#10399,#2610);
#1655=LINE('',#10400,#2611);
#1656=LINE('',#10403,#2612);
#1657=LINE('',#10405,#2613);
#1658=LINE('',#10407,#2614);
#1659=LINE('',#10408,#2615);
#1660=LINE('',#10411,#2616);
#1661=LINE('',#10413,#2617);
#1662=LINE('',#10415,#2618);
#1663=LINE('',#10416,#2619);
#1664=LINE('',#10419,#2620);
#1665=LINE('',#10421,#2621);
#1666=LINE('',#10423,#2622);
#1667=LINE('',#10424,#2623);
#1668=LINE('',#10427,#2624);
#1669=LINE('',#10429,#2625);
#1670=LINE('',#10431,#2626);
#1671=LINE('',#10432,#2627);
#1672=LINE('',#10435,#2628);
#1673=LINE('',#10437,#2629);
#1674=LINE('',#10439,#2630);
#1675=LINE('',#10440,#2631);
#1676=LINE('',#10443,#2632);
#1677=LINE('',#10445,#2633);
#1678=LINE('',#10447,#2634);
#1679=LINE('',#10448,#2635);
#1680=LINE('',#10451,#2636);
#1681=LINE('',#10453,#2637);
#1682=LINE('',#10455,#2638);
#1683=LINE('',#10456,#2639);
#1684=LINE('',#10459,#2640);
#1685=LINE('',#10461,#2641);
#1686=LINE('',#10463,#2642);
#1687=LINE('',#10464,#2643);
#1688=LINE('',#10467,#2644);
#1689=LINE('',#10469,#2645);
#1690=LINE('',#10471,#2646);
#1691=LINE('',#10472,#2647);
#1692=LINE('',#10475,#2648);
#1693=LINE('',#10477,#2649);
#1694=LINE('',#10479,#2650);
#1695=LINE('',#10480,#2651);
#1696=LINE('',#10483,#2652);
#1697=LINE('',#10484,#2653);
#1698=LINE('',#10487,#2654);
#1699=LINE('',#10488,#2655);
#1700=LINE('',#10491,#2656);
#1701=LINE('',#10493,#2657);
#1702=LINE('',#10494,#2658);
#1703=LINE('',#10497,#2659);
#1704=LINE('',#10498,#2660);
#1705=LINE('',#10501,#2661);
#1706=LINE('',#10502,#2662);
#1707=LINE('',#10504,#2663);
#1708=LINE('',#10507,#2664);
#1709=LINE('',#10509,#2665);
#1710=LINE('',#10510,#2666);
#1711=LINE('',#10513,#2667);
#1712=LINE('',#10514,#2668);
#1713=LINE('',#10517,#2669);
#1714=LINE('',#10518,#2670);
#1715=LINE('',#10520,#2671);
#1716=LINE('',#10523,#2672);
#1717=LINE('',#10525,#2673);
#1718=LINE('',#10526,#2674);
#1719=LINE('',#10529,#2675);
#1720=LINE('',#10530,#2676);
#1721=LINE('',#10533,#2677);
#1722=LINE('',#10534,#2678);
#1723=LINE('',#10536,#2679);
#1724=LINE('',#10539,#2680);
#1725=LINE('',#10541,#2681);
#1726=LINE('',#10542,#2682);
#1727=LINE('',#10545,#2683);
#1728=LINE('',#10546,#2684);
#1729=LINE('',#10549,#2685);
#1730=LINE('',#10550,#2686);
#1731=LINE('',#10552,#2687);
#1732=LINE('',#10555,#2688);
#1733=LINE('',#10557,#2689);
#1734=LINE('',#10558,#2690);
#1735=LINE('',#10561,#2691);
#1736=LINE('',#10562,#2692);
#1737=LINE('',#10565,#2693);
#1738=LINE('',#10566,#2694);
#1739=LINE('',#10568,#2695);
#1740=LINE('',#10571,#2696);
#1741=LINE('',#10573,#2697);
#1742=LINE('',#10574,#2698);
#1743=LINE('',#10577,#2699);
#1744=LINE('',#10578,#2700);
#1745=LINE('',#10581,#2701);
#1746=LINE('',#10582,#2702);
#1747=LINE('',#10584,#2703);
#1748=LINE('',#10587,#2704);
#1749=LINE('',#10589,#2705);
#1750=LINE('',#10590,#2706);
#1751=LINE('',#10593,#2707);
#1752=LINE('',#10594,#2708);
#1753=LINE('',#10597,#2709);
#1754=LINE('',#10598,#2710);
#1755=LINE('',#10600,#2711);
#1756=LINE('',#10603,#2712);
#1757=LINE('',#10605,#2713);
#1758=LINE('',#10606,#2714);
#1759=LINE('',#10609,#2715);
#1760=LINE('',#10610,#2716);
#1761=LINE('',#10613,#2717);
#1762=LINE('',#10614,#2718);
#1763=LINE('',#10616,#2719);
#1764=LINE('',#10619,#2720);
#1765=LINE('',#10621,#2721);
#1766=LINE('',#10622,#2722);
#1767=LINE('',#10625,#2723);
#1768=LINE('',#10626,#2724);
#1769=LINE('',#10629,#2725);
#1770=LINE('',#10630,#2726);
#1771=LINE('',#10632,#2727);
#1772=LINE('',#10635,#2728);
#1773=LINE('',#10637,#2729);
#1774=LINE('',#10638,#2730);
#1775=LINE('',#10641,#2731);
#1776=LINE('',#10642,#2732);
#1777=LINE('',#10645,#2733);
#1778=LINE('',#10646,#2734);
#1779=LINE('',#10648,#2735);
#1780=LINE('',#10651,#2736);
#1781=LINE('',#10653,#2737);
#1782=LINE('',#10654,#2738);
#1783=LINE('',#10657,#2739);
#1784=LINE('',#10658,#2740);
#1785=LINE('',#10661,#2741);
#1786=LINE('',#10662,#2742);
#1787=LINE('',#10664,#2743);
#1788=LINE('',#10667,#2744);
#1789=LINE('',#10669,#2745);
#1790=LINE('',#10670,#2746);
#1791=LINE('',#10673,#2747);
#1792=LINE('',#10674,#2748);
#1793=LINE('',#10677,#2749);
#1794=LINE('',#10678,#2750);
#1795=LINE('',#10680,#2751);
#1796=LINE('',#10683,#2752);
#1797=LINE('',#10685,#2753);
#1798=LINE('',#10686,#2754);
#1799=LINE('',#10689,#2755);
#1800=LINE('',#10690,#2756);
#1801=LINE('',#10693,#2757);
#1802=LINE('',#10694,#2758);
#1803=LINE('',#10696,#2759);
#1804=LINE('',#10699,#2760);
#1805=LINE('',#10701,#2761);
#1806=LINE('',#10702,#2762);
#1807=LINE('',#10705,#2763);
#1808=LINE('',#10706,#2764);
#1809=LINE('',#10709,#2765);
#1810=LINE('',#10710,#2766);
#1811=LINE('',#10712,#2767);
#1812=LINE('',#10715,#2768);
#1813=LINE('',#10717,#2769);
#1814=LINE('',#10718,#2770);
#1815=LINE('',#10721,#2771);
#1816=LINE('',#10722,#2772);
#1817=LINE('',#10725,#2773);
#1818=LINE('',#10726,#2774);
#1819=LINE('',#10728,#2775);
#1820=LINE('',#10731,#2776);
#1821=LINE('',#10733,#2777);
#1822=LINE('',#10734,#2778);
#1823=LINE('',#10737,#2779);
#1824=LINE('',#10738,#2780);
#1825=LINE('',#10741,#2781);
#1826=LINE('',#10742,#2782);
#1827=LINE('',#10744,#2783);
#1828=LINE('',#10747,#2784);
#1829=LINE('',#10749,#2785);
#1830=LINE('',#10750,#2786);
#1831=LINE('',#10753,#2787);
#1832=LINE('',#10754,#2788);
#1833=LINE('',#10757,#2789);
#1834=LINE('',#10758,#2790);
#1835=LINE('',#10760,#2791);
#1836=LINE('',#10763,#2792);
#1837=LINE('',#10765,#2793);
#1838=LINE('',#10766,#2794);
#1839=LINE('',#10769,#2795);
#1840=LINE('',#10770,#2796);
#1841=LINE('',#10773,#2797);
#1842=LINE('',#10774,#2798);
#1843=LINE('',#10776,#2799);
#1844=LINE('',#10779,#2800);
#1845=LINE('',#10781,#2801);
#1846=LINE('',#10782,#2802);
#1847=LINE('',#10785,#2803);
#1848=LINE('',#10786,#2804);
#1849=LINE('',#10789,#2805);
#1850=LINE('',#10790,#2806);
#1851=LINE('',#10792,#2807);
#1852=LINE('',#10795,#2808);
#1853=LINE('',#10797,#2809);
#1854=LINE('',#10798,#2810);
#1855=LINE('',#10801,#2811);
#1856=LINE('',#10802,#2812);
#1857=LINE('',#10805,#2813);
#1858=LINE('',#10806,#2814);
#1859=LINE('',#10808,#2815);
#1860=LINE('',#10811,#2816);
#1861=LINE('',#10813,#2817);
#1862=LINE('',#10814,#2818);
#1863=LINE('',#10817,#2819);
#1864=LINE('',#10818,#2820);
#1865=LINE('',#10821,#2821);
#1866=LINE('',#10822,#2822);
#1867=LINE('',#10824,#2823);
#1868=LINE('',#10827,#2824);
#1869=LINE('',#10829,#2825);
#1870=LINE('',#10830,#2826);
#1871=LINE('',#10833,#2827);
#1872=LINE('',#10834,#2828);
#1873=LINE('',#10837,#2829);
#1874=LINE('',#10838,#2830);
#1875=LINE('',#10840,#2831);
#1876=LINE('',#10843,#2832);
#1877=LINE('',#10845,#2833);
#1878=LINE('',#10846,#2834);
#1879=LINE('',#10849,#2835);
#1880=LINE('',#10850,#2836);
#1881=LINE('',#10853,#2837);
#1882=LINE('',#10854,#2838);
#1883=LINE('',#10856,#2839);
#1884=LINE('',#10859,#2840);
#1885=LINE('',#10861,#2841);
#1886=LINE('',#10862,#2842);
#1887=LINE('',#10865,#2843);
#1888=LINE('',#10866,#2844);
#1889=LINE('',#10869,#2845);
#1890=LINE('',#10870,#2846);
#1891=LINE('',#10872,#2847);
#1892=LINE('',#10875,#2848);
#1893=LINE('',#10877,#2849);
#1894=LINE('',#10878,#2850);
#1895=LINE('',#10881,#2851);
#1896=LINE('',#10882,#2852);
#1897=LINE('',#10885,#2853);
#1898=LINE('',#10886,#2854);
#1899=LINE('',#10888,#2855);
#1900=LINE('',#10891,#2856);
#1901=LINE('',#10893,#2857);
#1902=LINE('',#10894,#2858);
#1903=LINE('',#10897,#2859);
#1904=LINE('',#10898,#2860);
#1905=LINE('',#10901,#2861);
#1906=LINE('',#10902,#2862);
#1907=LINE('',#10904,#2863);
#1908=LINE('',#10907,#2864);
#1909=LINE('',#10909,#2865);
#1910=LINE('',#10910,#2866);
#1911=LINE('',#10913,#2867);
#1912=LINE('',#10914,#2868);
#1913=LINE('',#10917,#2869);
#1914=LINE('',#10918,#2870);
#1915=LINE('',#10920,#2871);
#1916=LINE('',#10923,#2872);
#1917=LINE('',#10925,#2873);
#1918=LINE('',#10926,#2874);
#1919=LINE('',#10929,#2875);
#1920=LINE('',#10930,#2876);
#1921=LINE('',#10933,#2877);
#1922=LINE('',#10934,#2878);
#1923=LINE('',#10936,#2879);
#1924=LINE('',#10939,#2880);
#1925=LINE('',#10941,#2881);
#1926=LINE('',#10942,#2882);
#1927=LINE('',#10945,#2883);
#1928=LINE('',#10946,#2884);
#1929=LINE('',#10949,#2885);
#1930=LINE('',#10950,#2886);
#1931=LINE('',#10952,#2887);
#1932=LINE('',#10955,#2888);
#1933=LINE('',#10957,#2889);
#1934=LINE('',#10958,#2890);
#1935=LINE('',#10961,#2891);
#1936=LINE('',#10962,#2892);
#1937=LINE('',#10965,#2893);
#1938=LINE('',#10966,#2894);
#1939=LINE('',#10968,#2895);
#1940=LINE('',#10971,#2896);
#1941=LINE('',#10973,#2897);
#1942=LINE('',#10974,#2898);
#1943=LINE('',#10977,#2899);
#1944=LINE('',#10978,#2900);
#1945=LINE('',#10981,#2901);
#1946=LINE('',#10982,#2902);
#1947=LINE('',#10984,#2903);
#1948=LINE('',#10987,#2904);
#1949=LINE('',#10989,#2905);
#1950=LINE('',#10990,#2906);
#1951=LINE('',#10993,#2907);
#1952=LINE('',#10994,#2908);
#1953=LINE('',#10997,#2909);
#1954=LINE('',#10998,#2910);
#1955=LINE('',#11000,#2911);
#1956=LINE('',#11003,#2912);
#1957=LINE('',#11005,#2913);
#1958=LINE('',#11006,#2914);
#1959=LINE('',#11009,#2915);
#1960=LINE('',#11010,#2916);
#1961=LINE('',#11013,#2917);
#1962=LINE('',#11014,#2918);
#1963=LINE('',#11016,#2919);
#1964=LINE('',#11019,#2920);
#1965=LINE('',#11021,#2921);
#1966=LINE('',#11022,#2922);
#1967=LINE('',#11025,#2923);
#1968=LINE('',#11026,#2924);
#1969=LINE('',#11029,#2925);
#1970=LINE('',#11030,#2926);
#1971=LINE('',#11032,#2927);
#1972=LINE('',#11035,#2928);
#1973=LINE('',#11037,#2929);
#1974=LINE('',#11038,#2930);
#1975=LINE('',#11041,#2931);
#1976=LINE('',#11042,#2932);
#1977=LINE('',#11045,#2933);
#1978=LINE('',#11046,#2934);
#1979=LINE('',#11048,#2935);
#1980=LINE('',#11051,#2936);
#1981=LINE('',#11053,#2937);
#1982=LINE('',#11054,#2938);
#1983=LINE('',#11057,#2939);
#1984=LINE('',#11058,#2940);
#1985=LINE('',#11061,#2941);
#1986=LINE('',#11062,#2942);
#1987=LINE('',#11064,#2943);
#1988=LINE('',#11067,#2944);
#1989=LINE('',#11069,#2945);
#1990=LINE('',#11070,#2946);
#1991=LINE('',#11073,#2947);
#1992=LINE('',#11074,#2948);
#1993=LINE('',#11077,#2949);
#1994=LINE('',#11078,#2950);
#1995=LINE('',#11080,#2951);
#1996=LINE('',#11083,#2952);
#1997=LINE('',#11085,#2953);
#1998=LINE('',#11086,#2954);
#1999=LINE('',#11089,#2955);
#2000=LINE('',#11090,#2956);
#2001=LINE('',#11093,#2957);
#2002=LINE('',#11094,#2958);
#2003=LINE('',#11096,#2959);
#2004=LINE('',#11099,#2960);
#2005=LINE('',#11101,#2961);
#2006=LINE('',#11102,#2962);
#2007=LINE('',#11105,#2963);
#2008=LINE('',#11106,#2964);
#2009=LINE('',#11109,#2965);
#2010=LINE('',#11110,#2966);
#2011=LINE('',#11112,#2967);
#2012=LINE('',#11115,#2968);
#2013=LINE('',#11117,#2969);
#2014=LINE('',#11118,#2970);
#2015=LINE('',#11121,#2971);
#2016=LINE('',#11122,#2972);
#2017=LINE('',#11125,#2973);
#2018=LINE('',#11126,#2974);
#2019=LINE('',#11128,#2975);
#2020=LINE('',#11131,#2976);
#2021=LINE('',#11133,#2977);
#2022=LINE('',#11134,#2978);
#2023=LINE('',#11137,#2979);
#2024=LINE('',#11138,#2980);
#2025=LINE('',#11141,#2981);
#2026=LINE('',#11142,#2982);
#2027=LINE('',#11144,#2983);
#2028=LINE('',#11147,#2984);
#2029=LINE('',#11149,#2985);
#2030=LINE('',#11150,#2986);
#2031=LINE('',#11153,#2987);
#2032=LINE('',#11154,#2988);
#2033=LINE('',#11157,#2989);
#2034=LINE('',#11158,#2990);
#2035=LINE('',#11160,#2991);
#2036=LINE('',#11163,#2992);
#2037=LINE('',#11165,#2993);
#2038=LINE('',#11166,#2994);
#2039=LINE('',#11169,#2995);
#2040=LINE('',#11170,#2996);
#2041=LINE('',#11173,#2997);
#2042=LINE('',#11174,#2998);
#2043=LINE('',#11176,#2999);
#2044=LINE('',#11179,#3000);
#2045=LINE('',#11181,#3001);
#2046=LINE('',#11182,#3002);
#2047=LINE('',#11185,#3003);
#2048=LINE('',#11186,#3004);
#2049=LINE('',#11189,#3005);
#2050=LINE('',#11190,#3006);
#2051=LINE('',#11192,#3007);
#2052=LINE('',#11195,#3008);
#2053=LINE('',#11197,#3009);
#2054=LINE('',#11198,#3010);
#2055=LINE('',#11201,#3011);
#2056=LINE('',#11202,#3012);
#2057=LINE('',#11205,#3013);
#2058=LINE('',#11206,#3014);
#2059=LINE('',#11208,#3015);
#2060=LINE('',#11211,#3016);
#2061=LINE('',#11213,#3017);
#2062=LINE('',#11214,#3018);
#2063=LINE('',#11217,#3019);
#2064=LINE('',#11218,#3020);
#2065=LINE('',#11221,#3021);
#2066=LINE('',#11222,#3022);
#2067=LINE('',#11224,#3023);
#2068=LINE('',#11227,#3024);
#2069=LINE('',#11229,#3025);
#2070=LINE('',#11230,#3026);
#2071=LINE('',#11233,#3027);
#2072=LINE('',#11234,#3028);
#2073=LINE('',#11237,#3029);
#2074=LINE('',#11238,#3030);
#2075=LINE('',#11240,#3031);
#2076=LINE('',#11243,#3032);
#2077=LINE('',#11245,#3033);
#2078=LINE('',#11246,#3034);
#2079=LINE('',#11249,#3035);
#2080=LINE('',#11250,#3036);
#2081=LINE('',#11253,#3037);
#2082=LINE('',#11254,#3038);
#2083=LINE('',#11256,#3039);
#2084=LINE('',#11259,#3040);
#2085=LINE('',#11261,#3041);
#2086=LINE('',#11262,#3042);
#2087=LINE('',#11265,#3043);
#2088=LINE('',#11266,#3044);
#2089=LINE('',#11269,#3045);
#2090=LINE('',#11270,#3046);
#2091=LINE('',#11272,#3047);
#2092=LINE('',#11275,#3048);
#2093=LINE('',#11277,#3049);
#2094=LINE('',#11278,#3050);
#2095=LINE('',#11281,#3051);
#2096=LINE('',#11282,#3052);
#2097=LINE('',#11285,#3053);
#2098=LINE('',#11286,#3054);
#2099=LINE('',#11288,#3055);
#2100=LINE('',#11291,#3056);
#2101=LINE('',#11293,#3057);
#2102=LINE('',#11294,#3058);
#2103=LINE('',#11297,#3059);
#2104=LINE('',#11298,#3060);
#2105=LINE('',#11301,#3061);
#2106=LINE('',#11302,#3062);
#2107=LINE('',#11304,#3063);
#2108=LINE('',#11307,#3064);
#2109=LINE('',#11309,#3065);
#2110=LINE('',#11310,#3066);
#2111=LINE('',#11313,#3067);
#2112=LINE('',#11314,#3068);
#2113=LINE('',#11317,#3069);
#2114=LINE('',#11318,#3070);
#2115=LINE('',#11320,#3071);
#2116=LINE('',#11323,#3072);
#2117=LINE('',#11325,#3073);
#2118=LINE('',#11326,#3074);
#2119=LINE('',#11329,#3075);
#2120=LINE('',#11330,#3076);
#2121=LINE('',#11333,#3077);
#2122=LINE('',#11334,#3078);
#2123=LINE('',#11336,#3079);
#2124=LINE('',#11339,#3080);
#2125=LINE('',#11341,#3081);
#2126=LINE('',#11342,#3082);
#2127=LINE('',#11345,#3083);
#2128=LINE('',#11346,#3084);
#2129=LINE('',#11349,#3085);
#2130=LINE('',#11350,#3086);
#2131=LINE('',#11352,#3087);
#2132=LINE('',#11355,#3088);
#2133=LINE('',#11357,#3089);
#2134=LINE('',#11358,#3090);
#2135=LINE('',#11361,#3091);
#2136=LINE('',#11362,#3092);
#2137=LINE('',#11365,#3093);
#2138=LINE('',#11366,#3094);
#2139=LINE('',#11368,#3095);
#2140=LINE('',#11371,#3096);
#2141=LINE('',#11373,#3097);
#2142=LINE('',#11374,#3098);
#2143=LINE('',#11377,#3099);
#2144=LINE('',#11378,#3100);
#2145=LINE('',#11381,#3101);
#2146=LINE('',#11382,#3102);
#2147=LINE('',#11384,#3103);
#2148=LINE('',#11387,#3104);
#2149=LINE('',#11389,#3105);
#2150=LINE('',#11390,#3106);
#2151=LINE('',#11393,#3107);
#2152=LINE('',#11394,#3108);
#2153=LINE('',#11397,#3109);
#2154=LINE('',#11398,#3110);
#2155=LINE('',#11400,#3111);
#2156=LINE('',#11403,#3112);
#2157=LINE('',#11405,#3113);
#2158=LINE('',#11406,#3114);
#2159=LINE('',#11409,#3115);
#2160=LINE('',#11410,#3116);
#2161=LINE('',#11413,#3117);
#2162=LINE('',#11414,#3118);
#2163=LINE('',#11416,#3119);
#2164=LINE('',#11419,#3120);
#2165=LINE('',#11421,#3121);
#2166=LINE('',#11422,#3122);
#2167=LINE('',#11425,#3123);
#2168=LINE('',#11426,#3124);
#2169=LINE('',#11429,#3125);
#2170=LINE('',#11430,#3126);
#2171=LINE('',#11432,#3127);
#2172=LINE('',#11435,#3128);
#2173=LINE('',#11437,#3129);
#2174=LINE('',#11438,#3130);
#2175=LINE('',#11441,#3131);
#2176=LINE('',#11442,#3132);
#2177=LINE('',#11445,#3133);
#2178=LINE('',#11446,#3134);
#2179=LINE('',#11448,#3135);
#2180=LINE('',#11451,#3136);
#2181=LINE('',#11453,#3137);
#2182=LINE('',#11454,#3138);
#2183=LINE('',#11457,#3139);
#2184=LINE('',#11458,#3140);
#2185=LINE('',#11461,#3141);
#2186=LINE('',#11462,#3142);
#2187=LINE('',#11464,#3143);
#2188=LINE('',#11467,#3144);
#2189=LINE('',#11469,#3145);
#2190=LINE('',#11470,#3146);
#2191=LINE('',#11473,#3147);
#2192=LINE('',#11474,#3148);
#2193=LINE('',#11477,#3149);
#2194=LINE('',#11478,#3150);
#2195=LINE('',#11480,#3151);
#2196=LINE('',#11483,#3152);
#2197=LINE('',#11485,#3153);
#2198=LINE('',#11486,#3154);
#2199=LINE('',#11489,#3155);
#2200=LINE('',#11490,#3156);
#2201=LINE('',#11493,#3157);
#2202=LINE('',#11494,#3158);
#2203=LINE('',#11496,#3159);
#2204=LINE('',#11499,#3160);
#2205=LINE('',#11501,#3161);
#2206=LINE('',#11502,#3162);
#2207=LINE('',#11505,#3163);
#2208=LINE('',#11506,#3164);
#2209=LINE('',#11509,#3165);
#2210=LINE('',#11510,#3166);
#2211=LINE('',#11512,#3167);
#2212=LINE('',#11515,#3168);
#2213=LINE('',#11517,#3169);
#2214=LINE('',#11518,#3170);
#2215=LINE('',#11521,#3171);
#2216=LINE('',#11522,#3172);
#2217=LINE('',#11525,#3173);
#2218=LINE('',#11526,#3174);
#2219=LINE('',#11528,#3175);
#2220=LINE('',#11531,#3176);
#2221=LINE('',#11532,#3177);
#2222=LINE('',#11535,#3178);
#2223=LINE('',#11536,#3179);
#2224=LINE('',#11538,#3180);
#2225=LINE('',#11543,#3181);
#2226=LINE('',#11545,#3182);
#2227=LINE('',#11547,#3183);
#2228=LINE('',#11549,#3184);
#2229=LINE('',#11551,#3185);
#2230=LINE('',#11553,#3186);
#2231=LINE('',#11555,#3187);
#2232=LINE('',#11556,#3188);
#2233=LINE('',#11559,#3189);
#2234=LINE('',#11561,#3190);
#2235=LINE('',#11562,#3191);
#2236=LINE('',#11565,#3192);
#2237=LINE('',#11566,#3193);
#2238=LINE('',#11569,#3194);
#2239=LINE('',#11570,#3195);
#2240=LINE('',#11573,#3196);
#2241=LINE('',#11574,#3197);
#2242=LINE('',#11580,#3198);
#2243=LINE('',#11584,#3199);
#2244=LINE('',#11588,#3200);
#2245=LINE('',#11591,#3201);
#2246=LINE('',#11610,#3202);
#2247=LINE('',#11611,#3203);
#2248=LINE('',#11614,#3204);
#2249=LINE('',#11616,#3205);
#2250=LINE('',#11617,#3206);
#2251=LINE('',#11620,#3207);
#2252=LINE('',#11624,#3208);
#2253=LINE('',#11625,#3209);
#2254=LINE('',#11628,#3210);
#2255=LINE('',#11632,#3211);
#2256=LINE('',#11636,#3212);
#2257=LINE('',#11639,#3213);
#2258=LINE('',#11641,#3214);
#2259=LINE('',#11642,#3215);
#2260=LINE('',#11660,#3216);
#2261=LINE('',#11662,#3217);
#2262=LINE('',#11663,#3218);
#2263=LINE('',#11666,#3219);
#2264=LINE('',#11668,#3220);
#2265=LINE('',#11670,#3221);
#2266=LINE('',#11672,#3222);
#2267=LINE('',#11674,#3223);
#2268=LINE('',#11676,#3224);
#2269=LINE('',#11678,#3225);
#2270=LINE('',#11680,#3226);
#2271=LINE('',#11682,#3227);
#2272=LINE('',#11684,#3228);
#2273=LINE('',#11692,#3229);
#2274=LINE('',#11695,#3230);
#2275=LINE('',#11698,#3231);
#2276=LINE('',#11700,#3232);
#2277=LINE('',#11701,#3233);
#2278=LINE('',#11707,#3234);
#2279=LINE('',#11710,#3235);
#2280=LINE('',#11712,#3236);
#2281=LINE('',#11713,#3237);
#2282=LINE('',#11719,#3238);
#2283=LINE('',#11722,#3239);
#2284=LINE('',#11724,#3240);
#2285=LINE('',#11725,#3241);
#2286=LINE('',#11731,#3242);
#2287=LINE('',#11734,#3243);
#2288=LINE('',#11736,#3244);
#2289=LINE('',#11737,#3245);
#2290=LINE('',#11743,#3246);
#2291=LINE('',#11746,#3247);
#2292=LINE('',#11748,#3248);
#2293=LINE('',#11749,#3249);
#2294=LINE('',#11755,#3250);
#2295=LINE('',#11757,#3251);
#2296=LINE('',#11758,#3252);
#2297=LINE('',#11764,#3253);
#2298=LINE('',#11767,#3254);
#2299=LINE('',#11770,#3255);
#2300=LINE('',#11772,#3256);
#2301=LINE('',#11773,#3257);
#2302=LINE('',#11776,#3258);
#2303=LINE('',#11780,#3259);
#2304=LINE('',#11784,#3260);
#2305=LINE('',#11788,#3261);
#2306=LINE('',#11790,#3262);
#2307=LINE('',#11792,#3263);
#2308=LINE('',#11793,#3264);
#2309=LINE('',#11796,#3265);
#2310=LINE('',#11799,#3266);
#2311=LINE('',#11802,#3267);
#2312=LINE('',#11803,#3268);
#2313=LINE('',#11808,#3269);
#2314=LINE('',#11811,#3270);
#2315=LINE('',#11813,#3271);
#2316=LINE('',#11829,#3272);
#2317=LINE('',#11831,#3273);
#2318=LINE('',#11833,#3274);
#2319=LINE('',#11834,#3275);
#2320=LINE('',#11837,#3276);
#2321=LINE('',#11839,#3277);
#2322=LINE('',#11841,#3278);
#2323=LINE('',#11842,#3279);
#2324=LINE('',#11844,#3280);
#2325=LINE('',#11845,#3281);
#2326=LINE('',#11847,#3282);
#2327=LINE('',#11849,#3283);
#2328=LINE('',#11853,#3284);
#2329=LINE('',#11857,#3285);
#2330=LINE('',#11861,#3286);
#2331=LINE('',#11866,#3287);
#2332=LINE('',#11867,#3288);
#2333=LINE('',#11868,#3289);
#2334=LINE('',#11871,#3290);
#2335=LINE('',#11872,#3291);
#2336=LINE('',#11875,#3292);
#2337=LINE('',#11876,#3293);
#2338=LINE('',#11878,#3294);
#2339=LINE('',#11881,#3295);
#2340=LINE('',#11884,#3296);
#2341=VECTOR('',#7993,2.00000002980232);
#2342=VECTOR('',#8000,2.00000002980232);
#2343=VECTOR('',#8007,2.00000002980232);
#2344=VECTOR('',#8014,2.00000002980232);
#2345=VECTOR('',#8021,10.);
#2346=VECTOR('',#8024,10.);
#2347=VECTOR('',#8027,10.);
#2348=VECTOR('',#8028,10.);
#2349=VECTOR('',#8029,10.);
#2350=VECTOR('',#8034,10.);
#2351=VECTOR('',#8037,10.);
#2352=VECTOR('',#8040,10.);
#2353=VECTOR('',#8041,10.);
#2354=VECTOR('',#8046,10.);
#2355=VECTOR('',#8049,10.);
#2356=VECTOR('',#8052,10.);
#2357=VECTOR('',#8053,10.);
#2358=VECTOR('',#8058,10.);
#2359=VECTOR('',#8063,10.);
#2360=VECTOR('',#8064,10.);
#2361=VECTOR('',#8069,10.);
#2362=VECTOR('',#8072,10.);
#2363=VECTOR('',#8075,10.);
#2364=VECTOR('',#8076,10.);
#2365=VECTOR('',#8077,10.);
#2366=VECTOR('',#8082,10.);
#2367=VECTOR('',#8087,10.);
#2368=VECTOR('',#8088,10.);
#2369=VECTOR('',#8089,10.);
#2370=VECTOR('',#8094,10.);
#2371=VECTOR('',#8099,10.);
#2372=VECTOR('',#8100,10.);
#2373=VECTOR('',#8101,10.);
#2374=VECTOR('',#8106,10.);
#2375=VECTOR('',#8111,10.);
#2376=VECTOR('',#8112,10.);
#2377=VECTOR('',#8115,10.);
#2378=VECTOR('',#8116,10.);
#2379=VECTOR('',#8117,10.);
#2380=VECTOR('',#8118,10.);
#2381=VECTOR('',#8121,10.);
#2382=VECTOR('',#8122,10.);
#2383=VECTOR('',#8123,10.);
#2384=VECTOR('',#8124,10.);
#2385=VECTOR('',#8127,10.);
#2386=VECTOR('',#8128,10.);
#2387=VECTOR('',#8131,10.);
#2388=VECTOR('',#8132,10.);
#2389=VECTOR('',#8133,10.);
#2390=VECTOR('',#8134,10.);
#2391=VECTOR('',#8135,10.);
#2392=VECTOR('',#8136,10.);
#2393=VECTOR('',#8137,10.);
#2394=VECTOR('',#8138,10.);
#2395=VECTOR('',#8139,10.);
#2396=VECTOR('',#8140,10.);
#2397=VECTOR('',#8141,10.);
#2398=VECTOR('',#8142,10.);
#2399=VECTOR('',#8143,10.);
#2400=VECTOR('',#8144,10.);
#2401=VECTOR('',#8145,10.);
#2402=VECTOR('',#8146,10.);
#2403=VECTOR('',#8147,10.);
#2404=VECTOR('',#8148,10.);
#2405=VECTOR('',#8149,10.);
#2406=VECTOR('',#8150,10.);
#2407=VECTOR('',#8151,10.);
#2408=VECTOR('',#8152,10.);
#2409=VECTOR('',#8153,10.);
#2410=VECTOR('',#8154,10.);
#2411=VECTOR('',#8155,10.);
#2412=VECTOR('',#8156,10.);
#2413=VECTOR('',#8157,10.);
#2414=VECTOR('',#8158,10.);
#2415=VECTOR('',#8159,10.);
#2416=VECTOR('',#8160,10.);
#2417=VECTOR('',#8161,10.);
#2418=VECTOR('',#8162,10.);
#2419=VECTOR('',#8163,10.);
#2420=VECTOR('',#8164,10.);
#2421=VECTOR('',#8165,10.);
#2422=VECTOR('',#8166,10.);
#2423=VECTOR('',#8167,10.);
#2424=VECTOR('',#8168,10.);
#2425=VECTOR('',#8169,10.);
#2426=VECTOR('',#8170,10.);
#2427=VECTOR('',#8171,10.);
#2428=VECTOR('',#8172,10.);
#2429=VECTOR('',#8173,10.);
#2430=VECTOR('',#8174,10.);
#2431=VECTOR('',#8175,10.);
#2432=VECTOR('',#8176,10.);
#2433=VECTOR('',#8177,10.);
#2434=VECTOR('',#8178,10.);
#2435=VECTOR('',#8179,10.);
#2436=VECTOR('',#8180,10.);
#2437=VECTOR('',#8181,10.);
#2438=VECTOR('',#8182,10.);
#2439=VECTOR('',#8183,10.);
#2440=VECTOR('',#8184,10.);
#2441=VECTOR('',#8185,10.);
#2442=VECTOR('',#8186,10.);
#2443=VECTOR('',#8187,10.);
#2444=VECTOR('',#8188,10.);
#2445=VECTOR('',#8189,10.);
#2446=VECTOR('',#8190,10.);
#2447=VECTOR('',#8191,10.);
#2448=VECTOR('',#8192,10.);
#2449=VECTOR('',#8193,10.);
#2450=VECTOR('',#8194,10.);
#2451=VECTOR('',#8195,10.);
#2452=VECTOR('',#8196,10.);
#2453=VECTOR('',#8197,10.);
#2454=VECTOR('',#8198,10.);
#2455=VECTOR('',#8199,10.);
#2456=VECTOR('',#8200,10.);
#2457=VECTOR('',#8201,10.);
#2458=VECTOR('',#8202,10.);
#2459=VECTOR('',#8203,10.);
#2460=VECTOR('',#8204,10.);
#2461=VECTOR('',#8205,10.);
#2462=VECTOR('',#8206,10.);
#2463=VECTOR('',#8207,10.);
#2464=VECTOR('',#8208,10.);
#2465=VECTOR('',#8209,10.);
#2466=VECTOR('',#8210,10.);
#2467=VECTOR('',#8211,10.);
#2468=VECTOR('',#8212,10.);
#2469=VECTOR('',#8213,10.);
#2470=VECTOR('',#8214,10.);
#2471=VECTOR('',#8215,10.);
#2472=VECTOR('',#8216,10.);
#2473=VECTOR('',#8217,10.);
#2474=VECTOR('',#8218,10.);
#2475=VECTOR('',#8219,10.);
#2476=VECTOR('',#8220,10.);
#2477=VECTOR('',#8221,10.);
#2478=VECTOR('',#8222,10.);
#2479=VECTOR('',#8223,10.);
#2480=VECTOR('',#8224,10.);
#2481=VECTOR('',#8225,10.);
#2482=VECTOR('',#8226,10.);
#2483=VECTOR('',#8227,10.);
#2484=VECTOR('',#8228,10.);
#2485=VECTOR('',#8229,10.);
#2486=VECTOR('',#8230,10.);
#2487=VECTOR('',#8231,10.);
#2488=VECTOR('',#8232,10.);
#2489=VECTOR('',#8233,10.);
#2490=VECTOR('',#8234,10.);
#2491=VECTOR('',#8235,10.);
#2492=VECTOR('',#8236,10.);
#2493=VECTOR('',#8237,10.);
#2494=VECTOR('',#8238,10.);
#2495=VECTOR('',#8239,10.);
#2496=VECTOR('',#8240,10.);
#2497=VECTOR('',#8241,10.);
#2498=VECTOR('',#8242,10.);
#2499=VECTOR('',#8243,10.);
#2500=VECTOR('',#8244,10.);
#2501=VECTOR('',#8245,10.);
#2502=VECTOR('',#8246,10.);
#2503=VECTOR('',#8247,10.);
#2504=VECTOR('',#8248,10.);
#2505=VECTOR('',#8249,10.);
#2506=VECTOR('',#8250,10.);
#2507=VECTOR('',#8251,10.);
#2508=VECTOR('',#8252,10.);
#2509=VECTOR('',#8253,10.);
#2510=VECTOR('',#8254,10.);
#2511=VECTOR('',#8255,10.);
#2512=VECTOR('',#8256,10.);
#2513=VECTOR('',#8257,10.);
#2514=VECTOR('',#8258,10.);
#2515=VECTOR('',#8259,10.);
#2516=VECTOR('',#8260,10.);
#2517=VECTOR('',#8261,10.);
#2518=VECTOR('',#8262,10.);
#2519=VECTOR('',#8263,10.);
#2520=VECTOR('',#8264,10.);
#2521=VECTOR('',#8265,10.);
#2522=VECTOR('',#8266,10.);
#2523=VECTOR('',#8267,10.);
#2524=VECTOR('',#8268,10.);
#2525=VECTOR('',#8269,10.);
#2526=VECTOR('',#8270,10.);
#2527=VECTOR('',#8271,10.);
#2528=VECTOR('',#8272,10.);
#2529=VECTOR('',#8273,10.);
#2530=VECTOR('',#8274,10.);
#2531=VECTOR('',#8275,10.);
#2532=VECTOR('',#8276,10.);
#2533=VECTOR('',#8277,10.);
#2534=VECTOR('',#8278,10.);
#2535=VECTOR('',#8279,10.);
#2536=VECTOR('',#8280,10.);
#2537=VECTOR('',#8281,10.);
#2538=VECTOR('',#8282,10.);
#2539=VECTOR('',#8283,10.);
#2540=VECTOR('',#8284,10.);
#2541=VECTOR('',#8285,10.);
#2542=VECTOR('',#8286,10.);
#2543=VECTOR('',#8287,10.);
#2544=VECTOR('',#8288,10.);
#2545=VECTOR('',#8289,10.);
#2546=VECTOR('',#8290,10.);
#2547=VECTOR('',#8291,10.);
#2548=VECTOR('',#8292,10.);
#2549=VECTOR('',#8293,10.);
#2550=VECTOR('',#8294,10.);
#2551=VECTOR('',#8295,10.);
#2552=VECTOR('',#8296,10.);
#2553=VECTOR('',#8297,10.);
#2554=VECTOR('',#8298,10.);
#2555=VECTOR('',#8299,10.);
#2556=VECTOR('',#8300,10.);
#2557=VECTOR('',#8301,10.);
#2558=VECTOR('',#8302,10.);
#2559=VECTOR('',#8303,10.);
#2560=VECTOR('',#8304,10.);
#2561=VECTOR('',#8305,10.);
#2562=VECTOR('',#8306,10.);
#2563=VECTOR('',#8307,10.);
#2564=VECTOR('',#8308,10.);
#2565=VECTOR('',#8309,10.);
#2566=VECTOR('',#8310,10.);
#2567=VECTOR('',#8311,10.);
#2568=VECTOR('',#8312,10.);
#2569=VECTOR('',#8313,10.);
#2570=VECTOR('',#8314,10.);
#2571=VECTOR('',#8315,10.);
#2572=VECTOR('',#8316,10.);
#2573=VECTOR('',#8317,10.);
#2574=VECTOR('',#8318,10.);
#2575=VECTOR('',#8319,10.);
#2576=VECTOR('',#8320,10.);
#2577=VECTOR('',#8321,10.);
#2578=VECTOR('',#8322,10.);
#2579=VECTOR('',#8323,10.);
#2580=VECTOR('',#8324,10.);
#2581=VECTOR('',#8325,10.);
#2582=VECTOR('',#8326,10.);
#2583=VECTOR('',#8327,10.);
#2584=VECTOR('',#8328,10.);
#2585=VECTOR('',#8329,10.);
#2586=VECTOR('',#8330,10.);
#2587=VECTOR('',#8331,10.);
#2588=VECTOR('',#8332,10.);
#2589=VECTOR('',#8333,10.);
#2590=VECTOR('',#8334,10.);
#2591=VECTOR('',#8335,10.);
#2592=VECTOR('',#8336,10.);
#2593=VECTOR('',#8337,10.);
#2594=VECTOR('',#8338,10.);
#2595=VECTOR('',#8339,10.);
#2596=VECTOR('',#8340,10.);
#2597=VECTOR('',#8341,10.);
#2598=VECTOR('',#8342,10.);
#2599=VECTOR('',#8343,10.);
#2600=VECTOR('',#8344,10.);
#2601=VECTOR('',#8345,10.);
#2602=VECTOR('',#8346,10.);
#2603=VECTOR('',#8347,10.);
#2604=VECTOR('',#8348,10.);
#2605=VECTOR('',#8349,10.);
#2606=VECTOR('',#8350,10.);
#2607=VECTOR('',#8351,10.);
#2608=VECTOR('',#8352,10.);
#2609=VECTOR('',#8353,10.);
#2610=VECTOR('',#8354,10.);
#2611=VECTOR('',#8355,10.);
#2612=VECTOR('',#8356,10.);
#2613=VECTOR('',#8357,10.);
#2614=VECTOR('',#8358,10.);
#2615=VECTOR('',#8359,10.);
#2616=VECTOR('',#8360,10.);
#2617=VECTOR('',#8361,10.);
#2618=VECTOR('',#8362,10.);
#2619=VECTOR('',#8363,10.);
#2620=VECTOR('',#8364,10.);
#2621=VECTOR('',#8365,10.);
#2622=VECTOR('',#8366,10.);
#2623=VECTOR('',#8367,10.);
#2624=VECTOR('',#8368,10.);
#2625=VECTOR('',#8369,10.);
#2626=VECTOR('',#8370,10.);
#2627=VECTOR('',#8371,10.);
#2628=VECTOR('',#8372,10.);
#2629=VECTOR('',#8373,10.);
#2630=VECTOR('',#8374,10.);
#2631=VECTOR('',#8375,10.);
#2632=VECTOR('',#8376,10.);
#2633=VECTOR('',#8377,10.);
#2634=VECTOR('',#8378,10.);
#2635=VECTOR('',#8379,10.);
#2636=VECTOR('',#8380,10.);
#2637=VECTOR('',#8381,10.);
#2638=VECTOR('',#8382,10.);
#2639=VECTOR('',#8383,10.);
#2640=VECTOR('',#8384,10.);
#2641=VECTOR('',#8385,10.);
#2642=VECTOR('',#8386,10.);
#2643=VECTOR('',#8387,10.);
#2644=VECTOR('',#8388,10.);
#2645=VECTOR('',#8389,10.);
#2646=VECTOR('',#8390,10.);
#2647=VECTOR('',#8391,10.);
#2648=VECTOR('',#8392,10.);
#2649=VECTOR('',#8393,10.);
#2650=VECTOR('',#8394,10.);
#2651=VECTOR('',#8395,10.);
#2652=VECTOR('',#8398,10.);
#2653=VECTOR('',#8399,10.);
#2654=VECTOR('',#8402,10.);
#2655=VECTOR('',#8403,10.);
#2656=VECTOR('',#8406,10.);
#2657=VECTOR('',#8407,10.);
#2658=VECTOR('',#8408,10.);
#2659=VECTOR('',#8411,10.);
#2660=VECTOR('',#8412,10.);
#2661=VECTOR('',#8415,10.);
#2662=VECTOR('',#8416,10.);
#2663=VECTOR('',#8419,10.);
#2664=VECTOR('',#8422,10.);
#2665=VECTOR('',#8423,10.);
#2666=VECTOR('',#8424,10.);
#2667=VECTOR('',#8427,10.);
#2668=VECTOR('',#8428,10.);
#2669=VECTOR('',#8431,10.);
#2670=VECTOR('',#8432,10.);
#2671=VECTOR('',#8435,10.);
#2672=VECTOR('',#8438,10.);
#2673=VECTOR('',#8439,10.);
#2674=VECTOR('',#8440,10.);
#2675=VECTOR('',#8443,10.);
#2676=VECTOR('',#8444,10.);
#2677=VECTOR('',#8447,10.);
#2678=VECTOR('',#8448,10.);
#2679=VECTOR('',#8451,10.);
#2680=VECTOR('',#8454,10.);
#2681=VECTOR('',#8455,10.);
#2682=VECTOR('',#8456,10.);
#2683=VECTOR('',#8459,10.);
#2684=VECTOR('',#8460,10.);
#2685=VECTOR('',#8463,10.);
#2686=VECTOR('',#8464,10.);
#2687=VECTOR('',#8467,10.);
#2688=VECTOR('',#8470,10.);
#2689=VECTOR('',#8471,10.);
#2690=VECTOR('',#8472,10.);
#2691=VECTOR('',#8475,10.);
#2692=VECTOR('',#8476,10.);
#2693=VECTOR('',#8479,10.);
#2694=VECTOR('',#8480,10.);
#2695=VECTOR('',#8483,10.);
#2696=VECTOR('',#8486,10.);
#2697=VECTOR('',#8487,10.);
#2698=VECTOR('',#8488,10.);
#2699=VECTOR('',#8491,10.);
#2700=VECTOR('',#8492,10.);
#2701=VECTOR('',#8495,10.);
#2702=VECTOR('',#8496,10.);
#2703=VECTOR('',#8499,10.);
#2704=VECTOR('',#8502,10.);
#2705=VECTOR('',#8503,10.);
#2706=VECTOR('',#8504,10.);
#2707=VECTOR('',#8507,10.);
#2708=VECTOR('',#8508,10.);
#2709=VECTOR('',#8511,10.);
#2710=VECTOR('',#8512,10.);
#2711=VECTOR('',#8515,10.);
#2712=VECTOR('',#8518,10.);
#2713=VECTOR('',#8519,10.);
#2714=VECTOR('',#8520,10.);
#2715=VECTOR('',#8523,10.);
#2716=VECTOR('',#8524,10.);
#2717=VECTOR('',#8527,10.);
#2718=VECTOR('',#8528,10.);
#2719=VECTOR('',#8531,10.);
#2720=VECTOR('',#8534,10.);
#2721=VECTOR('',#8535,10.);
#2722=VECTOR('',#8536,10.);
#2723=VECTOR('',#8539,10.);
#2724=VECTOR('',#8540,10.);
#2725=VECTOR('',#8543,10.);
#2726=VECTOR('',#8544,10.);
#2727=VECTOR('',#8547,10.);
#2728=VECTOR('',#8550,10.);
#2729=VECTOR('',#8551,10.);
#2730=VECTOR('',#8552,10.);
#2731=VECTOR('',#8555,10.);
#2732=VECTOR('',#8556,10.);
#2733=VECTOR('',#8559,10.);
#2734=VECTOR('',#8560,10.);
#2735=VECTOR('',#8563,10.);
#2736=VECTOR('',#8566,10.);
#2737=VECTOR('',#8567,10.);
#2738=VECTOR('',#8568,10.);
#2739=VECTOR('',#8571,10.);
#2740=VECTOR('',#8572,10.);
#2741=VECTOR('',#8575,10.);
#2742=VECTOR('',#8576,10.);
#2743=VECTOR('',#8579,10.);
#2744=VECTOR('',#8582,10.);
#2745=VECTOR('',#8583,10.);
#2746=VECTOR('',#8584,10.);
#2747=VECTOR('',#8587,10.);
#2748=VECTOR('',#8588,10.);
#2749=VECTOR('',#8591,10.);
#2750=VECTOR('',#8592,10.);
#2751=VECTOR('',#8595,10.);
#2752=VECTOR('',#8598,10.);
#2753=VECTOR('',#8599,10.);
#2754=VECTOR('',#8600,10.);
#2755=VECTOR('',#8603,10.);
#2756=VECTOR('',#8604,10.);
#2757=VECTOR('',#8607,10.);
#2758=VECTOR('',#8608,10.);
#2759=VECTOR('',#8611,10.);
#2760=VECTOR('',#8614,10.);
#2761=VECTOR('',#8615,10.);
#2762=VECTOR('',#8616,10.);
#2763=VECTOR('',#8619,10.);
#2764=VECTOR('',#8620,10.);
#2765=VECTOR('',#8623,10.);
#2766=VECTOR('',#8624,10.);
#2767=VECTOR('',#8627,10.);
#2768=VECTOR('',#8630,10.);
#2769=VECTOR('',#8631,10.);
#2770=VECTOR('',#8632,10.);
#2771=VECTOR('',#8635,10.);
#2772=VECTOR('',#8636,10.);
#2773=VECTOR('',#8639,10.);
#2774=VECTOR('',#8640,10.);
#2775=VECTOR('',#8643,10.);
#2776=VECTOR('',#8646,10.);
#2777=VECTOR('',#8647,10.);
#2778=VECTOR('',#8648,10.);
#2779=VECTOR('',#8651,10.);
#2780=VECTOR('',#8652,10.);
#2781=VECTOR('',#8655,10.);
#2782=VECTOR('',#8656,10.);
#2783=VECTOR('',#8659,10.);
#2784=VECTOR('',#8662,10.);
#2785=VECTOR('',#8663,10.);
#2786=VECTOR('',#8664,10.);
#2787=VECTOR('',#8667,10.);
#2788=VECTOR('',#8668,10.);
#2789=VECTOR('',#8671,10.);
#2790=VECTOR('',#8672,10.);
#2791=VECTOR('',#8675,10.);
#2792=VECTOR('',#8678,10.);
#2793=VECTOR('',#8679,10.);
#2794=VECTOR('',#8680,10.);
#2795=VECTOR('',#8683,10.);
#2796=VECTOR('',#8684,10.);
#2797=VECTOR('',#8687,10.);
#2798=VECTOR('',#8688,10.);
#2799=VECTOR('',#8691,10.);
#2800=VECTOR('',#8694,10.);
#2801=VECTOR('',#8695,10.);
#2802=VECTOR('',#8696,10.);
#2803=VECTOR('',#8699,10.);
#2804=VECTOR('',#8700,10.);
#2805=VECTOR('',#8703,10.);
#2806=VECTOR('',#8704,10.);
#2807=VECTOR('',#8707,10.);
#2808=VECTOR('',#8710,10.);
#2809=VECTOR('',#8711,10.);
#2810=VECTOR('',#8712,10.);
#2811=VECTOR('',#8715,10.);
#2812=VECTOR('',#8716,10.);
#2813=VECTOR('',#8719,10.);
#2814=VECTOR('',#8720,10.);
#2815=VECTOR('',#8723,10.);
#2816=VECTOR('',#8726,10.);
#2817=VECTOR('',#8727,10.);
#2818=VECTOR('',#8728,10.);
#2819=VECTOR('',#8731,10.);
#2820=VECTOR('',#8732,10.);
#2821=VECTOR('',#8735,10.);
#2822=VECTOR('',#8736,10.);
#2823=VECTOR('',#8739,10.);
#2824=VECTOR('',#8742,10.);
#2825=VECTOR('',#8743,10.);
#2826=VECTOR('',#8744,10.);
#2827=VECTOR('',#8747,10.);
#2828=VECTOR('',#8748,10.);
#2829=VECTOR('',#8751,10.);
#2830=VECTOR('',#8752,10.);
#2831=VECTOR('',#8755,10.);
#2832=VECTOR('',#8758,10.);
#2833=VECTOR('',#8759,10.);
#2834=VECTOR('',#8760,10.);
#2835=VECTOR('',#8763,10.);
#2836=VECTOR('',#8764,10.);
#2837=VECTOR('',#8767,10.);
#2838=VECTOR('',#8768,10.);
#2839=VECTOR('',#8771,10.);
#2840=VECTOR('',#8774,10.);
#2841=VECTOR('',#8775,10.);
#2842=VECTOR('',#8776,10.);
#2843=VECTOR('',#8779,10.);
#2844=VECTOR('',#8780,10.);
#2845=VECTOR('',#8783,10.);
#2846=VECTOR('',#8784,10.);
#2847=VECTOR('',#8787,10.);
#2848=VECTOR('',#8790,10.);
#2849=VECTOR('',#8791,10.);
#2850=VECTOR('',#8792,10.);
#2851=VECTOR('',#8795,10.);
#2852=VECTOR('',#8796,10.);
#2853=VECTOR('',#8799,10.);
#2854=VECTOR('',#8800,10.);
#2855=VECTOR('',#8803,10.);
#2856=VECTOR('',#8806,10.);
#2857=VECTOR('',#8807,10.);
#2858=VECTOR('',#8808,10.);
#2859=VECTOR('',#8811,10.);
#2860=VECTOR('',#8812,10.);
#2861=VECTOR('',#8815,10.);
#2862=VECTOR('',#8816,10.);
#2863=VECTOR('',#8819,10.);
#2864=VECTOR('',#8822,10.);
#2865=VECTOR('',#8823,10.);
#2866=VECTOR('',#8824,10.);
#2867=VECTOR('',#8827,10.);
#2868=VECTOR('',#8828,10.);
#2869=VECTOR('',#8831,10.);
#2870=VECTOR('',#8832,10.);
#2871=VECTOR('',#8835,10.);
#2872=VECTOR('',#8838,10.);
#2873=VECTOR('',#8839,10.);
#2874=VECTOR('',#8840,10.);
#2875=VECTOR('',#8843,10.);
#2876=VECTOR('',#8844,10.);
#2877=VECTOR('',#8847,10.);
#2878=VECTOR('',#8848,10.);
#2879=VECTOR('',#8851,10.);
#2880=VECTOR('',#8854,10.);
#2881=VECTOR('',#8855,10.);
#2882=VECTOR('',#8856,10.);
#2883=VECTOR('',#8859,10.);
#2884=VECTOR('',#8860,10.);
#2885=VECTOR('',#8863,10.);
#2886=VECTOR('',#8864,10.);
#2887=VECTOR('',#8867,10.);
#2888=VECTOR('',#8870,10.);
#2889=VECTOR('',#8871,10.);
#2890=VECTOR('',#8872,10.);
#2891=VECTOR('',#8875,10.);
#2892=VECTOR('',#8876,10.);
#2893=VECTOR('',#8879,10.);
#2894=VECTOR('',#8880,10.);
#2895=VECTOR('',#8883,10.);
#2896=VECTOR('',#8886,10.);
#2897=VECTOR('',#8887,10.);
#2898=VECTOR('',#8888,10.);
#2899=VECTOR('',#8891,10.);
#2900=VECTOR('',#8892,10.);
#2901=VECTOR('',#8895,10.);
#2902=VECTOR('',#8896,10.);
#2903=VECTOR('',#8899,10.);
#2904=VECTOR('',#8902,10.);
#2905=VECTOR('',#8903,10.);
#2906=VECTOR('',#8904,10.);
#2907=VECTOR('',#8907,10.);
#2908=VECTOR('',#8908,10.);
#2909=VECTOR('',#8911,10.);
#2910=VECTOR('',#8912,10.);
#2911=VECTOR('',#8915,10.);
#2912=VECTOR('',#8918,10.);
#2913=VECTOR('',#8919,10.);
#2914=VECTOR('',#8920,10.);
#2915=VECTOR('',#8923,10.);
#2916=VECTOR('',#8924,10.);
#2917=VECTOR('',#8927,10.);
#2918=VECTOR('',#8928,10.);
#2919=VECTOR('',#8931,10.);
#2920=VECTOR('',#8934,10.);
#2921=VECTOR('',#8935,10.);
#2922=VECTOR('',#8936,10.);
#2923=VECTOR('',#8939,10.);
#2924=VECTOR('',#8940,10.);
#2925=VECTOR('',#8943,10.);
#2926=VECTOR('',#8944,10.);
#2927=VECTOR('',#8947,10.);
#2928=VECTOR('',#8950,10.);
#2929=VECTOR('',#8951,10.);
#2930=VECTOR('',#8952,10.);
#2931=VECTOR('',#8955,10.);
#2932=VECTOR('',#8956,10.);
#2933=VECTOR('',#8959,10.);
#2934=VECTOR('',#8960,10.);
#2935=VECTOR('',#8963,10.);
#2936=VECTOR('',#8966,10.);
#2937=VECTOR('',#8967,10.);
#2938=VECTOR('',#8968,10.);
#2939=VECTOR('',#8971,10.);
#2940=VECTOR('',#8972,10.);
#2941=VECTOR('',#8975,10.);
#2942=VECTOR('',#8976,10.);
#2943=VECTOR('',#8979,10.);
#2944=VECTOR('',#8982,10.);
#2945=VECTOR('',#8983,10.);
#2946=VECTOR('',#8984,10.);
#2947=VECTOR('',#8987,10.);
#2948=VECTOR('',#8988,10.);
#2949=VECTOR('',#8991,10.);
#2950=VECTOR('',#8992,10.);
#2951=VECTOR('',#8995,10.);
#2952=VECTOR('',#8998,10.);
#2953=VECTOR('',#8999,10.);
#2954=VECTOR('',#9000,10.);
#2955=VECTOR('',#9003,10.);
#2956=VECTOR('',#9004,10.);
#2957=VECTOR('',#9007,10.);
#2958=VECTOR('',#9008,10.);
#2959=VECTOR('',#9011,10.);
#2960=VECTOR('',#9014,10.);
#2961=VECTOR('',#9015,10.);
#2962=VECTOR('',#9016,10.);
#2963=VECTOR('',#9019,10.);
#2964=VECTOR('',#9020,10.);
#2965=VECTOR('',#9023,10.);
#2966=VECTOR('',#9024,10.);
#2967=VECTOR('',#9027,10.);
#2968=VECTOR('',#9030,10.);
#2969=VECTOR('',#9031,10.);
#2970=VECTOR('',#9032,10.);
#2971=VECTOR('',#9035,10.);
#2972=VECTOR('',#9036,10.);
#2973=VECTOR('',#9039,10.);
#2974=VECTOR('',#9040,10.);
#2975=VECTOR('',#9043,10.);
#2976=VECTOR('',#9046,10.);
#2977=VECTOR('',#9047,10.);
#2978=VECTOR('',#9048,10.);
#2979=VECTOR('',#9051,10.);
#2980=VECTOR('',#9052,10.);
#2981=VECTOR('',#9055,10.);
#2982=VECTOR('',#9056,10.);
#2983=VECTOR('',#9059,10.);
#2984=VECTOR('',#9062,10.);
#2985=VECTOR('',#9063,10.);
#2986=VECTOR('',#9064,10.);
#2987=VECTOR('',#9067,10.);
#2988=VECTOR('',#9068,10.);
#2989=VECTOR('',#9071,10.);
#2990=VECTOR('',#9072,10.);
#2991=VECTOR('',#9075,10.);
#2992=VECTOR('',#9078,10.);
#2993=VECTOR('',#9079,10.);
#2994=VECTOR('',#9080,10.);
#2995=VECTOR('',#9083,10.);
#2996=VECTOR('',#9084,10.);
#2997=VECTOR('',#9087,10.);
#2998=VECTOR('',#9088,10.);
#2999=VECTOR('',#9091,10.);
#3000=VECTOR('',#9094,10.);
#3001=VECTOR('',#9095,10.);
#3002=VECTOR('',#9096,10.);
#3003=VECTOR('',#9099,10.);
#3004=VECTOR('',#9100,10.);
#3005=VECTOR('',#9103,10.);
#3006=VECTOR('',#9104,10.);
#3007=VECTOR('',#9107,10.);
#3008=VECTOR('',#9110,10.);
#3009=VECTOR('',#9111,10.);
#3010=VECTOR('',#9112,10.);
#3011=VECTOR('',#9115,10.);
#3012=VECTOR('',#9116,10.);
#3013=VECTOR('',#9119,10.);
#3014=VECTOR('',#9120,10.);
#3015=VECTOR('',#9123,10.);
#3016=VECTOR('',#9126,10.);
#3017=VECTOR('',#9127,10.);
#3018=VECTOR('',#9128,10.);
#3019=VECTOR('',#9131,10.);
#3020=VECTOR('',#9132,10.);
#3021=VECTOR('',#9135,10.);
#3022=VECTOR('',#9136,10.);
#3023=VECTOR('',#9139,10.);
#3024=VECTOR('',#9142,10.);
#3025=VECTOR('',#9143,10.);
#3026=VECTOR('',#9144,10.);
#3027=VECTOR('',#9147,10.);
#3028=VECTOR('',#9148,10.);
#3029=VECTOR('',#9151,10.);
#3030=VECTOR('',#9152,10.);
#3031=VECTOR('',#9155,10.);
#3032=VECTOR('',#9158,10.);
#3033=VECTOR('',#9159,10.);
#3034=VECTOR('',#9160,10.);
#3035=VECTOR('',#9163,10.);
#3036=VECTOR('',#9164,10.);
#3037=VECTOR('',#9167,10.);
#3038=VECTOR('',#9168,10.);
#3039=VECTOR('',#9171,10.);
#3040=VECTOR('',#9174,10.);
#3041=VECTOR('',#9175,10.);
#3042=VECTOR('',#9176,10.);
#3043=VECTOR('',#9179,10.);
#3044=VECTOR('',#9180,10.);
#3045=VECTOR('',#9183,10.);
#3046=VECTOR('',#9184,10.);
#3047=VECTOR('',#9187,10.);
#3048=VECTOR('',#9190,10.);
#3049=VECTOR('',#9191,10.);
#3050=VECTOR('',#9192,10.);
#3051=VECTOR('',#9195,10.);
#3052=VECTOR('',#9196,10.);
#3053=VECTOR('',#9199,10.);
#3054=VECTOR('',#9200,10.);
#3055=VECTOR('',#9203,10.);
#3056=VECTOR('',#9206,10.);
#3057=VECTOR('',#9207,10.);
#3058=VECTOR('',#9208,10.);
#3059=VECTOR('',#9211,10.);
#3060=VECTOR('',#9212,10.);
#3061=VECTOR('',#9215,10.);
#3062=VECTOR('',#9216,10.);
#3063=VECTOR('',#9219,10.);
#3064=VECTOR('',#9222,10.);
#3065=VECTOR('',#9223,10.);
#3066=VECTOR('',#9224,10.);
#3067=VECTOR('',#9227,10.);
#3068=VECTOR('',#9228,10.);
#3069=VECTOR('',#9231,10.);
#3070=VECTOR('',#9232,10.);
#3071=VECTOR('',#9235,10.);
#3072=VECTOR('',#9238,10.);
#3073=VECTOR('',#9239,10.);
#3074=VECTOR('',#9240,10.);
#3075=VECTOR('',#9243,10.);
#3076=VECTOR('',#9244,10.);
#3077=VECTOR('',#9247,10.);
#3078=VECTOR('',#9248,10.);
#3079=VECTOR('',#9251,10.);
#3080=VECTOR('',#9254,10.);
#3081=VECTOR('',#9255,10.);
#3082=VECTOR('',#9256,10.);
#3083=VECTOR('',#9259,10.);
#3084=VECTOR('',#9260,10.);
#3085=VECTOR('',#9263,10.);
#3086=VECTOR('',#9264,10.);
#3087=VECTOR('',#9267,10.);
#3088=VECTOR('',#9270,10.);
#3089=VECTOR('',#9271,10.);
#3090=VECTOR('',#9272,10.);
#3091=VECTOR('',#9275,10.);
#3092=VECTOR('',#9276,10.);
#3093=VECTOR('',#9279,10.);
#3094=VECTOR('',#9280,10.);
#3095=VECTOR('',#9283,10.);
#3096=VECTOR('',#9286,10.);
#3097=VECTOR('',#9287,10.);
#3098=VECTOR('',#9288,10.);
#3099=VECTOR('',#9291,10.);
#3100=VECTOR('',#9292,10.);
#3101=VECTOR('',#9295,10.);
#3102=VECTOR('',#9296,10.);
#3103=VECTOR('',#9299,10.);
#3104=VECTOR('',#9302,10.);
#3105=VECTOR('',#9303,10.);
#3106=VECTOR('',#9304,10.);
#3107=VECTOR('',#9307,10.);
#3108=VECTOR('',#9308,10.);
#3109=VECTOR('',#9311,10.);
#3110=VECTOR('',#9312,10.);
#3111=VECTOR('',#9315,10.);
#3112=VECTOR('',#9318,10.);
#3113=VECTOR('',#9319,10.);
#3114=VECTOR('',#9320,10.);
#3115=VECTOR('',#9323,10.);
#3116=VECTOR('',#9324,10.);
#3117=VECTOR('',#9327,10.);
#3118=VECTOR('',#9328,10.);
#3119=VECTOR('',#9331,10.);
#3120=VECTOR('',#9334,10.);
#3121=VECTOR('',#9335,10.);
#3122=VECTOR('',#9336,10.);
#3123=VECTOR('',#9339,10.);
#3124=VECTOR('',#9340,10.);
#3125=VECTOR('',#9343,10.);
#3126=VECTOR('',#9344,10.);
#3127=VECTOR('',#9347,10.);
#3128=VECTOR('',#9350,10.);
#3129=VECTOR('',#9351,10.);
#3130=VECTOR('',#9352,10.);
#3131=VECTOR('',#9355,10.);
#3132=VECTOR('',#9356,10.);
#3133=VECTOR('',#9359,10.);
#3134=VECTOR('',#9360,10.);
#3135=VECTOR('',#9363,10.);
#3136=VECTOR('',#9366,10.);
#3137=VECTOR('',#9367,10.);
#3138=VECTOR('',#9368,10.);
#3139=VECTOR('',#9371,10.);
#3140=VECTOR('',#9372,10.);
#3141=VECTOR('',#9375,10.);
#3142=VECTOR('',#9376,10.);
#3143=VECTOR('',#9379,10.);
#3144=VECTOR('',#9382,10.);
#3145=VECTOR('',#9383,10.);
#3146=VECTOR('',#9384,10.);
#3147=VECTOR('',#9387,10.);
#3148=VECTOR('',#9388,10.);
#3149=VECTOR('',#9391,10.);
#3150=VECTOR('',#9392,10.);
#3151=VECTOR('',#9395,10.);
#3152=VECTOR('',#9398,10.);
#3153=VECTOR('',#9399,10.);
#3154=VECTOR('',#9400,10.);
#3155=VECTOR('',#9403,10.);
#3156=VECTOR('',#9404,10.);
#3157=VECTOR('',#9407,10.);
#3158=VECTOR('',#9408,10.);
#3159=VECTOR('',#9411,10.);
#3160=VECTOR('',#9414,10.);
#3161=VECTOR('',#9415,10.);
#3162=VECTOR('',#9416,10.);
#3163=VECTOR('',#9419,10.);
#3164=VECTOR('',#9420,10.);
#3165=VECTOR('',#9423,10.);
#3166=VECTOR('',#9424,10.);
#3167=VECTOR('',#9427,10.);
#3168=VECTOR('',#9430,10.);
#3169=VECTOR('',#9431,10.);
#3170=VECTOR('',#9432,10.);
#3171=VECTOR('',#9435,10.);
#3172=VECTOR('',#9436,10.);
#3173=VECTOR('',#9439,10.);
#3174=VECTOR('',#9440,10.);
#3175=VECTOR('',#9443,10.);
#3176=VECTOR('',#9446,10.);
#3177=VECTOR('',#9447,10.);
#3178=VECTOR('',#9450,10.);
#3179=VECTOR('',#9451,10.);
#3180=VECTOR('',#9454,10.);
#3181=VECTOR('',#9459,10.);
#3182=VECTOR('',#9460,10.);
#3183=VECTOR('',#9461,10.);
#3184=VECTOR('',#9462,10.);
#3185=VECTOR('',#9463,10.);
#3186=VECTOR('',#9464,10.);
#3187=VECTOR('',#9465,10.);
#3188=VECTOR('',#9466,10.);
#3189=VECTOR('',#9469,10.);
#3190=VECTOR('',#9470,10.);
#3191=VECTOR('',#9471,10.);
#3192=VECTOR('',#9474,10.);
#3193=VECTOR('',#9475,10.);
#3194=VECTOR('',#9478,10.);
#3195=VECTOR('',#9479,10.);
#3196=VECTOR('',#9482,10.);
#3197=VECTOR('',#9483,10.);
#3198=VECTOR('',#9488,10.);
#3199=VECTOR('',#9491,10.);
#3200=VECTOR('',#9494,10.);
#3201=VECTOR('',#9497,10.);
#3202=VECTOR('',#9516,10.);
#3203=VECTOR('',#9517,10.);
#3204=VECTOR('',#9520,10.);
#3205=VECTOR('',#9521,10.);
#3206=VECTOR('',#9522,10.);
#3207=VECTOR('',#9525,10.);
#3208=VECTOR('',#9530,10.);
#3209=VECTOR('',#9531,10.);
#3210=VECTOR('',#9534,10.);
#3211=VECTOR('',#9539,10.);
#3212=VECTOR('',#9542,10.);
#3213=VECTOR('',#9545,10.);
#3214=VECTOR('',#9546,10.);
#3215=VECTOR('',#9547,10.);
#3216=VECTOR('',#9566,10.);
#3217=VECTOR('',#9569,10.);
#3218=VECTOR('',#9570,10.);
#3219=VECTOR('',#9575,1.99999999999999);
#3220=VECTOR('',#9578,1.99999999999999);
#3221=VECTOR('',#9581,2.00000000000003);
#3222=VECTOR('',#9584,2.00000000000003);
#3223=VECTOR('',#9587,2.00000002980232);
#3224=VECTOR('',#9590,2.00000002980232);
#3225=VECTOR('',#9593,2.00000002980232);
#3226=VECTOR('',#9596,10.);
#3227=VECTOR('',#9599,2.00000002980232);
#3228=VECTOR('',#9602,10.);
#3229=VECTOR('',#9611,10.);
#3230=VECTOR('',#9614,10.);
#3231=VECTOR('',#9617,10.);
#3232=VECTOR('',#9618,10.);
#3233=VECTOR('',#9619,10.);
#3234=VECTOR('',#9626,10.);
#3235=VECTOR('',#9629,10.);
#3236=VECTOR('',#9630,10.);
#3237=VECTOR('',#9631,10.);
#3238=VECTOR('',#9638,10.);
#3239=VECTOR('',#9641,10.);
#3240=VECTOR('',#9642,10.);
#3241=VECTOR('',#9643,10.);
#3242=VECTOR('',#9650,10.);
#3243=VECTOR('',#9653,10.);
#3244=VECTOR('',#9654,10.);
#3245=VECTOR('',#9655,10.);
#3246=VECTOR('',#9662,10.);
#3247=VECTOR('',#9665,10.);
#3248=VECTOR('',#9666,10.);
#3249=VECTOR('',#9667,10.);
#3250=VECTOR('',#9674,10.);
#3251=VECTOR('',#9677,10.);
#3252=VECTOR('',#9678,10.);
#3253=VECTOR('',#9683,10.);
#3254=VECTOR('',#9686,10.);
#3255=VECTOR('',#9689,10.);
#3256=VECTOR('',#9690,10.);
#3257=VECTOR('',#9691,10.);
#3258=VECTOR('',#9694,10.);
#3259=VECTOR('',#9697,10.);
#3260=VECTOR('',#9700,10.);
#3261=VECTOR('',#9703,10.);
#3262=VECTOR('',#9704,10.);
#3263=VECTOR('',#9705,10.);
#3264=VECTOR('',#9706,10.);
#3265=VECTOR('',#9709,10.);
#3266=VECTOR('',#9712,10.);
#3267=VECTOR('',#9715,10.);
#3268=VECTOR('',#9716,10.);
#3269=VECTOR('',#9723,10.);
#3270=VECTOR('',#9726,10.);
#3271=VECTOR('',#9729,10.);
#3272=VECTOR('',#9748,10.);
#3273=VECTOR('',#9749,10.);
#3274=VECTOR('',#9750,10.);
#3275=VECTOR('',#9751,10.);
#3276=VECTOR('',#9752,10.);
#3277=VECTOR('',#9753,10.);
#3278=VECTOR('',#9754,10.);
#3279=VECTOR('',#9755,10.);
#3280=VECTOR('',#9758,10.);
#3281=VECTOR('',#9759,10.);
#3282=VECTOR('',#9762,10.);
#3283=VECTOR('',#9765,10.);
#3284=VECTOR('',#9770,1.99999999999999);
#3285=VECTOR('',#9775,2.00000000000003);
#3286=VECTOR('',#9780,1.99999999999999);
#3287=VECTOR('',#9785,10.);
#3288=VECTOR('',#9786,10.);
#3289=VECTOR('',#9787,10.);
#3290=VECTOR('',#9790,10.);
#3291=VECTOR('',#9791,10.);
#3292=VECTOR('',#9794,10.);
#3293=VECTOR('',#9795,10.);
#3294=VECTOR('',#9798,10.);
#3295=VECTOR('',#9801,2.00000000000003);
#3296=VECTOR('',#9806,10.);
#3297=CIRCLE('',#7556,2.00000002980232);
#3298=CIRCLE('',#7557,2.00000002980232);
#3299=CIRCLE('',#7559,2.00000002980232);
#3300=CIRCLE('',#7560,2.00000002980232);
#3301=CIRCLE('',#7562,2.00000002980232);
#3302=CIRCLE('',#7563,2.00000002980232);
#3303=CIRCLE('',#7565,2.00000002980232);
#3304=CIRCLE('',#7566,2.00000002980232);
#3305=CIRCLE('',#7568,4.);
#3306=CIRCLE('',#7569,4.);
#3307=CIRCLE('',#7572,4.);
#3308=CIRCLE('',#7573,4.);
#3309=CIRCLE('',#7576,4.);
#3310=CIRCLE('',#7577,4.);
#3311=CIRCLE('',#7580,4.);
#3312=CIRCLE('',#7581,4.);
#3313=CIRCLE('',#7584,4.);
#3314=CIRCLE('',#7585,4.);
#3315=CIRCLE('',#7588,4.);
#3316=CIRCLE('',#7589,4.);
#3317=CIRCLE('',#7592,4.);
#3318=CIRCLE('',#7593,4.);
#3319=CIRCLE('',#7596,4.);
#3320=CIRCLE('',#7597,4.);
#3321=CIRCLE('',#7875,10.);
#3322=CIRCLE('',#7876,10.);
#3323=CIRCLE('',#7877,10.);
#3324=CIRCLE('',#7878,10.);
#3325=CIRCLE('',#7879,2.00000002980232);
#3326=CIRCLE('',#7880,2.00000002980232);
#3327=CIRCLE('',#7881,2.00000002980232);
#3328=CIRCLE('',#7882,2.00000002980232);
#3329=CIRCLE('',#7883,2.00000000000003);
#3330=CIRCLE('',#7884,2.00000000000003);
#3331=CIRCLE('',#7885,1.99999999999999);
#3332=CIRCLE('',#7886,1.99999999999999);
#3333=CIRCLE('',#7890,10.);
#3334=CIRCLE('',#7893,10.);
#3335=CIRCLE('',#7895,10.);
#3336=CIRCLE('',#7896,10.);
#3337=CIRCLE('',#7897,2.00000002980232);
#3338=CIRCLE('',#7898,2.00000002980232);
#3339=CIRCLE('',#7899,2.00000002980232);
#3340=CIRCLE('',#7900,2.00000002980232);
#3341=CIRCLE('',#7901,2.00000000000003);
#3342=CIRCLE('',#7902,2.00000000000003);
#3343=CIRCLE('',#7903,1.99999999999999);
#3344=CIRCLE('',#7904,1.99999999999999);
#3345=CIRCLE('',#7921,0.725);
#3346=CIRCLE('',#7922,0.725);
#3347=CIRCLE('',#7925,0.725);
#3348=CIRCLE('',#7926,0.725);
#3349=CIRCLE('',#7929,0.725);
#3350=CIRCLE('',#7930,0.725);
#3351=CIRCLE('',#7933,0.725);
#3352=CIRCLE('',#7934,0.725);
#3353=CIRCLE('',#7937,0.725);
#3354=CIRCLE('',#7938,0.725);
#3355=CIRCLE('',#7941,0.725);
#3356=CIRCLE('',#7942,0.725);
#3357=CIRCLE('',#7945,10.);
#3358=CIRCLE('',#7946,10.);
#3359=CIRCLE('',#7949,10.);
#3360=CIRCLE('',#7950,10.);
#3361=CIRCLE('',#7951,10.);
#3362=CIRCLE('',#7953,10.);
#3363=CIRCLE('',#7956,10.);
#3364=CIRCLE('',#7958,10.);
#3365=CIRCLE('',#7961,2.00000000000003);
#3366=CIRCLE('',#7963,1.99999999999999);
#3367=CIRCLE('',#7965,2.00000000000003);
#3368=CIRCLE('',#7967,1.99999999999999);
#3369=CIRCLE('',#7974,1.99999999999999);
#3370=CIRCLE('',#7976,2.00000000000003);
#3371=CIRCLE('',#7978,1.99999999999999);
#3372=CIRCLE('',#7984,2.00000000000003);
#3373=VERTEX_POINT('',#9811);
#3374=VERTEX_POINT('',#9813);
#3375=VERTEX_POINT('',#9817);
#3376=VERTEX_POINT('',#9819);
#3377=VERTEX_POINT('',#9823);
#3378=VERTEX_POINT('',#9825);
#3379=VERTEX_POINT('',#9829);
#3380=VERTEX_POINT('',#9831);
#3381=VERTEX_POINT('',#9835);
#3382=VERTEX_POINT('',#9836);
#3383=VERTEX_POINT('',#9838);
#3384=VERTEX_POINT('',#9840);
#3385=VERTEX_POINT('',#9844);
#3386=VERTEX_POINT('',#9846);
#3387=VERTEX_POINT('',#9850);
#3388=VERTEX_POINT('',#9851);
#3389=VERTEX_POINT('',#9853);
#3390=VERTEX_POINT('',#9855);
#3391=VERTEX_POINT('',#9862);
#3392=VERTEX_POINT('',#9863);
#3393=VERTEX_POINT('',#9865);
#3394=VERTEX_POINT('',#9867);
#3395=VERTEX_POINT('',#9874);
#3396=VERTEX_POINT('',#9876);
#3397=VERTEX_POINT('',#9883);
#3398=VERTEX_POINT('',#9884);
#3399=VERTEX_POINT('',#9886);
#3400=VERTEX_POINT('',#9888);
#3401=VERTEX_POINT('',#9892);
#3402=VERTEX_POINT('',#9894);
#3403=VERTEX_POINT('',#9898);
#3404=VERTEX_POINT('',#9900);
#3405=VERTEX_POINT('',#9904);
#3406=VERTEX_POINT('',#9906);
#3407=VERTEX_POINT('',#9910);
#3408=VERTEX_POINT('',#9912);
#3409=VERTEX_POINT('',#9916);
#3410=VERTEX_POINT('',#9918);
#3411=VERTEX_POINT('',#9922);
#3412=VERTEX_POINT('',#9924);
#3413=VERTEX_POINT('',#9931);
#3414=VERTEX_POINT('',#9932);
#3415=VERTEX_POINT('',#9934);
#3416=VERTEX_POINT('',#9936);
#3417=VERTEX_POINT('',#9940);
#3418=VERTEX_POINT('',#9941);
#3419=VERTEX_POINT('',#9943);
#3420=VERTEX_POINT('',#9945);
#3421=VERTEX_POINT('',#9952);
#3422=VERTEX_POINT('',#9954);
#3423=VERTEX_POINT('',#9956);
#3424=VERTEX_POINT('',#9958);
#3425=VERTEX_POINT('',#9961);
#3426=VERTEX_POINT('',#9962);
#3427=VERTEX_POINT('',#9964);
#3428=VERTEX_POINT('',#9966);
#3429=VERTEX_POINT('',#9969);
#3430=VERTEX_POINT('',#9970);
#3431=VERTEX_POINT('',#9972);
#3432=VERTEX_POINT('',#9974);
#3433=VERTEX_POINT('',#9977);
#3434=VERTEX_POINT('',#9978);
#3435=VERTEX_POINT('',#9980);
#3436=VERTEX_POINT('',#9982);
#3437=VERTEX_POINT('',#9985);
#3438=VERTEX_POINT('',#9986);
#3439=VERTEX_POINT('',#9988);
#3440=VERTEX_POINT('',#9990);
#3441=VERTEX_POINT('',#9993);
#3442=VERTEX_POINT('',#9994);
#3443=VERTEX_POINT('',#9996);
#3444=VERTEX_POINT('',#9998);
#3445=VERTEX_POINT('',#10001);
#3446=VERTEX_POINT('',#10002);
#3447=VERTEX_POINT('',#10004);
#3448=VERTEX_POINT('',#10006);
#3449=VERTEX_POINT('',#10009);
#3450=VERTEX_POINT('',#10010);
#3451=VERTEX_POINT('',#10012);
#3452=VERTEX_POINT('',#10014);
#3453=VERTEX_POINT('',#10017);
#3454=VERTEX_POINT('',#10018);
#3455=VERTEX_POINT('',#10020);
#3456=VERTEX_POINT('',#10022);
#3457=VERTEX_POINT('',#10025);
#3458=VERTEX_POINT('',#10026);
#3459=VERTEX_POINT('',#10028);
#3460=VERTEX_POINT('',#10030);
#3461=VERTEX_POINT('',#10033);
#3462=VERTEX_POINT('',#10034);
#3463=VERTEX_POINT('',#10036);
#3464=VERTEX_POINT('',#10038);
#3465=VERTEX_POINT('',#10041);
#3466=VERTEX_POINT('',#10042);
#3467=VERTEX_POINT('',#10044);
#3468=VERTEX_POINT('',#10046);
#3469=VERTEX_POINT('',#10049);
#3470=VERTEX_POINT('',#10050);
#3471=VERTEX_POINT('',#10052);
#3472=VERTEX_POINT('',#10054);
#3473=VERTEX_POINT('',#10057);
#3474=VERTEX_POINT('',#10058);
#3475=VERTEX_POINT('',#10060);
#3476=VERTEX_POINT('',#10062);
#3477=VERTEX_POINT('',#10065);
#3478=VERTEX_POINT('',#10066);
#3479=VERTEX_POINT('',#10068);
#3480=VERTEX_POINT('',#10070);
#3481=VERTEX_POINT('',#10073);
#3482=VERTEX_POINT('',#10074);
#3483=VERTEX_POINT('',#10076);
#3484=VERTEX_POINT('',#10078);
#3485=VERTEX_POINT('',#10081);
#3486=VERTEX_POINT('',#10082);
#3487=VERTEX_POINT('',#10084);
#3488=VERTEX_POINT('',#10086);
#3489=VERTEX_POINT('',#10089);
#3490=VERTEX_POINT('',#10090);
#3491=VERTEX_POINT('',#10092);
#3492=VERTEX_POINT('',#10094);
#3493=VERTEX_POINT('',#10097);
#3494=VERTEX_POINT('',#10098);
#3495=VERTEX_POINT('',#10100);
#3496=VERTEX_POINT('',#10102);
#3497=VERTEX_POINT('',#10105);
#3498=VERTEX_POINT('',#10106);
#3499=VERTEX_POINT('',#10108);
#3500=VERTEX_POINT('',#10110);
#3501=VERTEX_POINT('',#10113);
#3502=VERTEX_POINT('',#10114);
#3503=VERTEX_POINT('',#10116);
#3504=VERTEX_POINT('',#10118);
#3505=VERTEX_POINT('',#10121);
#3506=VERTEX_POINT('',#10122);
#3507=VERTEX_POINT('',#10124);
#3508=VERTEX_POINT('',#10126);
#3509=VERTEX_POINT('',#10129);
#3510=VERTEX_POINT('',#10130);
#3511=VERTEX_POINT('',#10132);
#3512=VERTEX_POINT('',#10134);
#3513=VERTEX_POINT('',#10137);
#3514=VERTEX_POINT('',#10138);
#3515=VERTEX_POINT('',#10140);
#3516=VERTEX_POINT('',#10142);
#3517=VERTEX_POINT('',#10145);
#3518=VERTEX_POINT('',#10146);
#3519=VERTEX_POINT('',#10148);
#3520=VERTEX_POINT('',#10150);
#3521=VERTEX_POINT('',#10153);
#3522=VERTEX_POINT('',#10154);
#3523=VERTEX_POINT('',#10156);
#3524=VERTEX_POINT('',#10158);
#3525=VERTEX_POINT('',#10161);
#3526=VERTEX_POINT('',#10162);
#3527=VERTEX_POINT('',#10164);
#3528=VERTEX_POINT('',#10166);
#3529=VERTEX_POINT('',#10169);
#3530=VERTEX_POINT('',#10170);
#3531=VERTEX_POINT('',#10172);
#3532=VERTEX_POINT('',#10174);
#3533=VERTEX_POINT('',#10177);
#3534=VERTEX_POINT('',#10178);
#3535=VERTEX_POINT('',#10180);
#3536=VERTEX_POINT('',#10182);
#3537=VERTEX_POINT('',#10185);
#3538=VERTEX_POINT('',#10186);
#3539=VERTEX_POINT('',#10188);
#3540=VERTEX_POINT('',#10190);
#3541=VERTEX_POINT('',#10193);
#3542=VERTEX_POINT('',#10194);
#3543=VERTEX_POINT('',#10196);
#3544=VERTEX_POINT('',#10198);
#3545=VERTEX_POINT('',#10201);
#3546=VERTEX_POINT('',#10202);
#3547=VERTEX_POINT('',#10204);
#3548=VERTEX_POINT('',#10206);
#3549=VERTEX_POINT('',#10209);
#3550=VERTEX_POINT('',#10210);
#3551=VERTEX_POINT('',#10212);
#3552=VERTEX_POINT('',#10214);
#3553=VERTEX_POINT('',#10217);
#3554=VERTEX_POINT('',#10218);
#3555=VERTEX_POINT('',#10220);
#3556=VERTEX_POINT('',#10222);
#3557=VERTEX_POINT('',#10225);
#3558=VERTEX_POINT('',#10226);
#3559=VERTEX_POINT('',#10228);
#3560=VERTEX_POINT('',#10230);
#3561=VERTEX_POINT('',#10233);
#3562=VERTEX_POINT('',#10234);
#3563=VERTEX_POINT('',#10236);
#3564=VERTEX_POINT('',#10238);
#3565=VERTEX_POINT('',#10241);
#3566=VERTEX_POINT('',#10242);
#3567=VERTEX_POINT('',#10244);
#3568=VERTEX_POINT('',#10246);
#3569=VERTEX_POINT('',#10249);
#3570=VERTEX_POINT('',#10250);
#3571=VERTEX_POINT('',#10252);
#3572=VERTEX_POINT('',#10254);
#3573=VERTEX_POINT('',#10257);
#3574=VERTEX_POINT('',#10258);
#3575=VERTEX_POINT('',#10260);
#3576=VERTEX_POINT('',#10262);
#3577=VERTEX_POINT('',#10265);
#3578=VERTEX_POINT('',#10266);
#3579=VERTEX_POINT('',#10268);
#3580=VERTEX_POINT('',#10270);
#3581=VERTEX_POINT('',#10273);
#3582=VERTEX_POINT('',#10274);
#3583=VERTEX_POINT('',#10276);
#3584=VERTEX_POINT('',#10278);
#3585=VERTEX_POINT('',#10281);
#3586=VERTEX_POINT('',#10282);
#3587=VERTEX_POINT('',#10284);
#3588=VERTEX_POINT('',#10286);
#3589=VERTEX_POINT('',#10289);
#3590=VERTEX_POINT('',#10290);
#3591=VERTEX_POINT('',#10292);
#3592=VERTEX_POINT('',#10294);
#3593=VERTEX_POINT('',#10297);
#3594=VERTEX_POINT('',#10298);
#3595=VERTEX_POINT('',#10300);
#3596=VERTEX_POINT('',#10302);
#3597=VERTEX_POINT('',#10305);
#3598=VERTEX_POINT('',#10306);
#3599=VERTEX_POINT('',#10308);
#3600=VERTEX_POINT('',#10310);
#3601=VERTEX_POINT('',#10313);
#3602=VERTEX_POINT('',#10314);
#3603=VERTEX_POINT('',#10316);
#3604=VERTEX_POINT('',#10318);
#3605=VERTEX_POINT('',#10321);
#3606=VERTEX_POINT('',#10322);
#3607=VERTEX_POINT('',#10324);
#3608=VERTEX_POINT('',#10326);
#3609=VERTEX_POINT('',#10329);
#3610=VERTEX_POINT('',#10330);
#3611=VERTEX_POINT('',#10332);
#3612=VERTEX_POINT('',#10334);
#3613=VERTEX_POINT('',#10337);
#3614=VERTEX_POINT('',#10338);
#3615=VERTEX_POINT('',#10340);
#3616=VERTEX_POINT('',#10342);
#3617=VERTEX_POINT('',#10345);
#3618=VERTEX_POINT('',#10346);
#3619=VERTEX_POINT('',#10348);
#3620=VERTEX_POINT('',#10350);
#3621=VERTEX_POINT('',#10353);
#3622=VERTEX_POINT('',#10354);
#3623=VERTEX_POINT('',#10356);
#3624=VERTEX_POINT('',#10358);
#3625=VERTEX_POINT('',#10361);
#3626=VERTEX_POINT('',#10362);
#3627=VERTEX_POINT('',#10364);
#3628=VERTEX_POINT('',#10366);
#3629=VERTEX_POINT('',#10369);
#3630=VERTEX_POINT('',#10370);
#3631=VERTEX_POINT('',#10372);
#3632=VERTEX_POINT('',#10374);
#3633=VERTEX_POINT('',#10377);
#3634=VERTEX_POINT('',#10378);
#3635=VERTEX_POINT('',#10380);
#3636=VERTEX_POINT('',#10382);
#3637=VERTEX_POINT('',#10385);
#3638=VERTEX_POINT('',#10386);
#3639=VERTEX_POINT('',#10388);
#3640=VERTEX_POINT('',#10390);
#3641=VERTEX_POINT('',#10393);
#3642=VERTEX_POINT('',#10394);
#3643=VERTEX_POINT('',#10396);
#3644=VERTEX_POINT('',#10398);
#3645=VERTEX_POINT('',#10401);
#3646=VERTEX_POINT('',#10402);
#3647=VERTEX_POINT('',#10404);
#3648=VERTEX_POINT('',#10406);
#3649=VERTEX_POINT('',#10409);
#3650=VERTEX_POINT('',#10410);
#3651=VERTEX_POINT('',#10412);
#3652=VERTEX_POINT('',#10414);
#3653=VERTEX_POINT('',#10417);
#3654=VERTEX_POINT('',#10418);
#3655=VERTEX_POINT('',#10420);
#3656=VERTEX_POINT('',#10422);
#3657=VERTEX_POINT('',#10425);
#3658=VERTEX_POINT('',#10426);
#3659=VERTEX_POINT('',#10428);
#3660=VERTEX_POINT('',#10430);
#3661=VERTEX_POINT('',#10433);
#3662=VERTEX_POINT('',#10434);
#3663=VERTEX_POINT('',#10436);
#3664=VERTEX_POINT('',#10438);
#3665=VERTEX_POINT('',#10441);
#3666=VERTEX_POINT('',#10442);
#3667=VERTEX_POINT('',#10444);
#3668=VERTEX_POINT('',#10446);
#3669=VERTEX_POINT('',#10449);
#3670=VERTEX_POINT('',#10450);
#3671=VERTEX_POINT('',#10452);
#3672=VERTEX_POINT('',#10454);
#3673=VERTEX_POINT('',#10457);
#3674=VERTEX_POINT('',#10458);
#3675=VERTEX_POINT('',#10460);
#3676=VERTEX_POINT('',#10462);
#3677=VERTEX_POINT('',#10465);
#3678=VERTEX_POINT('',#10466);
#3679=VERTEX_POINT('',#10468);
#3680=VERTEX_POINT('',#10470);
#3681=VERTEX_POINT('',#10473);
#3682=VERTEX_POINT('',#10474);
#3683=VERTEX_POINT('',#10476);
#3684=VERTEX_POINT('',#10478);
#3685=VERTEX_POINT('',#10482);
#3686=VERTEX_POINT('',#10486);
#3687=VERTEX_POINT('',#10490);
#3688=VERTEX_POINT('',#10492);
#3689=VERTEX_POINT('',#10496);
#3690=VERTEX_POINT('',#10500);
#3691=VERTEX_POINT('',#10506);
#3692=VERTEX_POINT('',#10508);
#3693=VERTEX_POINT('',#10512);
#3694=VERTEX_POINT('',#10516);
#3695=VERTEX_POINT('',#10522);
#3696=VERTEX_POINT('',#10524);
#3697=VERTEX_POINT('',#10528);
#3698=VERTEX_POINT('',#10532);
#3699=VERTEX_POINT('',#10538);
#3700=VERTEX_POINT('',#10540);
#3701=VERTEX_POINT('',#10544);
#3702=VERTEX_POINT('',#10548);
#3703=VERTEX_POINT('',#10554);
#3704=VERTEX_POINT('',#10556);
#3705=VERTEX_POINT('',#10560);
#3706=VERTEX_POINT('',#10564);
#3707=VERTEX_POINT('',#10570);
#3708=VERTEX_POINT('',#10572);
#3709=VERTEX_POINT('',#10576);
#3710=VERTEX_POINT('',#10580);
#3711=VERTEX_POINT('',#10586);
#3712=VERTEX_POINT('',#10588);
#3713=VERTEX_POINT('',#10592);
#3714=VERTEX_POINT('',#10596);
#3715=VERTEX_POINT('',#10602);
#3716=VERTEX_POINT('',#10604);
#3717=VERTEX_POINT('',#10608);
#3718=VERTEX_POINT('',#10612);
#3719=VERTEX_POINT('',#10618);
#3720=VERTEX_POINT('',#10620);
#3721=VERTEX_POINT('',#10624);
#3722=VERTEX_POINT('',#10628);
#3723=VERTEX_POINT('',#10634);
#3724=VERTEX_POINT('',#10636);
#3725=VERTEX_POINT('',#10640);
#3726=VERTEX_POINT('',#10644);
#3727=VERTEX_POINT('',#10650);
#3728=VERTEX_POINT('',#10652);
#3729=VERTEX_POINT('',#10656);
#3730=VERTEX_POINT('',#10660);
#3731=VERTEX_POINT('',#10666);
#3732=VERTEX_POINT('',#10668);
#3733=VERTEX_POINT('',#10672);
#3734=VERTEX_POINT('',#10676);
#3735=VERTEX_POINT('',#10682);
#3736=VERTEX_POINT('',#10684);
#3737=VERTEX_POINT('',#10688);
#3738=VERTEX_POINT('',#10692);
#3739=VERTEX_POINT('',#10698);
#3740=VERTEX_POINT('',#10700);
#3741=VERTEX_POINT('',#10704);
#3742=VERTEX_POINT('',#10708);
#3743=VERTEX_POINT('',#10714);
#3744=VERTEX_POINT('',#10716);
#3745=VERTEX_POINT('',#10720);
#3746=VERTEX_POINT('',#10724);
#3747=VERTEX_POINT('',#10730);
#3748=VERTEX_POINT('',#10732);
#3749=VERTEX_POINT('',#10736);
#3750=VERTEX_POINT('',#10740);
#3751=VERTEX_POINT('',#10746);
#3752=VERTEX_POINT('',#10748);
#3753=VERTEX_POINT('',#10752);
#3754=VERTEX_POINT('',#10756);
#3755=VERTEX_POINT('',#10762);
#3756=VERTEX_POINT('',#10764);
#3757=VERTEX_POINT('',#10768);
#3758=VERTEX_POINT('',#10772);
#3759=VERTEX_POINT('',#10778);
#3760=VERTEX_POINT('',#10780);
#3761=VERTEX_POINT('',#10784);
#3762=VERTEX_POINT('',#10788);
#3763=VERTEX_POINT('',#10794);
#3764=VERTEX_POINT('',#10796);
#3765=VERTEX_POINT('',#10800);
#3766=VERTEX_POINT('',#10804);
#3767=VERTEX_POINT('',#10810);
#3768=VERTEX_POINT('',#10812);
#3769=VERTEX_POINT('',#10816);
#3770=VERTEX_POINT('',#10820);
#3771=VERTEX_POINT('',#10826);
#3772=VERTEX_POINT('',#10828);
#3773=VERTEX_POINT('',#10832);
#3774=VERTEX_POINT('',#10836);
#3775=VERTEX_POINT('',#10842);
#3776=VERTEX_POINT('',#10844);
#3777=VERTEX_POINT('',#10848);
#3778=VERTEX_POINT('',#10852);
#3779=VERTEX_POINT('',#10858);
#3780=VERTEX_POINT('',#10860);
#3781=VERTEX_POINT('',#10864);
#3782=VERTEX_POINT('',#10868);
#3783=VERTEX_POINT('',#10874);
#3784=VERTEX_POINT('',#10876);
#3785=VERTEX_POINT('',#10880);
#3786=VERTEX_POINT('',#10884);
#3787=VERTEX_POINT('',#10890);
#3788=VERTEX_POINT('',#10892);
#3789=VERTEX_POINT('',#10896);
#3790=VERTEX_POINT('',#10900);
#3791=VERTEX_POINT('',#10906);
#3792=VERTEX_POINT('',#10908);
#3793=VERTEX_POINT('',#10912);
#3794=VERTEX_POINT('',#10916);
#3795=VERTEX_POINT('',#10922);
#3796=VERTEX_POINT('',#10924);
#3797=VERTEX_POINT('',#10928);
#3798=VERTEX_POINT('',#10932);
#3799=VERTEX_POINT('',#10938);
#3800=VERTEX_POINT('',#10940);
#3801=VERTEX_POINT('',#10944);
#3802=VERTEX_POINT('',#10948);
#3803=VERTEX_POINT('',#10954);
#3804=VERTEX_POINT('',#10956);
#3805=VERTEX_POINT('',#10960);
#3806=VERTEX_POINT('',#10964);
#3807=VERTEX_POINT('',#10970);
#3808=VERTEX_POINT('',#10972);
#3809=VERTEX_POINT('',#10976);
#3810=VERTEX_POINT('',#10980);
#3811=VERTEX_POINT('',#10986);
#3812=VERTEX_POINT('',#10988);
#3813=VERTEX_POINT('',#10992);
#3814=VERTEX_POINT('',#10996);
#3815=VERTEX_POINT('',#11002);
#3816=VERTEX_POINT('',#11004);
#3817=VERTEX_POINT('',#11008);
#3818=VERTEX_POINT('',#11012);
#3819=VERTEX_POINT('',#11018);
#3820=VERTEX_POINT('',#11020);
#3821=VERTEX_POINT('',#11024);
#3822=VERTEX_POINT('',#11028);
#3823=VERTEX_POINT('',#11034);
#3824=VERTEX_POINT('',#11036);
#3825=VERTEX_POINT('',#11040);
#3826=VERTEX_POINT('',#11044);
#3827=VERTEX_POINT('',#11050);
#3828=VERTEX_POINT('',#11052);
#3829=VERTEX_POINT('',#11056);
#3830=VERTEX_POINT('',#11060);
#3831=VERTEX_POINT('',#11066);
#3832=VERTEX_POINT('',#11068);
#3833=VERTEX_POINT('',#11072);
#3834=VERTEX_POINT('',#11076);
#3835=VERTEX_POINT('',#11082);
#3836=VERTEX_POINT('',#11084);
#3837=VERTEX_POINT('',#11088);
#3838=VERTEX_POINT('',#11092);
#3839=VERTEX_POINT('',#11098);
#3840=VERTEX_POINT('',#11100);
#3841=VERTEX_POINT('',#11104);
#3842=VERTEX_POINT('',#11108);
#3843=VERTEX_POINT('',#11114);
#3844=VERTEX_POINT('',#11116);
#3845=VERTEX_POINT('',#11120);
#3846=VERTEX_POINT('',#11124);
#3847=VERTEX_POINT('',#11130);
#3848=VERTEX_POINT('',#11132);
#3849=VERTEX_POINT('',#11136);
#3850=VERTEX_POINT('',#11140);
#3851=VERTEX_POINT('',#11146);
#3852=VERTEX_POINT('',#11148);
#3853=VERTEX_POINT('',#11152);
#3854=VERTEX_POINT('',#11156);
#3855=VERTEX_POINT('',#11162);
#3856=VERTEX_POINT('',#11164);
#3857=VERTEX_POINT('',#11168);
#3858=VERTEX_POINT('',#11172);
#3859=VERTEX_POINT('',#11178);
#3860=VERTEX_POINT('',#11180);
#3861=VERTEX_POINT('',#11184);
#3862=VERTEX_POINT('',#11188);
#3863=VERTEX_POINT('',#11194);
#3864=VERTEX_POINT('',#11196);
#3865=VERTEX_POINT('',#11200);
#3866=VERTEX_POINT('',#11204);
#3867=VERTEX_POINT('',#11210);
#3868=VERTEX_POINT('',#11212);
#3869=VERTEX_POINT('',#11216);
#3870=VERTEX_POINT('',#11220);
#3871=VERTEX_POINT('',#11226);
#3872=VERTEX_POINT('',#11228);
#3873=VERTEX_POINT('',#11232);
#3874=VERTEX_POINT('',#11236);
#3875=VERTEX_POINT('',#11242);
#3876=VERTEX_POINT('',#11244);
#3877=VERTEX_POINT('',#11248);
#3878=VERTEX_POINT('',#11252);
#3879=VERTEX_POINT('',#11258);
#3880=VERTEX_POINT('',#11260);
#3881=VERTEX_POINT('',#11264);
#3882=VERTEX_POINT('',#11268);
#3883=VERTEX_POINT('',#11274);
#3884=VERTEX_POINT('',#11276);
#3885=VERTEX_POINT('',#11280);
#3886=VERTEX_POINT('',#11284);
#3887=VERTEX_POINT('',#11290);
#3888=VERTEX_POINT('',#11292);
#3889=VERTEX_POINT('',#11296);
#3890=VERTEX_POINT('',#11300);
#3891=VERTEX_POINT('',#11306);
#3892=VERTEX_POINT('',#11308);
#3893=VERTEX_POINT('',#11312);
#3894=VERTEX_POINT('',#11316);
#3895=VERTEX_POINT('',#11322);
#3896=VERTEX_POINT('',#11324);
#3897=VERTEX_POINT('',#11328);
#3898=VERTEX_POINT('',#11332);
#3899=VERTEX_POINT('',#11338);
#3900=VERTEX_POINT('',#11340);
#3901=VERTEX_POINT('',#11344);
#3902=VERTEX_POINT('',#11348);
#3903=VERTEX_POINT('',#11354);
#3904=VERTEX_POINT('',#11356);
#3905=VERTEX_POINT('',#11360);
#3906=VERTEX_POINT('',#11364);
#3907=VERTEX_POINT('',#11370);
#3908=VERTEX_POINT('',#11372);
#3909=VERTEX_POINT('',#11376);
#3910=VERTEX_POINT('',#11380);
#3911=VERTEX_POINT('',#11386);
#3912=VERTEX_POINT('',#11388);
#3913=VERTEX_POINT('',#11392);
#3914=VERTEX_POINT('',#11396);
#3915=VERTEX_POINT('',#11402);
#3916=VERTEX_POINT('',#11404);
#3917=VERTEX_POINT('',#11408);
#3918=VERTEX_POINT('',#11412);
#3919=VERTEX_POINT('',#11418);
#3920=VERTEX_POINT('',#11420);
#3921=VERTEX_POINT('',#11424);
#3922=VERTEX_POINT('',#11428);
#3923=VERTEX_POINT('',#11434);
#3924=VERTEX_POINT('',#11436);
#3925=VERTEX_POINT('',#11440);
#3926=VERTEX_POINT('',#11444);
#3927=VERTEX_POINT('',#11450);
#3928=VERTEX_POINT('',#11452);
#3929=VERTEX_POINT('',#11456);
#3930=VERTEX_POINT('',#11460);
#3931=VERTEX_POINT('',#11466);
#3932=VERTEX_POINT('',#11468);
#3933=VERTEX_POINT('',#11472);
#3934=VERTEX_POINT('',#11476);
#3935=VERTEX_POINT('',#11482);
#3936=VERTEX_POINT('',#11484);
#3937=VERTEX_POINT('',#11488);
#3938=VERTEX_POINT('',#11492);
#3939=VERTEX_POINT('',#11498);
#3940=VERTEX_POINT('',#11500);
#3941=VERTEX_POINT('',#11504);
#3942=VERTEX_POINT('',#11508);
#3943=VERTEX_POINT('',#11514);
#3944=VERTEX_POINT('',#11516);
#3945=VERTEX_POINT('',#11520);
#3946=VERTEX_POINT('',#11524);
#3947=VERTEX_POINT('',#11530);
#3948=VERTEX_POINT('',#11534);
#3949=VERTEX_POINT('',#11541);
#3950=VERTEX_POINT('',#11542);
#3951=VERTEX_POINT('',#11544);
#3952=VERTEX_POINT('',#11546);
#3953=VERTEX_POINT('',#11548);
#3954=VERTEX_POINT('',#11550);
#3955=VERTEX_POINT('',#11552);
#3956=VERTEX_POINT('',#11554);
#3957=VERTEX_POINT('',#11558);
#3958=VERTEX_POINT('',#11560);
#3959=VERTEX_POINT('',#11564);
#3960=VERTEX_POINT('',#11568);
#3961=VERTEX_POINT('',#11572);
#3962=VERTEX_POINT('',#11576);
#3963=VERTEX_POINT('',#11577);
#3964=VERTEX_POINT('',#11579);
#3965=VERTEX_POINT('',#11581);
#3966=VERTEX_POINT('',#11583);
#3967=VERTEX_POINT('',#11585);
#3968=VERTEX_POINT('',#11587);
#3969=VERTEX_POINT('',#11589);
#3970=VERTEX_POINT('',#11592);
#3971=VERTEX_POINT('',#11594);
#3972=VERTEX_POINT('',#11596);
#3973=VERTEX_POINT('',#11598);
#3974=VERTEX_POINT('',#11600);
#3975=VERTEX_POINT('',#11602);
#3976=VERTEX_POINT('',#11604);
#3977=VERTEX_POINT('',#11606);
#3978=VERTEX_POINT('',#11609);
#3979=VERTEX_POINT('',#11613);
#3980=VERTEX_POINT('',#11615);
#3981=VERTEX_POINT('',#11619);
#3982=VERTEX_POINT('',#11623);
#3983=VERTEX_POINT('',#11627);
#3984=VERTEX_POINT('',#11631);
#3985=VERTEX_POINT('',#11633);
#3986=VERTEX_POINT('',#11635);
#3987=VERTEX_POINT('',#11638);
#3988=VERTEX_POINT('',#11640);
#3989=VERTEX_POINT('',#11643);
#3990=VERTEX_POINT('',#11645);
#3991=VERTEX_POINT('',#11647);
#3992=VERTEX_POINT('',#11649);
#3993=VERTEX_POINT('',#11651);
#3994=VERTEX_POINT('',#11653);
#3995=VERTEX_POINT('',#11655);
#3996=VERTEX_POINT('',#11657);
#3997=VERTEX_POINT('',#11688);
#3998=VERTEX_POINT('',#11689);
#3999=VERTEX_POINT('',#11691);
#4000=VERTEX_POINT('',#11693);
#4001=VERTEX_POINT('',#11697);
#4002=VERTEX_POINT('',#11699);
#4003=VERTEX_POINT('',#11703);
#4004=VERTEX_POINT('',#11705);
#4005=VERTEX_POINT('',#11709);
#4006=VERTEX_POINT('',#11711);
#4007=VERTEX_POINT('',#11715);
#4008=VERTEX_POINT('',#11717);
#4009=VERTEX_POINT('',#11721);
#4010=VERTEX_POINT('',#11723);
#4011=VERTEX_POINT('',#11727);
#4012=VERTEX_POINT('',#11729);
#4013=VERTEX_POINT('',#11733);
#4014=VERTEX_POINT('',#11735);
#4015=VERTEX_POINT('',#11739);
#4016=VERTEX_POINT('',#11741);
#4017=VERTEX_POINT('',#11745);
#4018=VERTEX_POINT('',#11747);
#4019=VERTEX_POINT('',#11751);
#4020=VERTEX_POINT('',#11753);
#4021=VERTEX_POINT('',#11760);
#4022=VERTEX_POINT('',#11761);
#4023=VERTEX_POINT('',#11763);
#4024=VERTEX_POINT('',#11765);
#4025=VERTEX_POINT('',#11769);
#4026=VERTEX_POINT('',#11771);
#4027=VERTEX_POINT('',#11775);
#4028=VERTEX_POINT('',#11777);
#4029=VERTEX_POINT('',#11779);
#4030=VERTEX_POINT('',#11781);
#4031=VERTEX_POINT('',#11783);
#4032=VERTEX_POINT('',#11786);
#4033=VERTEX_POINT('',#11787);
#4034=VERTEX_POINT('',#11789);
#4035=VERTEX_POINT('',#11791);
#4036=VERTEX_POINT('',#11795);
#4037=VERTEX_POINT('',#11797);
#4038=VERTEX_POINT('',#11801);
#4039=VERTEX_POINT('',#11807);
#4040=VERTEX_POINT('',#11809);
#4041=VERTEX_POINT('',#11815);
#4042=VERTEX_POINT('',#11818);
#4043=VERTEX_POINT('',#11821);
#4044=VERTEX_POINT('',#11824);
#4045=VERTEX_POINT('',#11827);
#4046=VERTEX_POINT('',#11828);
#4047=VERTEX_POINT('',#11830);
#4048=VERTEX_POINT('',#11832);
#4049=VERTEX_POINT('',#11835);
#4050=VERTEX_POINT('',#11836);
#4051=VERTEX_POINT('',#11838);
#4052=VERTEX_POINT('',#11840);
#4053=VERTEX_POINT('',#11852);
#4054=VERTEX_POINT('',#11856);
#4055=VERTEX_POINT('',#11860);
#4056=VERTEX_POINT('',#11864);
#4057=VERTEX_POINT('',#11865);
#4058=VERTEX_POINT('',#11870);
#4059=VERTEX_POINT('',#11874);
#4060=VERTEX_POINT('',#11880);
#4061=EDGE_CURVE('',#3373,#3373,#3297,.T.);
#4062=EDGE_CURVE('',#3373,#3374,#1385,.T.);
#4063=EDGE_CURVE('',#3374,#3374,#3298,.T.);
#4064=EDGE_CURVE('',#3375,#3375,#3299,.T.);
#4065=EDGE_CURVE('',#3375,#3376,#1386,.T.);
#4066=EDGE_CURVE('',#3376,#3376,#3300,.T.);
#4067=EDGE_CURVE('',#3377,#3377,#3301,.T.);
#4068=EDGE_CURVE('',#3377,#3378,#1387,.T.);
#4069=EDGE_CURVE('',#3378,#3378,#3302,.T.);
#4070=EDGE_CURVE('',#3379,#3379,#3303,.T.);
#4071=EDGE_CURVE('',#3379,#3380,#1388,.T.);
#4072=EDGE_CURVE('',#3380,#3380,#3304,.T.);
#4073=EDGE_CURVE('',#3381,#3382,#3305,.T.);
#4074=EDGE_CURVE('',#3382,#3383,#1389,.T.);
#4075=EDGE_CURVE('',#3383,#3384,#3306,.T.);
#4076=EDGE_CURVE('',#3384,#3381,#1390,.T.);
#4077=EDGE_CURVE('',#3385,#3382,#1391,.T.);
#4078=EDGE_CURVE('',#3386,#3385,#1392,.T.);
#4079=EDGE_CURVE('',#3383,#3386,#1393,.T.);
#4080=EDGE_CURVE('',#3387,#3388,#3307,.T.);
#4081=EDGE_CURVE('',#3388,#3389,#1394,.T.);
#4082=EDGE_CURVE('',#3389,#3390,#3308,.T.);
#4083=EDGE_CURVE('',#3390,#3387,#1395,.T.);
#4084=EDGE_CURVE('',#3389,#3384,#1396,.T.);
#4085=EDGE_CURVE('',#3381,#3388,#1397,.T.);
#4086=EDGE_CURVE('',#3391,#3392,#3309,.T.);
#4087=EDGE_CURVE('',#3392,#3393,#1398,.T.);
#4088=EDGE_CURVE('',#3393,#3394,#3310,.T.);
#4089=EDGE_CURVE('',#3394,#3391,#1399,.T.);
#4090=EDGE_CURVE('',#3393,#3390,#1400,.T.);
#4091=EDGE_CURVE('',#3387,#3392,#1401,.T.);
#4092=EDGE_CURVE('',#3385,#3395,#3311,.T.);
#4093=EDGE_CURVE('',#3395,#3396,#1402,.T.);
#4094=EDGE_CURVE('',#3396,#3386,#3312,.T.);
#4095=EDGE_CURVE('',#3396,#3394,#1403,.T.);
#4096=EDGE_CURVE('',#3391,#3395,#1404,.T.);
#4097=EDGE_CURVE('',#3397,#3398,#3313,.T.);
#4098=EDGE_CURVE('',#3398,#3399,#1405,.T.);
#4099=EDGE_CURVE('',#3399,#3400,#3314,.T.);
#4100=EDGE_CURVE('',#3400,#3397,#1406,.T.);
#4101=EDGE_CURVE('',#3401,#3398,#1407,.T.);
#4102=EDGE_CURVE('',#3402,#3401,#1408,.T.);
#4103=EDGE_CURVE('',#3399,#3402,#1409,.T.);
#4104=EDGE_CURVE('',#3401,#3403,#3315,.T.);
#4105=EDGE_CURVE('',#3403,#3404,#1410,.T.);
#4106=EDGE_CURVE('',#3404,#3402,#3316,.T.);
#4107=EDGE_CURVE('',#3405,#3403,#1411,.T.);
#4108=EDGE_CURVE('',#3406,#3405,#1412,.T.);
#4109=EDGE_CURVE('',#3404,#3406,#1413,.T.);
#4110=EDGE_CURVE('',#3405,#3407,#3317,.T.);
#4111=EDGE_CURVE('',#3407,#3408,#1414,.T.);
#4112=EDGE_CURVE('',#3408,#3406,#3318,.T.);
#4113=EDGE_CURVE('',#3409,#3407,#1415,.T.);
#4114=EDGE_CURVE('',#3410,#3409,#1416,.T.);
#4115=EDGE_CURVE('',#3408,#3410,#1417,.T.);
#4116=EDGE_CURVE('',#3409,#3411,#3319,.T.);
#4117=EDGE_CURVE('',#3411,#3412,#1418,.T.);
#4118=EDGE_CURVE('',#3412,#3410,#3320,.T.);
#4119=EDGE_CURVE('',#3412,#3400,#1419,.T.);
#4120=EDGE_CURVE('',#3397,#3411,#1420,.T.);
#4121=EDGE_CURVE('',#3413,#3414,#1421,.T.);
#4122=EDGE_CURVE('',#3413,#3415,#1422,.T.);
#4123=EDGE_CURVE('',#3416,#3415,#1423,.T.);
#4124=EDGE_CURVE('',#3414,#3416,#1424,.F.);
#4125=EDGE_CURVE('',#3417,#3418,#1425,.T.);
#4126=EDGE_CURVE('',#3419,#3417,#1426,.F.);
#4127=EDGE_CURVE('',#3420,#3419,#1427,.T.);
#4128=EDGE_CURVE('',#3420,#3418,#1428,.T.);
#4129=EDGE_CURVE('',#3418,#3413,#1429,.T.);
#4130=EDGE_CURVE('',#3415,#3420,#1430,.T.);
#4131=EDGE_CURVE('',#3421,#3419,#1431,.T.);
#4132=EDGE_CURVE('',#3422,#3421,#1432,.T.);
#4133=EDGE_CURVE('',#3423,#3422,#1433,.T.);
#4134=EDGE_CURVE('',#3424,#3423,#1434,.T.);
#4135=EDGE_CURVE('',#3416,#3424,#1435,.T.);
#4136=EDGE_CURVE('',#3425,#3426,#1436,.T.);
#4137=EDGE_CURVE('',#3426,#3427,#1437,.T.);
#4138=EDGE_CURVE('',#3427,#3428,#1438,.T.);
#4139=EDGE_CURVE('',#3428,#3425,#1439,.T.);
#4140=EDGE_CURVE('',#3429,#3430,#1440,.T.);
#4141=EDGE_CURVE('',#3430,#3431,#1441,.T.);
#4142=EDGE_CURVE('',#3431,#3432,#1442,.T.);
#4143=EDGE_CURVE('',#3432,#3429,#1443,.T.);
#4144=EDGE_CURVE('',#3433,#3434,#1444,.T.);
#4145=EDGE_CURVE('',#3434,#3435,#1445,.T.);
#4146=EDGE_CURVE('',#3435,#3436,#1446,.T.);
#4147=EDGE_CURVE('',#3436,#3433,#1447,.T.);
#4148=EDGE_CURVE('',#3437,#3438,#1448,.T.);
#4149=EDGE_CURVE('',#3438,#3439,#1449,.T.);
#4150=EDGE_CURVE('',#3439,#3440,#1450,.T.);
#4151=EDGE_CURVE('',#3440,#3437,#1451,.T.);
#4152=EDGE_CURVE('',#3441,#3442,#1452,.T.);
#4153=EDGE_CURVE('',#3442,#3443,#1453,.T.);
#4154=EDGE_CURVE('',#3443,#3444,#1454,.T.);
#4155=EDGE_CURVE('',#3444,#3441,#1455,.T.);
#4156=EDGE_CURVE('',#3445,#3446,#1456,.T.);
#4157=EDGE_CURVE('',#3446,#3447,#1457,.T.);
#4158=EDGE_CURVE('',#3447,#3448,#1458,.T.);
#4159=EDGE_CURVE('',#3448,#3445,#1459,.T.);
#4160=EDGE_CURVE('',#3449,#3450,#1460,.T.);
#4161=EDGE_CURVE('',#3450,#3451,#1461,.T.);
#4162=EDGE_CURVE('',#3451,#3452,#1462,.T.);
#4163=EDGE_CURVE('',#3452,#3449,#1463,.T.);
#4164=EDGE_CURVE('',#3453,#3454,#1464,.T.);
#4165=EDGE_CURVE('',#3454,#3455,#1465,.T.);
#4166=EDGE_CURVE('',#3455,#3456,#1466,.T.);
#4167=EDGE_CURVE('',#3456,#3453,#1467,.T.);
#4168=EDGE_CURVE('',#3457,#3458,#1468,.T.);
#4169=EDGE_CURVE('',#3458,#3459,#1469,.T.);
#4170=EDGE_CURVE('',#3459,#3460,#1470,.T.);
#4171=EDGE_CURVE('',#3460,#3457,#1471,.T.);
#4172=EDGE_CURVE('',#3461,#3462,#1472,.T.);
#4173=EDGE_CURVE('',#3462,#3463,#1473,.T.);
#4174=EDGE_CURVE('',#3463,#3464,#1474,.T.);
#4175=EDGE_CURVE('',#3464,#3461,#1475,.T.);
#4176=EDGE_CURVE('',#3465,#3466,#1476,.T.);
#4177=EDGE_CURVE('',#3466,#3467,#1477,.T.);
#4178=EDGE_CURVE('',#3467,#3468,#1478,.T.);
#4179=EDGE_CURVE('',#3468,#3465,#1479,.T.);
#4180=EDGE_CURVE('',#3469,#3470,#1480,.T.);
#4181=EDGE_CURVE('',#3470,#3471,#1481,.T.);
#4182=EDGE_CURVE('',#3471,#3472,#1482,.T.);
#4183=EDGE_CURVE('',#3472,#3469,#1483,.T.);
#4184=EDGE_CURVE('',#3473,#3474,#1484,.T.);
#4185=EDGE_CURVE('',#3474,#3475,#1485,.T.);
#4186=EDGE_CURVE('',#3475,#3476,#1486,.T.);
#4187=EDGE_CURVE('',#3476,#3473,#1487,.T.);
#4188=EDGE_CURVE('',#3477,#3478,#1488,.T.);
#4189=EDGE_CURVE('',#3478,#3479,#1489,.T.);
#4190=EDGE_CURVE('',#3479,#3480,#1490,.T.);
#4191=EDGE_CURVE('',#3480,#3477,#1491,.T.);
#4192=EDGE_CURVE('',#3481,#3482,#1492,.T.);
#4193=EDGE_CURVE('',#3482,#3483,#1493,.T.);
#4194=EDGE_CURVE('',#3483,#3484,#1494,.T.);
#4195=EDGE_CURVE('',#3484,#3481,#1495,.T.);
#4196=EDGE_CURVE('',#3485,#3486,#1496,.T.);
#4197=EDGE_CURVE('',#3486,#3487,#1497,.T.);
#4198=EDGE_CURVE('',#3487,#3488,#1498,.T.);
#4199=EDGE_CURVE('',#3488,#3485,#1499,.T.);
#4200=EDGE_CURVE('',#3489,#3490,#1500,.T.);
#4201=EDGE_CURVE('',#3490,#3491,#1501,.T.);
#4202=EDGE_CURVE('',#3491,#3492,#1502,.T.);
#4203=EDGE_CURVE('',#3492,#3489,#1503,.T.);
#4204=EDGE_CURVE('',#3493,#3494,#1504,.T.);
#4205=EDGE_CURVE('',#3494,#3495,#1505,.T.);
#4206=EDGE_CURVE('',#3495,#3496,#1506,.T.);
#4207=EDGE_CURVE('',#3496,#3493,#1507,.T.);
#4208=EDGE_CURVE('',#3497,#3498,#1508,.T.);
#4209=EDGE_CURVE('',#3498,#3499,#1509,.T.);
#4210=EDGE_CURVE('',#3499,#3500,#1510,.T.);
#4211=EDGE_CURVE('',#3500,#3497,#1511,.T.);
#4212=EDGE_CURVE('',#3501,#3502,#1512,.T.);
#4213=EDGE_CURVE('',#3502,#3503,#1513,.T.);
#4214=EDGE_CURVE('',#3503,#3504,#1514,.T.);
#4215=EDGE_CURVE('',#3504,#3501,#1515,.T.);
#4216=EDGE_CURVE('',#3505,#3506,#1516,.T.);
#4217=EDGE_CURVE('',#3506,#3507,#1517,.T.);
#4218=EDGE_CURVE('',#3507,#3508,#1518,.T.);
#4219=EDGE_CURVE('',#3508,#3505,#1519,.T.);
#4220=EDGE_CURVE('',#3509,#3510,#1520,.T.);
#4221=EDGE_CURVE('',#3510,#3511,#1521,.T.);
#4222=EDGE_CURVE('',#3511,#3512,#1522,.T.);
#4223=EDGE_CURVE('',#3512,#3509,#1523,.T.);
#4224=EDGE_CURVE('',#3513,#3514,#1524,.T.);
#4225=EDGE_CURVE('',#3514,#3515,#1525,.T.);
#4226=EDGE_CURVE('',#3515,#3516,#1526,.T.);
#4227=EDGE_CURVE('',#3516,#3513,#1527,.T.);
#4228=EDGE_CURVE('',#3517,#3518,#1528,.T.);
#4229=EDGE_CURVE('',#3518,#3519,#1529,.T.);
#4230=EDGE_CURVE('',#3519,#3520,#1530,.T.);
#4231=EDGE_CURVE('',#3520,#3517,#1531,.T.);
#4232=EDGE_CURVE('',#3521,#3522,#1532,.T.);
#4233=EDGE_CURVE('',#3522,#3523,#1533,.T.);
#4234=EDGE_CURVE('',#3523,#3524,#1534,.T.);
#4235=EDGE_CURVE('',#3524,#3521,#1535,.T.);
#4236=EDGE_CURVE('',#3525,#3526,#1536,.T.);
#4237=EDGE_CURVE('',#3526,#3527,#1537,.T.);
#4238=EDGE_CURVE('',#3527,#3528,#1538,.T.);
#4239=EDGE_CURVE('',#3528,#3525,#1539,.T.);
#4240=EDGE_CURVE('',#3529,#3530,#1540,.T.);
#4241=EDGE_CURVE('',#3530,#3531,#1541,.T.);
#4242=EDGE_CURVE('',#3531,#3532,#1542,.T.);
#4243=EDGE_CURVE('',#3532,#3529,#1543,.T.);
#4244=EDGE_CURVE('',#3533,#3534,#1544,.T.);
#4245=EDGE_CURVE('',#3534,#3535,#1545,.T.);
#4246=EDGE_CURVE('',#3535,#3536,#1546,.T.);
#4247=EDGE_CURVE('',#3536,#3533,#1547,.T.);
#4248=EDGE_CURVE('',#3537,#3538,#1548,.T.);
#4249=EDGE_CURVE('',#3538,#3539,#1549,.T.);
#4250=EDGE_CURVE('',#3539,#3540,#1550,.T.);
#4251=EDGE_CURVE('',#3540,#3537,#1551,.T.);
#4252=EDGE_CURVE('',#3541,#3542,#1552,.T.);
#4253=EDGE_CURVE('',#3542,#3543,#1553,.T.);
#4254=EDGE_CURVE('',#3543,#3544,#1554,.T.);
#4255=EDGE_CURVE('',#3544,#3541,#1555,.T.);
#4256=EDGE_CURVE('',#3545,#3546,#1556,.T.);
#4257=EDGE_CURVE('',#3546,#3547,#1557,.T.);
#4258=EDGE_CURVE('',#3547,#3548,#1558,.T.);
#4259=EDGE_CURVE('',#3548,#3545,#1559,.T.);
#4260=EDGE_CURVE('',#3549,#3550,#1560,.T.);
#4261=EDGE_CURVE('',#3550,#3551,#1561,.T.);
#4262=EDGE_CURVE('',#3551,#3552,#1562,.T.);
#4263=EDGE_CURVE('',#3552,#3549,#1563,.T.);
#4264=EDGE_CURVE('',#3553,#3554,#1564,.T.);
#4265=EDGE_CURVE('',#3554,#3555,#1565,.T.);
#4266=EDGE_CURVE('',#3555,#3556,#1566,.T.);
#4267=EDGE_CURVE('',#3556,#3553,#1567,.T.);
#4268=EDGE_CURVE('',#3557,#3558,#1568,.T.);
#4269=EDGE_CURVE('',#3558,#3559,#1569,.T.);
#4270=EDGE_CURVE('',#3559,#3560,#1570,.T.);
#4271=EDGE_CURVE('',#3560,#3557,#1571,.T.);
#4272=EDGE_CURVE('',#3561,#3562,#1572,.T.);
#4273=EDGE_CURVE('',#3562,#3563,#1573,.T.);
#4274=EDGE_CURVE('',#3563,#3564,#1574,.T.);
#4275=EDGE_CURVE('',#3564,#3561,#1575,.T.);
#4276=EDGE_CURVE('',#3565,#3566,#1576,.T.);
#4277=EDGE_CURVE('',#3566,#3567,#1577,.T.);
#4278=EDGE_CURVE('',#3567,#3568,#1578,.T.);
#4279=EDGE_CURVE('',#3568,#3565,#1579,.T.);
#4280=EDGE_CURVE('',#3569,#3570,#1580,.T.);
#4281=EDGE_CURVE('',#3570,#3571,#1581,.T.);
#4282=EDGE_CURVE('',#3571,#3572,#1582,.T.);
#4283=EDGE_CURVE('',#3572,#3569,#1583,.T.);
#4284=EDGE_CURVE('',#3573,#3574,#1584,.T.);
#4285=EDGE_CURVE('',#3574,#3575,#1585,.T.);
#4286=EDGE_CURVE('',#3575,#3576,#1586,.T.);
#4287=EDGE_CURVE('',#3576,#3573,#1587,.T.);
#4288=EDGE_CURVE('',#3577,#3578,#1588,.T.);
#4289=EDGE_CURVE('',#3578,#3579,#1589,.T.);
#4290=EDGE_CURVE('',#3579,#3580,#1590,.T.);
#4291=EDGE_CURVE('',#3580,#3577,#1591,.T.);
#4292=EDGE_CURVE('',#3581,#3582,#1592,.T.);
#4293=EDGE_CURVE('',#3582,#3583,#1593,.T.);
#4294=EDGE_CURVE('',#3583,#3584,#1594,.T.);
#4295=EDGE_CURVE('',#3584,#3581,#1595,.T.);
#4296=EDGE_CURVE('',#3585,#3586,#1596,.T.);
#4297=EDGE_CURVE('',#3586,#3587,#1597,.T.);
#4298=EDGE_CURVE('',#3587,#3588,#1598,.T.);
#4299=EDGE_CURVE('',#3588,#3585,#1599,.T.);
#4300=EDGE_CURVE('',#3589,#3590,#1600,.T.);
#4301=EDGE_CURVE('',#3590,#3591,#1601,.T.);
#4302=EDGE_CURVE('',#3591,#3592,#1602,.T.);
#4303=EDGE_CURVE('',#3592,#3589,#1603,.T.);
#4304=EDGE_CURVE('',#3593,#3594,#1604,.T.);
#4305=EDGE_CURVE('',#3594,#3595,#1605,.T.);
#4306=EDGE_CURVE('',#3595,#3596,#1606,.T.);
#4307=EDGE_CURVE('',#3596,#3593,#1607,.T.);
#4308=EDGE_CURVE('',#3597,#3598,#1608,.T.);
#4309=EDGE_CURVE('',#3598,#3599,#1609,.T.);
#4310=EDGE_CURVE('',#3599,#3600,#1610,.T.);
#4311=EDGE_CURVE('',#3600,#3597,#1611,.T.);
#4312=EDGE_CURVE('',#3601,#3602,#1612,.T.);
#4313=EDGE_CURVE('',#3602,#3603,#1613,.T.);
#4314=EDGE_CURVE('',#3603,#3604,#1614,.T.);
#4315=EDGE_CURVE('',#3604,#3601,#1615,.T.);
#4316=EDGE_CURVE('',#3605,#3606,#1616,.T.);
#4317=EDGE_CURVE('',#3606,#3607,#1617,.T.);
#4318=EDGE_CURVE('',#3607,#3608,#1618,.T.);
#4319=EDGE_CURVE('',#3608,#3605,#1619,.T.);
#4320=EDGE_CURVE('',#3609,#3610,#1620,.T.);
#4321=EDGE_CURVE('',#3610,#3611,#1621,.T.);
#4322=EDGE_CURVE('',#3611,#3612,#1622,.T.);
#4323=EDGE_CURVE('',#3612,#3609,#1623,.T.);
#4324=EDGE_CURVE('',#3613,#3614,#1624,.T.);
#4325=EDGE_CURVE('',#3614,#3615,#1625,.T.);
#4326=EDGE_CURVE('',#3615,#3616,#1626,.T.);
#4327=EDGE_CURVE('',#3616,#3613,#1627,.T.);
#4328=EDGE_CURVE('',#3617,#3618,#1628,.T.);
#4329=EDGE_CURVE('',#3618,#3619,#1629,.T.);
#4330=EDGE_CURVE('',#3619,#3620,#1630,.T.);
#4331=EDGE_CURVE('',#3620,#3617,#1631,.T.);
#4332=EDGE_CURVE('',#3621,#3622,#1632,.T.);
#4333=EDGE_CURVE('',#3622,#3623,#1633,.T.);
#4334=EDGE_CURVE('',#3623,#3624,#1634,.T.);
#4335=EDGE_CURVE('',#3624,#3621,#1635,.T.);
#4336=EDGE_CURVE('',#3625,#3626,#1636,.T.);
#4337=EDGE_CURVE('',#3626,#3627,#1637,.T.);
#4338=EDGE_CURVE('',#3627,#3628,#1638,.T.);
#4339=EDGE_CURVE('',#3628,#3625,#1639,.T.);
#4340=EDGE_CURVE('',#3629,#3630,#1640,.T.);
#4341=EDGE_CURVE('',#3630,#3631,#1641,.T.);
#4342=EDGE_CURVE('',#3631,#3632,#1642,.T.);
#4343=EDGE_CURVE('',#3632,#3629,#1643,.T.);
#4344=EDGE_CURVE('',#3633,#3634,#1644,.T.);
#4345=EDGE_CURVE('',#3634,#3635,#1645,.T.);
#4346=EDGE_CURVE('',#3635,#3636,#1646,.T.);
#4347=EDGE_CURVE('',#3636,#3633,#1647,.T.);
#4348=EDGE_CURVE('',#3637,#3638,#1648,.T.);
#4349=EDGE_CURVE('',#3638,#3639,#1649,.T.);
#4350=EDGE_CURVE('',#3639,#3640,#1650,.T.);
#4351=EDGE_CURVE('',#3640,#3637,#1651,.T.);
#4352=EDGE_CURVE('',#3641,#3642,#1652,.T.);
#4353=EDGE_CURVE('',#3642,#3643,#1653,.T.);
#4354=EDGE_CURVE('',#3643,#3644,#1654,.T.);
#4355=EDGE_CURVE('',#3644,#3641,#1655,.T.);
#4356=EDGE_CURVE('',#3645,#3646,#1656,.T.);
#4357=EDGE_CURVE('',#3646,#3647,#1657,.T.);
#4358=EDGE_CURVE('',#3647,#3648,#1658,.T.);
#4359=EDGE_CURVE('',#3648,#3645,#1659,.T.);
#4360=EDGE_CURVE('',#3649,#3650,#1660,.T.);
#4361=EDGE_CURVE('',#3650,#3651,#1661,.T.);
#4362=EDGE_CURVE('',#3651,#3652,#1662,.T.);
#4363=EDGE_CURVE('',#3652,#3649,#1663,.T.);
#4364=EDGE_CURVE('',#3653,#3654,#1664,.T.);
#4365=EDGE_CURVE('',#3654,#3655,#1665,.T.);
#4366=EDGE_CURVE('',#3655,#3656,#1666,.T.);
#4367=EDGE_CURVE('',#3656,#3653,#1667,.T.);
#4368=EDGE_CURVE('',#3657,#3658,#1668,.T.);
#4369=EDGE_CURVE('',#3658,#3659,#1669,.T.);
#4370=EDGE_CURVE('',#3659,#3660,#1670,.T.);
#4371=EDGE_CURVE('',#3660,#3657,#1671,.T.);
#4372=EDGE_CURVE('',#3661,#3662,#1672,.T.);
#4373=EDGE_CURVE('',#3662,#3663,#1673,.T.);
#4374=EDGE_CURVE('',#3663,#3664,#1674,.T.);
#4375=EDGE_CURVE('',#3664,#3661,#1675,.T.);
#4376=EDGE_CURVE('',#3665,#3666,#1676,.T.);
#4377=EDGE_CURVE('',#3666,#3667,#1677,.T.);
#4378=EDGE_CURVE('',#3667,#3668,#1678,.T.);
#4379=EDGE_CURVE('',#3668,#3665,#1679,.T.);
#4380=EDGE_CURVE('',#3669,#3670,#1680,.T.);
#4381=EDGE_CURVE('',#3670,#3671,#1681,.T.);
#4382=EDGE_CURVE('',#3671,#3672,#1682,.T.);
#4383=EDGE_CURVE('',#3672,#3669,#1683,.T.);
#4384=EDGE_CURVE('',#3673,#3674,#1684,.T.);
#4385=EDGE_CURVE('',#3674,#3675,#1685,.T.);
#4386=EDGE_CURVE('',#3675,#3676,#1686,.T.);
#4387=EDGE_CURVE('',#3676,#3673,#1687,.T.);
#4388=EDGE_CURVE('',#3677,#3678,#1688,.T.);
#4389=EDGE_CURVE('',#3678,#3679,#1689,.T.);
#4390=EDGE_CURVE('',#3679,#3680,#1690,.T.);
#4391=EDGE_CURVE('',#3680,#3677,#1691,.T.);
#4392=EDGE_CURVE('',#3681,#3682,#1692,.T.);
#4393=EDGE_CURVE('',#3682,#3683,#1693,.T.);
#4394=EDGE_CURVE('',#3683,#3684,#1694,.T.);
#4395=EDGE_CURVE('',#3684,#3681,#1695,.T.);
#4396=EDGE_CURVE('',#3685,#3417,#1696,.F.);
#4397=EDGE_CURVE('',#3421,#3685,#1697,.T.);
#4398=EDGE_CURVE('',#3424,#3686,#1698,.F.);
#4399=EDGE_CURVE('',#3414,#3686,#1699,.F.);
#4400=EDGE_CURVE('',#3427,#3687,#1700,.T.);
#4401=EDGE_CURVE('',#3688,#3687,#1701,.T.);
#4402=EDGE_CURVE('',#3428,#3688,#1702,.T.);
#4403=EDGE_CURVE('',#3689,#3688,#1703,.T.);
#4404=EDGE_CURVE('',#3425,#3689,#1704,.T.);
#4405=EDGE_CURVE('',#3690,#3689,#1705,.T.);
#4406=EDGE_CURVE('',#3426,#3690,#1706,.T.);
#4407=EDGE_CURVE('',#3687,#3690,#1707,.T.);
#4408=EDGE_CURVE('',#3431,#3691,#1708,.T.);
#4409=EDGE_CURVE('',#3692,#3691,#1709,.T.);
#4410=EDGE_CURVE('',#3432,#3692,#1710,.T.);
#4411=EDGE_CURVE('',#3693,#3692,#1711,.T.);
#4412=EDGE_CURVE('',#3429,#3693,#1712,.T.);
#4413=EDGE_CURVE('',#3694,#3693,#1713,.T.);
#4414=EDGE_CURVE('',#3430,#3694,#1714,.T.);
#4415=EDGE_CURVE('',#3691,#3694,#1715,.T.);
#4416=EDGE_CURVE('',#3435,#3695,#1716,.T.);
#4417=EDGE_CURVE('',#3696,#3695,#1717,.T.);
#4418=EDGE_CURVE('',#3436,#3696,#1718,.T.);
#4419=EDGE_CURVE('',#3697,#3696,#1719,.T.);
#4420=EDGE_CURVE('',#3433,#3697,#1720,.T.);
#4421=EDGE_CURVE('',#3698,#3697,#1721,.T.);
#4422=EDGE_CURVE('',#3434,#3698,#1722,.T.);
#4423=EDGE_CURVE('',#3695,#3698,#1723,.T.);
#4424=EDGE_CURVE('',#3439,#3699,#1724,.T.);
#4425=EDGE_CURVE('',#3700,#3699,#1725,.T.);
#4426=EDGE_CURVE('',#3440,#3700,#1726,.T.);
#4427=EDGE_CURVE('',#3701,#3700,#1727,.T.);
#4428=EDGE_CURVE('',#3437,#3701,#1728,.T.);
#4429=EDGE_CURVE('',#3702,#3701,#1729,.T.);
#4430=EDGE_CURVE('',#3438,#3702,#1730,.T.);
#4431=EDGE_CURVE('',#3699,#3702,#1731,.T.);
#4432=EDGE_CURVE('',#3443,#3703,#1732,.T.);
#4433=EDGE_CURVE('',#3704,#3703,#1733,.T.);
#4434=EDGE_CURVE('',#3444,#3704,#1734,.T.);
#4435=EDGE_CURVE('',#3705,#3704,#1735,.T.);
#4436=EDGE_CURVE('',#3441,#3705,#1736,.T.);
#4437=EDGE_CURVE('',#3706,#3705,#1737,.T.);
#4438=EDGE_CURVE('',#3442,#3706,#1738,.T.);
#4439=EDGE_CURVE('',#3703,#3706,#1739,.T.);
#4440=EDGE_CURVE('',#3447,#3707,#1740,.T.);
#4441=EDGE_CURVE('',#3708,#3707,#1741,.T.);
#4442=EDGE_CURVE('',#3448,#3708,#1742,.T.);
#4443=EDGE_CURVE('',#3709,#3708,#1743,.T.);
#4444=EDGE_CURVE('',#3445,#3709,#1744,.T.);
#4445=EDGE_CURVE('',#3710,#3709,#1745,.T.);
#4446=EDGE_CURVE('',#3446,#3710,#1746,.T.);
#4447=EDGE_CURVE('',#3707,#3710,#1747,.T.);
#4448=EDGE_CURVE('',#3451,#3711,#1748,.T.);
#4449=EDGE_CURVE('',#3712,#3711,#1749,.T.);
#4450=EDGE_CURVE('',#3452,#3712,#1750,.T.);
#4451=EDGE_CURVE('',#3713,#3712,#1751,.T.);
#4452=EDGE_CURVE('',#3449,#3713,#1752,.T.);
#4453=EDGE_CURVE('',#3714,#3713,#1753,.T.);
#4454=EDGE_CURVE('',#3450,#3714,#1754,.T.);
#4455=EDGE_CURVE('',#3711,#3714,#1755,.T.);
#4456=EDGE_CURVE('',#3455,#3715,#1756,.T.);
#4457=EDGE_CURVE('',#3716,#3715,#1757,.T.);
#4458=EDGE_CURVE('',#3456,#3716,#1758,.T.);
#4459=EDGE_CURVE('',#3717,#3716,#1759,.T.);
#4460=EDGE_CURVE('',#3453,#3717,#1760,.T.);
#4461=EDGE_CURVE('',#3718,#3717,#1761,.T.);
#4462=EDGE_CURVE('',#3454,#3718,#1762,.T.);
#4463=EDGE_CURVE('',#3715,#3718,#1763,.T.);
#4464=EDGE_CURVE('',#3459,#3719,#1764,.T.);
#4465=EDGE_CURVE('',#3720,#3719,#1765,.T.);
#4466=EDGE_CURVE('',#3460,#3720,#1766,.T.);
#4467=EDGE_CURVE('',#3721,#3720,#1767,.T.);
#4468=EDGE_CURVE('',#3457,#3721,#1768,.T.);
#4469=EDGE_CURVE('',#3722,#3721,#1769,.T.);
#4470=EDGE_CURVE('',#3458,#3722,#1770,.T.);
#4471=EDGE_CURVE('',#3719,#3722,#1771,.T.);
#4472=EDGE_CURVE('',#3463,#3723,#1772,.T.);
#4473=EDGE_CURVE('',#3724,#3723,#1773,.T.);
#4474=EDGE_CURVE('',#3464,#3724,#1774,.T.);
#4475=EDGE_CURVE('',#3725,#3724,#1775,.T.);
#4476=EDGE_CURVE('',#3461,#3725,#1776,.T.);
#4477=EDGE_CURVE('',#3726,#3725,#1777,.T.);
#4478=EDGE_CURVE('',#3462,#3726,#1778,.T.);
#4479=EDGE_CURVE('',#3723,#3726,#1779,.T.);
#4480=EDGE_CURVE('',#3467,#3727,#1780,.T.);
#4481=EDGE_CURVE('',#3728,#3727,#1781,.T.);
#4482=EDGE_CURVE('',#3468,#3728,#1782,.T.);
#4483=EDGE_CURVE('',#3729,#3728,#1783,.T.);
#4484=EDGE_CURVE('',#3465,#3729,#1784,.T.);
#4485=EDGE_CURVE('',#3730,#3729,#1785,.T.);
#4486=EDGE_CURVE('',#3466,#3730,#1786,.T.);
#4487=EDGE_CURVE('',#3727,#3730,#1787,.T.);
#4488=EDGE_CURVE('',#3471,#3731,#1788,.T.);
#4489=EDGE_CURVE('',#3732,#3731,#1789,.T.);
#4490=EDGE_CURVE('',#3472,#3732,#1790,.T.);
#4491=EDGE_CURVE('',#3733,#3732,#1791,.T.);
#4492=EDGE_CURVE('',#3469,#3733,#1792,.T.);
#4493=EDGE_CURVE('',#3734,#3733,#1793,.T.);
#4494=EDGE_CURVE('',#3470,#3734,#1794,.T.);
#4495=EDGE_CURVE('',#3731,#3734,#1795,.T.);
#4496=EDGE_CURVE('',#3475,#3735,#1796,.T.);
#4497=EDGE_CURVE('',#3736,#3735,#1797,.T.);
#4498=EDGE_CURVE('',#3476,#3736,#1798,.T.);
#4499=EDGE_CURVE('',#3737,#3736,#1799,.T.);
#4500=EDGE_CURVE('',#3473,#3737,#1800,.T.);
#4501=EDGE_CURVE('',#3738,#3737,#1801,.T.);
#4502=EDGE_CURVE('',#3474,#3738,#1802,.T.);
#4503=EDGE_CURVE('',#3735,#3738,#1803,.T.);
#4504=EDGE_CURVE('',#3479,#3739,#1804,.T.);
#4505=EDGE_CURVE('',#3740,#3739,#1805,.T.);
#4506=EDGE_CURVE('',#3480,#3740,#1806,.T.);
#4507=EDGE_CURVE('',#3741,#3740,#1807,.T.);
#4508=EDGE_CURVE('',#3477,#3741,#1808,.T.);
#4509=EDGE_CURVE('',#3742,#3741,#1809,.T.);
#4510=EDGE_CURVE('',#3478,#3742,#1810,.T.);
#4511=EDGE_CURVE('',#3739,#3742,#1811,.T.);
#4512=EDGE_CURVE('',#3483,#3743,#1812,.T.);
#4513=EDGE_CURVE('',#3744,#3743,#1813,.T.);
#4514=EDGE_CURVE('',#3484,#3744,#1814,.T.);
#4515=EDGE_CURVE('',#3745,#3744,#1815,.T.);
#4516=EDGE_CURVE('',#3481,#3745,#1816,.T.);
#4517=EDGE_CURVE('',#3746,#3745,#1817,.T.);
#4518=EDGE_CURVE('',#3482,#3746,#1818,.T.);
#4519=EDGE_CURVE('',#3743,#3746,#1819,.T.);
#4520=EDGE_CURVE('',#3487,#3747,#1820,.T.);
#4521=EDGE_CURVE('',#3748,#3747,#1821,.T.);
#4522=EDGE_CURVE('',#3488,#3748,#1822,.T.);
#4523=EDGE_CURVE('',#3749,#3748,#1823,.T.);
#4524=EDGE_CURVE('',#3485,#3749,#1824,.T.);
#4525=EDGE_CURVE('',#3750,#3749,#1825,.T.);
#4526=EDGE_CURVE('',#3486,#3750,#1826,.T.);
#4527=EDGE_CURVE('',#3747,#3750,#1827,.T.);
#4528=EDGE_CURVE('',#3491,#3751,#1828,.T.);
#4529=EDGE_CURVE('',#3752,#3751,#1829,.T.);
#4530=EDGE_CURVE('',#3492,#3752,#1830,.T.);
#4531=EDGE_CURVE('',#3753,#3752,#1831,.T.);
#4532=EDGE_CURVE('',#3489,#3753,#1832,.T.);
#4533=EDGE_CURVE('',#3754,#3753,#1833,.T.);
#4534=EDGE_CURVE('',#3490,#3754,#1834,.T.);
#4535=EDGE_CURVE('',#3751,#3754,#1835,.T.);
#4536=EDGE_CURVE('',#3495,#3755,#1836,.T.);
#4537=EDGE_CURVE('',#3756,#3755,#1837,.T.);
#4538=EDGE_CURVE('',#3496,#3756,#1838,.T.);
#4539=EDGE_CURVE('',#3757,#3756,#1839,.T.);
#4540=EDGE_CURVE('',#3493,#3757,#1840,.T.);
#4541=EDGE_CURVE('',#3758,#3757,#1841,.T.);
#4542=EDGE_CURVE('',#3494,#3758,#1842,.T.);
#4543=EDGE_CURVE('',#3755,#3758,#1843,.T.);
#4544=EDGE_CURVE('',#3499,#3759,#1844,.T.);
#4545=EDGE_CURVE('',#3760,#3759,#1845,.T.);
#4546=EDGE_CURVE('',#3500,#3760,#1846,.T.);
#4547=EDGE_CURVE('',#3761,#3760,#1847,.T.);
#4548=EDGE_CURVE('',#3497,#3761,#1848,.T.);
#4549=EDGE_CURVE('',#3762,#3761,#1849,.T.);
#4550=EDGE_CURVE('',#3498,#3762,#1850,.T.);
#4551=EDGE_CURVE('',#3759,#3762,#1851,.T.);
#4552=EDGE_CURVE('',#3503,#3763,#1852,.T.);
#4553=EDGE_CURVE('',#3764,#3763,#1853,.T.);
#4554=EDGE_CURVE('',#3504,#3764,#1854,.T.);
#4555=EDGE_CURVE('',#3765,#3764,#1855,.T.);
#4556=EDGE_CURVE('',#3501,#3765,#1856,.T.);
#4557=EDGE_CURVE('',#3766,#3765,#1857,.T.);
#4558=EDGE_CURVE('',#3502,#3766,#1858,.T.);
#4559=EDGE_CURVE('',#3763,#3766,#1859,.T.);
#4560=EDGE_CURVE('',#3507,#3767,#1860,.T.);
#4561=EDGE_CURVE('',#3768,#3767,#1861,.T.);
#4562=EDGE_CURVE('',#3508,#3768,#1862,.T.);
#4563=EDGE_CURVE('',#3769,#3768,#1863,.T.);
#4564=EDGE_CURVE('',#3505,#3769,#1864,.T.);
#4565=EDGE_CURVE('',#3770,#3769,#1865,.T.);
#4566=EDGE_CURVE('',#3506,#3770,#1866,.T.);
#4567=EDGE_CURVE('',#3767,#3770,#1867,.T.);
#4568=EDGE_CURVE('',#3511,#3771,#1868,.T.);
#4569=EDGE_CURVE('',#3772,#3771,#1869,.T.);
#4570=EDGE_CURVE('',#3512,#3772,#1870,.T.);
#4571=EDGE_CURVE('',#3773,#3772,#1871,.T.);
#4572=EDGE_CURVE('',#3509,#3773,#1872,.T.);
#4573=EDGE_CURVE('',#3774,#3773,#1873,.T.);
#4574=EDGE_CURVE('',#3510,#3774,#1874,.T.);
#4575=EDGE_CURVE('',#3771,#3774,#1875,.T.);
#4576=EDGE_CURVE('',#3515,#3775,#1876,.T.);
#4577=EDGE_CURVE('',#3776,#3775,#1877,.T.);
#4578=EDGE_CURVE('',#3516,#3776,#1878,.T.);
#4579=EDGE_CURVE('',#3777,#3776,#1879,.T.);
#4580=EDGE_CURVE('',#3513,#3777,#1880,.T.);
#4581=EDGE_CURVE('',#3778,#3777,#1881,.T.);
#4582=EDGE_CURVE('',#3514,#3778,#1882,.T.);
#4583=EDGE_CURVE('',#3775,#3778,#1883,.T.);
#4584=EDGE_CURVE('',#3519,#3779,#1884,.T.);
#4585=EDGE_CURVE('',#3780,#3779,#1885,.T.);
#4586=EDGE_CURVE('',#3520,#3780,#1886,.T.);
#4587=EDGE_CURVE('',#3781,#3780,#1887,.T.);
#4588=EDGE_CURVE('',#3517,#3781,#1888,.T.);
#4589=EDGE_CURVE('',#3782,#3781,#1889,.T.);
#4590=EDGE_CURVE('',#3518,#3782,#1890,.T.);
#4591=EDGE_CURVE('',#3779,#3782,#1891,.T.);
#4592=EDGE_CURVE('',#3523,#3783,#1892,.T.);
#4593=EDGE_CURVE('',#3784,#3783,#1893,.T.);
#4594=EDGE_CURVE('',#3524,#3784,#1894,.T.);
#4595=EDGE_CURVE('',#3785,#3784,#1895,.T.);
#4596=EDGE_CURVE('',#3521,#3785,#1896,.T.);
#4597=EDGE_CURVE('',#3786,#3785,#1897,.T.);
#4598=EDGE_CURVE('',#3522,#3786,#1898,.T.);
#4599=EDGE_CURVE('',#3783,#3786,#1899,.T.);
#4600=EDGE_CURVE('',#3527,#3787,#1900,.T.);
#4601=EDGE_CURVE('',#3788,#3787,#1901,.T.);
#4602=EDGE_CURVE('',#3528,#3788,#1902,.T.);
#4603=EDGE_CURVE('',#3789,#3788,#1903,.T.);
#4604=EDGE_CURVE('',#3525,#3789,#1904,.T.);
#4605=EDGE_CURVE('',#3790,#3789,#1905,.T.);
#4606=EDGE_CURVE('',#3526,#3790,#1906,.T.);
#4607=EDGE_CURVE('',#3787,#3790,#1907,.T.);
#4608=EDGE_CURVE('',#3531,#3791,#1908,.T.);
#4609=EDGE_CURVE('',#3792,#3791,#1909,.T.);
#4610=EDGE_CURVE('',#3532,#3792,#1910,.T.);
#4611=EDGE_CURVE('',#3793,#3792,#1911,.T.);
#4612=EDGE_CURVE('',#3529,#3793,#1912,.T.);
#4613=EDGE_CURVE('',#3794,#3793,#1913,.T.);
#4614=EDGE_CURVE('',#3530,#3794,#1914,.T.);
#4615=EDGE_CURVE('',#3791,#3794,#1915,.T.);
#4616=EDGE_CURVE('',#3535,#3795,#1916,.T.);
#4617=EDGE_CURVE('',#3796,#3795,#1917,.T.);
#4618=EDGE_CURVE('',#3536,#3796,#1918,.T.);
#4619=EDGE_CURVE('',#3797,#3796,#1919,.T.);
#4620=EDGE_CURVE('',#3533,#3797,#1920,.T.);
#4621=EDGE_CURVE('',#3798,#3797,#1921,.T.);
#4622=EDGE_CURVE('',#3534,#3798,#1922,.T.);
#4623=EDGE_CURVE('',#3795,#3798,#1923,.T.);
#4624=EDGE_CURVE('',#3539,#3799,#1924,.T.);
#4625=EDGE_CURVE('',#3800,#3799,#1925,.T.);
#4626=EDGE_CURVE('',#3540,#3800,#1926,.T.);
#4627=EDGE_CURVE('',#3801,#3800,#1927,.T.);
#4628=EDGE_CURVE('',#3537,#3801,#1928,.T.);
#4629=EDGE_CURVE('',#3802,#3801,#1929,.T.);
#4630=EDGE_CURVE('',#3538,#3802,#1930,.T.);
#4631=EDGE_CURVE('',#3799,#3802,#1931,.T.);
#4632=EDGE_CURVE('',#3543,#3803,#1932,.T.);
#4633=EDGE_CURVE('',#3804,#3803,#1933,.T.);
#4634=EDGE_CURVE('',#3544,#3804,#1934,.T.);
#4635=EDGE_CURVE('',#3805,#3804,#1935,.T.);
#4636=EDGE_CURVE('',#3541,#3805,#1936,.T.);
#4637=EDGE_CURVE('',#3806,#3805,#1937,.T.);
#4638=EDGE_CURVE('',#3542,#3806,#1938,.T.);
#4639=EDGE_CURVE('',#3803,#3806,#1939,.T.);
#4640=EDGE_CURVE('',#3547,#3807,#1940,.T.);
#4641=EDGE_CURVE('',#3808,#3807,#1941,.T.);
#4642=EDGE_CURVE('',#3548,#3808,#1942,.T.);
#4643=EDGE_CURVE('',#3809,#3808,#1943,.T.);
#4644=EDGE_CURVE('',#3545,#3809,#1944,.T.);
#4645=EDGE_CURVE('',#3810,#3809,#1945,.T.);
#4646=EDGE_CURVE('',#3546,#3810,#1946,.T.);
#4647=EDGE_CURVE('',#3807,#3810,#1947,.T.);
#4648=EDGE_CURVE('',#3551,#3811,#1948,.T.);
#4649=EDGE_CURVE('',#3812,#3811,#1949,.T.);
#4650=EDGE_CURVE('',#3552,#3812,#1950,.T.);
#4651=EDGE_CURVE('',#3813,#3812,#1951,.T.);
#4652=EDGE_CURVE('',#3549,#3813,#1952,.T.);
#4653=EDGE_CURVE('',#3814,#3813,#1953,.T.);
#4654=EDGE_CURVE('',#3550,#3814,#1954,.T.);
#4655=EDGE_CURVE('',#3811,#3814,#1955,.T.);
#4656=EDGE_CURVE('',#3555,#3815,#1956,.T.);
#4657=EDGE_CURVE('',#3816,#3815,#1957,.T.);
#4658=EDGE_CURVE('',#3556,#3816,#1958,.T.);
#4659=EDGE_CURVE('',#3817,#3816,#1959,.T.);
#4660=EDGE_CURVE('',#3553,#3817,#1960,.T.);
#4661=EDGE_CURVE('',#3818,#3817,#1961,.T.);
#4662=EDGE_CURVE('',#3554,#3818,#1962,.T.);
#4663=EDGE_CURVE('',#3815,#3818,#1963,.T.);
#4664=EDGE_CURVE('',#3559,#3819,#1964,.T.);
#4665=EDGE_CURVE('',#3820,#3819,#1965,.T.);
#4666=EDGE_CURVE('',#3560,#3820,#1966,.T.);
#4667=EDGE_CURVE('',#3821,#3820,#1967,.T.);
#4668=EDGE_CURVE('',#3557,#3821,#1968,.T.);
#4669=EDGE_CURVE('',#3822,#3821,#1969,.T.);
#4670=EDGE_CURVE('',#3558,#3822,#1970,.T.);
#4671=EDGE_CURVE('',#3819,#3822,#1971,.T.);
#4672=EDGE_CURVE('',#3563,#3823,#1972,.T.);
#4673=EDGE_CURVE('',#3824,#3823,#1973,.T.);
#4674=EDGE_CURVE('',#3564,#3824,#1974,.T.);
#4675=EDGE_CURVE('',#3825,#3824,#1975,.T.);
#4676=EDGE_CURVE('',#3561,#3825,#1976,.T.);
#4677=EDGE_CURVE('',#3826,#3825,#1977,.T.);
#4678=EDGE_CURVE('',#3562,#3826,#1978,.T.);
#4679=EDGE_CURVE('',#3823,#3826,#1979,.T.);
#4680=EDGE_CURVE('',#3567,#3827,#1980,.T.);
#4681=EDGE_CURVE('',#3828,#3827,#1981,.T.);
#4682=EDGE_CURVE('',#3568,#3828,#1982,.T.);
#4683=EDGE_CURVE('',#3829,#3828,#1983,.T.);
#4684=EDGE_CURVE('',#3565,#3829,#1984,.T.);
#4685=EDGE_CURVE('',#3830,#3829,#1985,.T.);
#4686=EDGE_CURVE('',#3566,#3830,#1986,.T.);
#4687=EDGE_CURVE('',#3827,#3830,#1987,.T.);
#4688=EDGE_CURVE('',#3571,#3831,#1988,.T.);
#4689=EDGE_CURVE('',#3832,#3831,#1989,.T.);
#4690=EDGE_CURVE('',#3572,#3832,#1990,.T.);
#4691=EDGE_CURVE('',#3833,#3832,#1991,.T.);
#4692=EDGE_CURVE('',#3569,#3833,#1992,.T.);
#4693=EDGE_CURVE('',#3834,#3833,#1993,.T.);
#4694=EDGE_CURVE('',#3570,#3834,#1994,.T.);
#4695=EDGE_CURVE('',#3831,#3834,#1995,.T.);
#4696=EDGE_CURVE('',#3575,#3835,#1996,.T.);
#4697=EDGE_CURVE('',#3836,#3835,#1997,.T.);
#4698=EDGE_CURVE('',#3576,#3836,#1998,.T.);
#4699=EDGE_CURVE('',#3837,#3836,#1999,.T.);
#4700=EDGE_CURVE('',#3573,#3837,#2000,.T.);
#4701=EDGE_CURVE('',#3838,#3837,#2001,.T.);
#4702=EDGE_CURVE('',#3574,#3838,#2002,.T.);
#4703=EDGE_CURVE('',#3835,#3838,#2003,.T.);
#4704=EDGE_CURVE('',#3579,#3839,#2004,.T.);
#4705=EDGE_CURVE('',#3840,#3839,#2005,.T.);
#4706=EDGE_CURVE('',#3580,#3840,#2006,.T.);
#4707=EDGE_CURVE('',#3841,#3840,#2007,.T.);
#4708=EDGE_CURVE('',#3577,#3841,#2008,.T.);
#4709=EDGE_CURVE('',#3842,#3841,#2009,.T.);
#4710=EDGE_CURVE('',#3578,#3842,#2010,.T.);
#4711=EDGE_CURVE('',#3839,#3842,#2011,.T.);
#4712=EDGE_CURVE('',#3583,#3843,#2012,.T.);
#4713=EDGE_CURVE('',#3844,#3843,#2013,.T.);
#4714=EDGE_CURVE('',#3584,#3844,#2014,.T.);
#4715=EDGE_CURVE('',#3845,#3844,#2015,.T.);
#4716=EDGE_CURVE('',#3581,#3845,#2016,.T.);
#4717=EDGE_CURVE('',#3846,#3845,#2017,.T.);
#4718=EDGE_CURVE('',#3582,#3846,#2018,.T.);
#4719=EDGE_CURVE('',#3843,#3846,#2019,.T.);
#4720=EDGE_CURVE('',#3587,#3847,#2020,.T.);
#4721=EDGE_CURVE('',#3848,#3847,#2021,.T.);
#4722=EDGE_CURVE('',#3588,#3848,#2022,.T.);
#4723=EDGE_CURVE('',#3849,#3848,#2023,.T.);
#4724=EDGE_CURVE('',#3585,#3849,#2024,.T.);
#4725=EDGE_CURVE('',#3850,#3849,#2025,.T.);
#4726=EDGE_CURVE('',#3586,#3850,#2026,.T.);
#4727=EDGE_CURVE('',#3847,#3850,#2027,.T.);
#4728=EDGE_CURVE('',#3591,#3851,#2028,.T.);
#4729=EDGE_CURVE('',#3852,#3851,#2029,.T.);
#4730=EDGE_CURVE('',#3592,#3852,#2030,.T.);
#4731=EDGE_CURVE('',#3853,#3852,#2031,.T.);
#4732=EDGE_CURVE('',#3589,#3853,#2032,.T.);
#4733=EDGE_CURVE('',#3854,#3853,#2033,.T.);
#4734=EDGE_CURVE('',#3590,#3854,#2034,.T.);
#4735=EDGE_CURVE('',#3851,#3854,#2035,.T.);
#4736=EDGE_CURVE('',#3595,#3855,#2036,.T.);
#4737=EDGE_CURVE('',#3856,#3855,#2037,.T.);
#4738=EDGE_CURVE('',#3596,#3856,#2038,.T.);
#4739=EDGE_CURVE('',#3857,#3856,#2039,.T.);
#4740=EDGE_CURVE('',#3593,#3857,#2040,.T.);
#4741=EDGE_CURVE('',#3858,#3857,#2041,.T.);
#4742=EDGE_CURVE('',#3594,#3858,#2042,.T.);
#4743=EDGE_CURVE('',#3855,#3858,#2043,.T.);
#4744=EDGE_CURVE('',#3599,#3859,#2044,.T.);
#4745=EDGE_CURVE('',#3860,#3859,#2045,.T.);
#4746=EDGE_CURVE('',#3600,#3860,#2046,.T.);
#4747=EDGE_CURVE('',#3861,#3860,#2047,.T.);
#4748=EDGE_CURVE('',#3597,#3861,#2048,.T.);
#4749=EDGE_CURVE('',#3862,#3861,#2049,.T.);
#4750=EDGE_CURVE('',#3598,#3862,#2050,.T.);
#4751=EDGE_CURVE('',#3859,#3862,#2051,.T.);
#4752=EDGE_CURVE('',#3603,#3863,#2052,.T.);
#4753=EDGE_CURVE('',#3864,#3863,#2053,.T.);
#4754=EDGE_CURVE('',#3604,#3864,#2054,.T.);
#4755=EDGE_CURVE('',#3865,#3864,#2055,.T.);
#4756=EDGE_CURVE('',#3601,#3865,#2056,.T.);
#4757=EDGE_CURVE('',#3866,#3865,#2057,.T.);
#4758=EDGE_CURVE('',#3602,#3866,#2058,.T.);
#4759=EDGE_CURVE('',#3863,#3866,#2059,.T.);
#4760=EDGE_CURVE('',#3607,#3867,#2060,.T.);
#4761=EDGE_CURVE('',#3868,#3867,#2061,.T.);
#4762=EDGE_CURVE('',#3608,#3868,#2062,.T.);
#4763=EDGE_CURVE('',#3869,#3868,#2063,.T.);
#4764=EDGE_CURVE('',#3605,#3869,#2064,.T.);
#4765=EDGE_CURVE('',#3870,#3869,#2065,.T.);
#4766=EDGE_CURVE('',#3606,#3870,#2066,.T.);
#4767=EDGE_CURVE('',#3867,#3870,#2067,.T.);
#4768=EDGE_CURVE('',#3611,#3871,#2068,.T.);
#4769=EDGE_CURVE('',#3872,#3871,#2069,.T.);
#4770=EDGE_CURVE('',#3612,#3872,#2070,.T.);
#4771=EDGE_CURVE('',#3873,#3872,#2071,.T.);
#4772=EDGE_CURVE('',#3609,#3873,#2072,.T.);
#4773=EDGE_CURVE('',#3874,#3873,#2073,.T.);
#4774=EDGE_CURVE('',#3610,#3874,#2074,.T.);
#4775=EDGE_CURVE('',#3871,#3874,#2075,.T.);
#4776=EDGE_CURVE('',#3615,#3875,#2076,.T.);
#4777=EDGE_CURVE('',#3876,#3875,#2077,.T.);
#4778=EDGE_CURVE('',#3616,#3876,#2078,.T.);
#4779=EDGE_CURVE('',#3877,#3876,#2079,.T.);
#4780=EDGE_CURVE('',#3613,#3877,#2080,.T.);
#4781=EDGE_CURVE('',#3878,#3877,#2081,.T.);
#4782=EDGE_CURVE('',#3614,#3878,#2082,.T.);
#4783=EDGE_CURVE('',#3875,#3878,#2083,.T.);
#4784=EDGE_CURVE('',#3619,#3879,#2084,.T.);
#4785=EDGE_CURVE('',#3880,#3879,#2085,.T.);
#4786=EDGE_CURVE('',#3620,#3880,#2086,.T.);
#4787=EDGE_CURVE('',#3881,#3880,#2087,.T.);
#4788=EDGE_CURVE('',#3617,#3881,#2088,.T.);
#4789=EDGE_CURVE('',#3882,#3881,#2089,.T.);
#4790=EDGE_CURVE('',#3618,#3882,#2090,.T.);
#4791=EDGE_CURVE('',#3879,#3882,#2091,.T.);
#4792=EDGE_CURVE('',#3623,#3883,#2092,.T.);
#4793=EDGE_CURVE('',#3884,#3883,#2093,.T.);
#4794=EDGE_CURVE('',#3624,#3884,#2094,.T.);
#4795=EDGE_CURVE('',#3885,#3884,#2095,.T.);
#4796=EDGE_CURVE('',#3621,#3885,#2096,.T.);
#4797=EDGE_CURVE('',#3886,#3885,#2097,.T.);
#4798=EDGE_CURVE('',#3622,#3886,#2098,.T.);
#4799=EDGE_CURVE('',#3883,#3886,#2099,.T.);
#4800=EDGE_CURVE('',#3627,#3887,#2100,.T.);
#4801=EDGE_CURVE('',#3888,#3887,#2101,.T.);
#4802=EDGE_CURVE('',#3628,#3888,#2102,.T.);
#4803=EDGE_CURVE('',#3889,#3888,#2103,.T.);
#4804=EDGE_CURVE('',#3625,#3889,#2104,.T.);
#4805=EDGE_CURVE('',#3890,#3889,#2105,.T.);
#4806=EDGE_CURVE('',#3626,#3890,#2106,.T.);
#4807=EDGE_CURVE('',#3887,#3890,#2107,.T.);
#4808=EDGE_CURVE('',#3631,#3891,#2108,.T.);
#4809=EDGE_CURVE('',#3892,#3891,#2109,.T.);
#4810=EDGE_CURVE('',#3632,#3892,#2110,.T.);
#4811=EDGE_CURVE('',#3893,#3892,#2111,.T.);
#4812=EDGE_CURVE('',#3629,#3893,#2112,.T.);
#4813=EDGE_CURVE('',#3894,#3893,#2113,.T.);
#4814=EDGE_CURVE('',#3630,#3894,#2114,.T.);
#4815=EDGE_CURVE('',#3891,#3894,#2115,.T.);
#4816=EDGE_CURVE('',#3635,#3895,#2116,.T.);
#4817=EDGE_CURVE('',#3896,#3895,#2117,.T.);
#4818=EDGE_CURVE('',#3636,#3896,#2118,.T.);
#4819=EDGE_CURVE('',#3897,#3896,#2119,.T.);
#4820=EDGE_CURVE('',#3633,#3897,#2120,.T.);
#4821=EDGE_CURVE('',#3898,#3897,#2121,.T.);
#4822=EDGE_CURVE('',#3634,#3898,#2122,.T.);
#4823=EDGE_CURVE('',#3895,#3898,#2123,.T.);
#4824=EDGE_CURVE('',#3639,#3899,#2124,.T.);
#4825=EDGE_CURVE('',#3900,#3899,#2125,.T.);
#4826=EDGE_CURVE('',#3640,#3900,#2126,.T.);
#4827=EDGE_CURVE('',#3901,#3900,#2127,.T.);
#4828=EDGE_CURVE('',#3637,#3901,#2128,.T.);
#4829=EDGE_CURVE('',#3902,#3901,#2129,.T.);
#4830=EDGE_CURVE('',#3638,#3902,#2130,.T.);
#4831=EDGE_CURVE('',#3899,#3902,#2131,.T.);
#4832=EDGE_CURVE('',#3643,#3903,#2132,.T.);
#4833=EDGE_CURVE('',#3904,#3903,#2133,.T.);
#4834=EDGE_CURVE('',#3644,#3904,#2134,.T.);
#4835=EDGE_CURVE('',#3905,#3904,#2135,.T.);
#4836=EDGE_CURVE('',#3641,#3905,#2136,.T.);
#4837=EDGE_CURVE('',#3906,#3905,#2137,.T.);
#4838=EDGE_CURVE('',#3642,#3906,#2138,.T.);
#4839=EDGE_CURVE('',#3903,#3906,#2139,.T.);
#4840=EDGE_CURVE('',#3647,#3907,#2140,.T.);
#4841=EDGE_CURVE('',#3908,#3907,#2141,.T.);
#4842=EDGE_CURVE('',#3648,#3908,#2142,.T.);
#4843=EDGE_CURVE('',#3909,#3908,#2143,.T.);
#4844=EDGE_CURVE('',#3645,#3909,#2144,.T.);
#4845=EDGE_CURVE('',#3910,#3909,#2145,.T.);
#4846=EDGE_CURVE('',#3646,#3910,#2146,.T.);
#4847=EDGE_CURVE('',#3907,#3910,#2147,.T.);
#4848=EDGE_CURVE('',#3651,#3911,#2148,.T.);
#4849=EDGE_CURVE('',#3912,#3911,#2149,.T.);
#4850=EDGE_CURVE('',#3652,#3912,#2150,.T.);
#4851=EDGE_CURVE('',#3913,#3912,#2151,.T.);
#4852=EDGE_CURVE('',#3649,#3913,#2152,.T.);
#4853=EDGE_CURVE('',#3914,#3913,#2153,.T.);
#4854=EDGE_CURVE('',#3650,#3914,#2154,.T.);
#4855=EDGE_CURVE('',#3911,#3914,#2155,.T.);
#4856=EDGE_CURVE('',#3655,#3915,#2156,.T.);
#4857=EDGE_CURVE('',#3916,#3915,#2157,.T.);
#4858=EDGE_CURVE('',#3656,#3916,#2158,.T.);
#4859=EDGE_CURVE('',#3917,#3916,#2159,.T.);
#4860=EDGE_CURVE('',#3653,#3917,#2160,.T.);
#4861=EDGE_CURVE('',#3918,#3917,#2161,.T.);
#4862=EDGE_CURVE('',#3654,#3918,#2162,.T.);
#4863=EDGE_CURVE('',#3915,#3918,#2163,.T.);
#4864=EDGE_CURVE('',#3659,#3919,#2164,.T.);
#4865=EDGE_CURVE('',#3920,#3919,#2165,.T.);
#4866=EDGE_CURVE('',#3660,#3920,#2166,.T.);
#4867=EDGE_CURVE('',#3921,#3920,#2167,.T.);
#4868=EDGE_CURVE('',#3657,#3921,#2168,.T.);
#4869=EDGE_CURVE('',#3922,#3921,#2169,.T.);
#4870=EDGE_CURVE('',#3658,#3922,#2170,.T.);
#4871=EDGE_CURVE('',#3919,#3922,#2171,.T.);
#4872=EDGE_CURVE('',#3663,#3923,#2172,.T.);
#4873=EDGE_CURVE('',#3924,#3923,#2173,.T.);
#4874=EDGE_CURVE('',#3664,#3924,#2174,.T.);
#4875=EDGE_CURVE('',#3925,#3924,#2175,.T.);
#4876=EDGE_CURVE('',#3661,#3925,#2176,.T.);
#4877=EDGE_CURVE('',#3926,#3925,#2177,.T.);
#4878=EDGE_CURVE('',#3662,#3926,#2178,.T.);
#4879=EDGE_CURVE('',#3923,#3926,#2179,.T.);
#4880=EDGE_CURVE('',#3667,#3927,#2180,.T.);
#4881=EDGE_CURVE('',#3928,#3927,#2181,.T.);
#4882=EDGE_CURVE('',#3668,#3928,#2182,.T.);
#4883=EDGE_CURVE('',#3929,#3928,#2183,.T.);
#4884=EDGE_CURVE('',#3665,#3929,#2184,.T.);
#4885=EDGE_CURVE('',#3930,#3929,#2185,.T.);
#4886=EDGE_CURVE('',#3666,#3930,#2186,.T.);
#4887=EDGE_CURVE('',#3927,#3930,#2187,.T.);
#4888=EDGE_CURVE('',#3671,#3931,#2188,.T.);
#4889=EDGE_CURVE('',#3932,#3931,#2189,.T.);
#4890=EDGE_CURVE('',#3672,#3932,#2190,.T.);
#4891=EDGE_CURVE('',#3933,#3932,#2191,.T.);
#4892=EDGE_CURVE('',#3669,#3933,#2192,.T.);
#4893=EDGE_CURVE('',#3934,#3933,#2193,.T.);
#4894=EDGE_CURVE('',#3670,#3934,#2194,.T.);
#4895=EDGE_CURVE('',#3931,#3934,#2195,.T.);
#4896=EDGE_CURVE('',#3675,#3935,#2196,.T.);
#4897=EDGE_CURVE('',#3936,#3935,#2197,.T.);
#4898=EDGE_CURVE('',#3676,#3936,#2198,.T.);
#4899=EDGE_CURVE('',#3937,#3936,#2199,.T.);
#4900=EDGE_CURVE('',#3673,#3937,#2200,.T.);
#4901=EDGE_CURVE('',#3938,#3937,#2201,.T.);
#4902=EDGE_CURVE('',#3674,#3938,#2202,.T.);
#4903=EDGE_CURVE('',#3935,#3938,#2203,.T.);
#4904=EDGE_CURVE('',#3679,#3939,#2204,.T.);
#4905=EDGE_CURVE('',#3940,#3939,#2205,.T.);
#4906=EDGE_CURVE('',#3680,#3940,#2206,.T.);
#4907=EDGE_CURVE('',#3941,#3940,#2207,.T.);
#4908=EDGE_CURVE('',#3677,#3941,#2208,.T.);
#4909=EDGE_CURVE('',#3942,#3941,#2209,.T.);
#4910=EDGE_CURVE('',#3678,#3942,#2210,.T.);
#4911=EDGE_CURVE('',#3939,#3942,#2211,.T.);
#4912=EDGE_CURVE('',#3683,#3943,#2212,.T.);
#4913=EDGE_CURVE('',#3944,#3943,#2213,.T.);
#4914=EDGE_CURVE('',#3684,#3944,#2214,.T.);
#4915=EDGE_CURVE('',#3945,#3944,#2215,.T.);
#4916=EDGE_CURVE('',#3681,#3945,#2216,.T.);
#4917=EDGE_CURVE('',#3946,#3945,#2217,.T.);
#4918=EDGE_CURVE('',#3682,#3946,#2218,.T.);
#4919=EDGE_CURVE('',#3943,#3946,#2219,.T.);
#4920=EDGE_CURVE('',#3423,#3947,#2220,.F.);
#4921=EDGE_CURVE('',#3686,#3947,#2221,.F.);
#4922=EDGE_CURVE('',#3948,#3685,#2222,.F.);
#4923=EDGE_CURVE('',#3422,#3948,#2223,.T.);
#4924=EDGE_CURVE('',#3947,#3948,#2224,.F.);
#4925=EDGE_CURVE('',#3949,#3950,#2225,.T.);
#4926=EDGE_CURVE('',#3951,#3949,#2226,.T.);
#4927=EDGE_CURVE('',#3952,#3951,#2227,.T.);
#4928=EDGE_CURVE('',#3953,#3952,#2228,.T.);
#4929=EDGE_CURVE('',#3954,#3953,#2229,.T.);
#4930=EDGE_CURVE('',#3955,#3954,#2230,.T.);
#4931=EDGE_CURVE('',#3956,#3955,#2231,.T.);
#4932=EDGE_CURVE('',#3950,#3956,#2232,.T.);
#4933=EDGE_CURVE('',#3952,#3957,#2233,.T.);
#4934=EDGE_CURVE('',#3957,#3958,#2234,.T.);
#4935=EDGE_CURVE('',#3958,#3953,#2235,.T.);
#4936=EDGE_CURVE('',#3959,#3951,#2236,.T.);
#4937=EDGE_CURVE('',#3959,#3957,#2237,.T.);
#4938=EDGE_CURVE('',#3949,#3960,#2238,.T.);
#4939=EDGE_CURVE('',#3960,#3959,#2239,.T.);
#4940=EDGE_CURVE('',#3961,#3950,#2240,.T.);
#4941=EDGE_CURVE('',#3960,#3961,#2241,.T.);
#4942=EDGE_CURVE('',#3962,#3963,#3321,.T.);
#4943=EDGE_CURVE('',#3964,#3962,#2242,.T.);
#4944=EDGE_CURVE('',#3965,#3964,#3322,.T.);
#4945=EDGE_CURVE('',#3966,#3965,#2243,.T.);
#4946=EDGE_CURVE('',#3967,#3966,#3323,.T.);
#4947=EDGE_CURVE('',#3968,#3967,#2244,.T.);
#4948=EDGE_CURVE('',#3969,#3968,#3324,.T.);
#4949=EDGE_CURVE('',#3963,#3969,#2245,.T.);
#4950=EDGE_CURVE('',#3970,#3970,#3325,.T.);
#4951=EDGE_CURVE('',#3971,#3971,#3326,.T.);
#4952=EDGE_CURVE('',#3972,#3972,#3327,.T.);
#4953=EDGE_CURVE('',#3973,#3973,#3328,.T.);
#4954=EDGE_CURVE('',#3974,#3974,#3329,.T.);
#4955=EDGE_CURVE('',#3975,#3975,#3330,.T.);
#4956=EDGE_CURVE('',#3976,#3976,#3331,.T.);
#4957=EDGE_CURVE('',#3977,#3977,#3332,.T.);
#4958=EDGE_CURVE('',#3956,#3978,#2246,.T.);
#4959=EDGE_CURVE('',#3978,#3961,#2247,.T.);
#4960=EDGE_CURVE('',#3979,#3965,#2248,.T.);
#4961=EDGE_CURVE('',#3980,#3979,#2249,.T.);
#4962=EDGE_CURVE('',#3966,#3980,#2250,.T.);
#4963=EDGE_CURVE('',#3964,#3981,#2251,.T.);
#4964=EDGE_CURVE('',#3981,#3979,#3333,.T.);
#4965=EDGE_CURVE('',#3982,#3962,#2252,.T.);
#4966=EDGE_CURVE('',#3981,#3982,#2253,.T.);
#4967=EDGE_CURVE('',#3963,#3983,#2254,.T.);
#4968=EDGE_CURVE('',#3983,#3982,#3334,.T.);
#4969=EDGE_CURVE('',#3983,#3984,#2255,.T.);
#4970=EDGE_CURVE('',#3985,#3984,#3335,.T.);
#4971=EDGE_CURVE('',#3985,#3986,#2256,.T.);
#4972=EDGE_CURVE('',#3980,#3986,#3336,.T.);
#4973=EDGE_CURVE('',#3987,#3978,#2257,.T.);
#4974=EDGE_CURVE('',#3988,#3987,#2258,.T.);
#4975=EDGE_CURVE('',#3988,#3958,#2259,.T.);
#4976=EDGE_CURVE('',#3989,#3989,#3337,.T.);
#4977=EDGE_CURVE('',#3990,#3990,#3338,.T.);
#4978=EDGE_CURVE('',#3991,#3991,#3339,.T.);
#4979=EDGE_CURVE('',#3992,#3992,#3340,.T.);
#4980=EDGE_CURVE('',#3993,#3993,#3341,.T.);
#4981=EDGE_CURVE('',#3994,#3994,#3342,.T.);
#4982=EDGE_CURVE('',#3995,#3995,#3343,.T.);
#4983=EDGE_CURVE('',#3996,#3996,#3344,.T.);
#4984=EDGE_CURVE('',#3986,#3967,#2260,.T.);
#4985=EDGE_CURVE('',#3968,#3985,#2261,.T.);
#4986=EDGE_CURVE('',#3984,#3969,#2262,.T.);
#4987=EDGE_CURVE('',#3977,#3996,#2263,.T.);
#4988=EDGE_CURVE('',#3976,#3995,#2264,.T.);
#4989=EDGE_CURVE('',#3975,#3994,#2265,.T.);
#4990=EDGE_CURVE('',#3974,#3993,#2266,.T.);
#4991=EDGE_CURVE('',#3973,#3992,#2267,.T.);
#4992=EDGE_CURVE('',#3972,#3991,#2268,.T.);
#4993=EDGE_CURVE('',#3971,#3990,#2269,.T.);
#4994=EDGE_CURVE('',#3987,#3955,#2270,.T.);
#4995=EDGE_CURVE('',#3970,#3989,#2271,.T.);
#4996=EDGE_CURVE('',#3954,#3988,#2272,.T.);
#4997=EDGE_CURVE('',#3997,#3998,#3345,.T.);
#4998=EDGE_CURVE('',#3999,#3997,#2273,.T.);
#4999=EDGE_CURVE('',#4000,#3999,#3346,.T.);
#5000=EDGE_CURVE('',#4000,#3998,#2274,.T.);
#5001=EDGE_CURVE('',#3998,#4001,#2275,.T.);
#5002=EDGE_CURVE('',#4002,#4000,#2276,.T.);
#5003=EDGE_CURVE('',#4002,#4001,#2277,.T.);
#5004=EDGE_CURVE('',#4001,#4003,#3347,.T.);
#5005=EDGE_CURVE('',#4004,#4002,#3348,.T.);
#5006=EDGE_CURVE('',#4004,#4003,#2278,.T.);
#5007=EDGE_CURVE('',#4003,#4005,#2279,.T.);
#5008=EDGE_CURVE('',#4006,#4004,#2280,.T.);
#5009=EDGE_CURVE('',#4006,#4005,#2281,.T.);
#5010=EDGE_CURVE('',#4005,#4007,#3349,.T.);
#5011=EDGE_CURVE('',#4008,#4006,#3350,.T.);
#5012=EDGE_CURVE('',#4008,#4007,#2282,.T.);
#5013=EDGE_CURVE('',#4007,#4009,#2283,.T.);
#5014=EDGE_CURVE('',#4010,#4008,#2284,.T.);
#5015=EDGE_CURVE('',#4010,#4009,#2285,.T.);
#5016=EDGE_CURVE('',#4009,#4011,#3351,.T.);
#5017=EDGE_CURVE('',#4012,#4010,#3352,.T.);
#5018=EDGE_CURVE('',#4012,#4011,#2286,.T.);
#5019=EDGE_CURVE('',#4011,#4013,#2287,.T.);
#5020=EDGE_CURVE('',#4014,#4012,#2288,.T.);
#5021=EDGE_CURVE('',#4014,#4013,#2289,.T.);
#5022=EDGE_CURVE('',#4013,#4015,#3353,.T.);
#5023=EDGE_CURVE('',#4016,#4014,#3354,.T.);
#5024=EDGE_CURVE('',#4016,#4015,#2290,.T.);
#5025=EDGE_CURVE('',#4015,#4017,#2291,.T.);
#5026=EDGE_CURVE('',#4018,#4016,#2292,.T.);
#5027=EDGE_CURVE('',#4018,#4017,#2293,.T.);
#5028=EDGE_CURVE('',#4017,#4019,#3355,.T.);
#5029=EDGE_CURVE('',#4020,#4018,#3356,.T.);
#5030=EDGE_CURVE('',#4020,#4019,#2294,.T.);
#5031=EDGE_CURVE('',#4019,#3997,#2295,.T.);
#5032=EDGE_CURVE('',#3999,#4020,#2296,.T.);
#5033=EDGE_CURVE('',#4021,#4022,#3357,.T.);
#5034=EDGE_CURVE('',#4022,#4023,#2297,.T.);
#5035=EDGE_CURVE('',#4023,#4024,#3358,.T.);
#5036=EDGE_CURVE('',#4024,#4021,#2298,.T.);
#5037=EDGE_CURVE('',#4025,#4022,#2299,.T.);
#5038=EDGE_CURVE('',#4026,#4025,#2300,.T.);
#5039=EDGE_CURVE('',#4026,#4023,#2301,.T.);
#5040=EDGE_CURVE('',#4021,#4027,#2302,.T.);
#5041=EDGE_CURVE('',#4028,#4027,#3359,.T.);
#5042=EDGE_CURVE('',#4028,#4029,#2303,.T.);
#5043=EDGE_CURVE('',#4030,#4029,#3360,.T.);
#5044=EDGE_CURVE('',#4030,#4031,#2304,.T.);
#5045=EDGE_CURVE('',#4025,#4031,#3361,.T.);
#5046=EDGE_CURVE('',#4032,#4033,#2305,.T.);
#5047=EDGE_CURVE('',#4033,#4034,#2306,.T.);
#5048=EDGE_CURVE('',#4034,#4035,#2307,.T.);
#5049=EDGE_CURVE('',#4035,#4032,#2308,.T.);
#5050=EDGE_CURVE('',#4029,#4036,#2309,.T.);
#5051=EDGE_CURVE('',#4036,#4037,#3362,.T.);
#5052=EDGE_CURVE('',#4037,#4030,#2310,.T.);
#5053=EDGE_CURVE('',#4038,#4037,#2311,.T.);
#5054=EDGE_CURVE('',#4031,#4038,#2312,.T.);
#5055=EDGE_CURVE('',#4038,#4026,#3363,.T.);
#5056=EDGE_CURVE('',#4027,#4039,#2313,.T.);
#5057=EDGE_CURVE('',#4039,#4040,#3364,.T.);
#5058=EDGE_CURVE('',#4040,#4028,#2314,.T.);
#5059=EDGE_CURVE('',#4039,#4024,#2315,.T.);
#5060=EDGE_CURVE('',#4041,#4041,#3365,.T.);
#5061=EDGE_CURVE('',#4042,#4042,#3366,.T.);
#5062=EDGE_CURVE('',#4043,#4043,#3367,.T.);
#5063=EDGE_CURVE('',#4044,#4044,#3368,.T.);
#5064=EDGE_CURVE('',#4045,#4046,#2316,.T.);
#5065=EDGE_CURVE('',#4046,#4047,#2317,.T.);
#5066=EDGE_CURVE('',#4047,#4048,#2318,.T.);
#5067=EDGE_CURVE('',#4048,#4045,#2319,.T.);
#5068=EDGE_CURVE('',#4049,#4050,#2320,.T.);
#5069=EDGE_CURVE('',#4051,#4049,#2321,.T.);
#5070=EDGE_CURVE('',#4052,#4051,#2322,.T.);
#5071=EDGE_CURVE('',#4050,#4052,#2323,.T.);
#5072=EDGE_CURVE('',#4049,#4032,#2324,.T.);
#5073=EDGE_CURVE('',#4051,#4035,#2325,.T.);
#5074=EDGE_CURVE('',#4052,#4034,#2326,.T.);
#5075=EDGE_CURVE('',#4050,#4033,#2327,.T.);
#5076=EDGE_CURVE('',#4042,#4053,#2328,.T.);
#5077=EDGE_CURVE('',#4053,#4053,#3369,.T.);
#5078=EDGE_CURVE('',#4043,#4054,#2329,.T.);
#5079=EDGE_CURVE('',#4054,#4054,#3370,.T.);
#5080=EDGE_CURVE('',#4044,#4055,#2330,.T.);
#5081=EDGE_CURVE('',#4055,#4055,#3371,.T.);
#5082=EDGE_CURVE('',#4056,#4057,#2331,.T.);
#5083=EDGE_CURVE('',#4057,#4046,#2332,.T.);
#5084=EDGE_CURVE('',#4056,#4045,#2333,.T.);
#5085=EDGE_CURVE('',#4058,#4056,#2334,.T.);
#5086=EDGE_CURVE('',#4058,#4048,#2335,.T.);
#5087=EDGE_CURVE('',#4059,#4058,#2336,.T.);
#5088=EDGE_CURVE('',#4059,#4047,#2337,.T.);
#5089=EDGE_CURVE('',#4057,#4059,#2338,.T.);
#5090=EDGE_CURVE('',#4041,#4060,#2339,.T.);
#5091=EDGE_CURVE('',#4060,#4060,#3372,.T.);
#5092=EDGE_CURVE('',#4040,#4036,#2340,.T.);
#5093=ORIENTED_EDGE('',*,*,#4061,.F.);
#5094=ORIENTED_EDGE('',*,*,#4062,.T.);
#5095=ORIENTED_EDGE('',*,*,#4063,.F.);
#5096=ORIENTED_EDGE('',*,*,#4062,.F.);
#5097=ORIENTED_EDGE('',*,*,#4064,.F.);
#5098=ORIENTED_EDGE('',*,*,#4065,.T.);
#5099=ORIENTED_EDGE('',*,*,#4066,.F.);
#5100=ORIENTED_EDGE('',*,*,#4065,.F.);
#5101=ORIENTED_EDGE('',*,*,#4067,.F.);
#5102=ORIENTED_EDGE('',*,*,#4068,.T.);
#5103=ORIENTED_EDGE('',*,*,#4069,.F.);
#5104=ORIENTED_EDGE('',*,*,#4068,.F.);
#5105=ORIENTED_EDGE('',*,*,#4070,.F.);
#5106=ORIENTED_EDGE('',*,*,#4071,.T.);
#5107=ORIENTED_EDGE('',*,*,#4072,.F.);
#5108=ORIENTED_EDGE('',*,*,#4071,.F.);
#5109=ORIENTED_EDGE('',*,*,#4073,.T.);
#5110=ORIENTED_EDGE('',*,*,#4074,.T.);
#5111=ORIENTED_EDGE('',*,*,#4075,.T.);
#5112=ORIENTED_EDGE('',*,*,#4076,.T.);
#5113=ORIENTED_EDGE('',*,*,#4074,.F.);
#5114=ORIENTED_EDGE('',*,*,#4077,.F.);
#5115=ORIENTED_EDGE('',*,*,#4078,.F.);
#5116=ORIENTED_EDGE('',*,*,#4079,.F.);
#5117=ORIENTED_EDGE('',*,*,#4080,.T.);
#5118=ORIENTED_EDGE('',*,*,#4081,.T.);
#5119=ORIENTED_EDGE('',*,*,#4082,.T.);
#5120=ORIENTED_EDGE('',*,*,#4083,.T.);
#5121=ORIENTED_EDGE('',*,*,#4076,.F.);
#5122=ORIENTED_EDGE('',*,*,#4084,.F.);
#5123=ORIENTED_EDGE('',*,*,#4081,.F.);
#5124=ORIENTED_EDGE('',*,*,#4085,.F.);
#5125=ORIENTED_EDGE('',*,*,#4086,.T.);
#5126=ORIENTED_EDGE('',*,*,#4087,.T.);
#5127=ORIENTED_EDGE('',*,*,#4088,.T.);
#5128=ORIENTED_EDGE('',*,*,#4089,.T.);
#5129=ORIENTED_EDGE('',*,*,#4083,.F.);
#5130=ORIENTED_EDGE('',*,*,#4090,.F.);
#5131=ORIENTED_EDGE('',*,*,#4087,.F.);
#5132=ORIENTED_EDGE('',*,*,#4091,.F.);
#5133=ORIENTED_EDGE('',*,*,#4092,.T.);
#5134=ORIENTED_EDGE('',*,*,#4093,.T.);
#5135=ORIENTED_EDGE('',*,*,#4094,.T.);
#5136=ORIENTED_EDGE('',*,*,#4078,.T.);
#5137=ORIENTED_EDGE('',*,*,#4089,.F.);
#5138=ORIENTED_EDGE('',*,*,#4095,.F.);
#5139=ORIENTED_EDGE('',*,*,#4093,.F.);
#5140=ORIENTED_EDGE('',*,*,#4096,.F.);
#5141=ORIENTED_EDGE('',*,*,#4097,.T.);
#5142=ORIENTED_EDGE('',*,*,#4098,.T.);
#5143=ORIENTED_EDGE('',*,*,#4099,.T.);
#5144=ORIENTED_EDGE('',*,*,#4100,.T.);
#5145=ORIENTED_EDGE('',*,*,#4098,.F.);
#5146=ORIENTED_EDGE('',*,*,#4101,.F.);
#5147=ORIENTED_EDGE('',*,*,#4102,.F.);
#5148=ORIENTED_EDGE('',*,*,#4103,.F.);
#5149=ORIENTED_EDGE('',*,*,#4104,.T.);
#5150=ORIENTED_EDGE('',*,*,#4105,.T.);
#5151=ORIENTED_EDGE('',*,*,#4106,.T.);
#5152=ORIENTED_EDGE('',*,*,#4102,.T.);
#5153=ORIENTED_EDGE('',*,*,#4105,.F.);
#5154=ORIENTED_EDGE('',*,*,#4107,.F.);
#5155=ORIENTED_EDGE('',*,*,#4108,.F.);
#5156=ORIENTED_EDGE('',*,*,#4109,.F.);
#5157=ORIENTED_EDGE('',*,*,#4110,.T.);
#5158=ORIENTED_EDGE('',*,*,#4111,.T.);
#5159=ORIENTED_EDGE('',*,*,#4112,.T.);
#5160=ORIENTED_EDGE('',*,*,#4108,.T.);
#5161=ORIENTED_EDGE('',*,*,#4111,.F.);
#5162=ORIENTED_EDGE('',*,*,#4113,.F.);
#5163=ORIENTED_EDGE('',*,*,#4114,.F.);
#5164=ORIENTED_EDGE('',*,*,#4115,.F.);
#5165=ORIENTED_EDGE('',*,*,#4116,.T.);
#5166=ORIENTED_EDGE('',*,*,#4117,.T.);
#5167=ORIENTED_EDGE('',*,*,#4118,.T.);
#5168=ORIENTED_EDGE('',*,*,#4114,.T.);
#5169=ORIENTED_EDGE('',*,*,#4100,.F.);
#5170=ORIENTED_EDGE('',*,*,#4119,.F.);
#5171=ORIENTED_EDGE('',*,*,#4117,.F.);
#5172=ORIENTED_EDGE('',*,*,#4120,.F.);
#5173=ORIENTED_EDGE('',*,*,#4121,.F.);
#5174=ORIENTED_EDGE('',*,*,#4122,.T.);
#5175=ORIENTED_EDGE('',*,*,#4123,.F.);
#5176=ORIENTED_EDGE('',*,*,#4124,.F.);
#5177=ORIENTED_EDGE('',*,*,#4125,.F.);
#5178=ORIENTED_EDGE('',*,*,#4126,.F.);
#5179=ORIENTED_EDGE('',*,*,#4127,.F.);
#5180=ORIENTED_EDGE('',*,*,#4128,.T.);
#5181=ORIENTED_EDGE('',*,*,#4129,.F.);
#5182=ORIENTED_EDGE('',*,*,#4128,.F.);
#5183=ORIENTED_EDGE('',*,*,#4130,.F.);
#5184=ORIENTED_EDGE('',*,*,#4122,.F.);
#5185=ORIENTED_EDGE('',*,*,#4123,.T.);
#5186=ORIENTED_EDGE('',*,*,#4130,.T.);
#5187=ORIENTED_EDGE('',*,*,#4127,.T.);
#5188=ORIENTED_EDGE('',*,*,#4131,.F.);
#5189=ORIENTED_EDGE('',*,*,#4132,.F.);
#5190=ORIENTED_EDGE('',*,*,#4133,.F.);
#5191=ORIENTED_EDGE('',*,*,#4134,.F.);
#5192=ORIENTED_EDGE('',*,*,#4135,.F.);
#5193=ORIENTED_EDGE('',*,*,#4136,.T.);
#5194=ORIENTED_EDGE('',*,*,#4137,.T.);
#5195=ORIENTED_EDGE('',*,*,#4138,.T.);
#5196=ORIENTED_EDGE('',*,*,#4139,.T.);
#5197=ORIENTED_EDGE('',*,*,#4140,.T.);
#5198=ORIENTED_EDGE('',*,*,#4141,.T.);
#5199=ORIENTED_EDGE('',*,*,#4142,.T.);
#5200=ORIENTED_EDGE('',*,*,#4143,.T.);
#5201=ORIENTED_EDGE('',*,*,#4144,.T.);
#5202=ORIENTED_EDGE('',*,*,#4145,.T.);
#5203=ORIENTED_EDGE('',*,*,#4146,.T.);
#5204=ORIENTED_EDGE('',*,*,#4147,.T.);
#5205=ORIENTED_EDGE('',*,*,#4148,.T.);
#5206=ORIENTED_EDGE('',*,*,#4149,.T.);
#5207=ORIENTED_EDGE('',*,*,#4150,.T.);
#5208=ORIENTED_EDGE('',*,*,#4151,.T.);
#5209=ORIENTED_EDGE('',*,*,#4152,.T.);
#5210=ORIENTED_EDGE('',*,*,#4153,.T.);
#5211=ORIENTED_EDGE('',*,*,#4154,.T.);
#5212=ORIENTED_EDGE('',*,*,#4155,.T.);
#5213=ORIENTED_EDGE('',*,*,#4156,.T.);
#5214=ORIENTED_EDGE('',*,*,#4157,.T.);
#5215=ORIENTED_EDGE('',*,*,#4158,.T.);
#5216=ORIENTED_EDGE('',*,*,#4159,.T.);
#5217=ORIENTED_EDGE('',*,*,#4160,.T.);
#5218=ORIENTED_EDGE('',*,*,#4161,.T.);
#5219=ORIENTED_EDGE('',*,*,#4162,.T.);
#5220=ORIENTED_EDGE('',*,*,#4163,.T.);
#5221=ORIENTED_EDGE('',*,*,#4164,.T.);
#5222=ORIENTED_EDGE('',*,*,#4165,.T.);
#5223=ORIENTED_EDGE('',*,*,#4166,.T.);
#5224=ORIENTED_EDGE('',*,*,#4167,.T.);
#5225=ORIENTED_EDGE('',*,*,#4168,.T.);
#5226=ORIENTED_EDGE('',*,*,#4169,.T.);
#5227=ORIENTED_EDGE('',*,*,#4170,.T.);
#5228=ORIENTED_EDGE('',*,*,#4171,.T.);
#5229=ORIENTED_EDGE('',*,*,#4172,.T.);
#5230=ORIENTED_EDGE('',*,*,#4173,.T.);
#5231=ORIENTED_EDGE('',*,*,#4174,.T.);
#5232=ORIENTED_EDGE('',*,*,#4175,.T.);
#5233=ORIENTED_EDGE('',*,*,#4176,.T.);
#5234=ORIENTED_EDGE('',*,*,#4177,.T.);
#5235=ORIENTED_EDGE('',*,*,#4178,.T.);
#5236=ORIENTED_EDGE('',*,*,#4179,.T.);
#5237=ORIENTED_EDGE('',*,*,#4180,.T.);
#5238=ORIENTED_EDGE('',*,*,#4181,.T.);
#5239=ORIENTED_EDGE('',*,*,#4182,.T.);
#5240=ORIENTED_EDGE('',*,*,#4183,.T.);
#5241=ORIENTED_EDGE('',*,*,#4184,.T.);
#5242=ORIENTED_EDGE('',*,*,#4185,.T.);
#5243=ORIENTED_EDGE('',*,*,#4186,.T.);
#5244=ORIENTED_EDGE('',*,*,#4187,.T.);
#5245=ORIENTED_EDGE('',*,*,#4188,.T.);
#5246=ORIENTED_EDGE('',*,*,#4189,.T.);
#5247=ORIENTED_EDGE('',*,*,#4190,.T.);
#5248=ORIENTED_EDGE('',*,*,#4191,.T.);
#5249=ORIENTED_EDGE('',*,*,#4192,.T.);
#5250=ORIENTED_EDGE('',*,*,#4193,.T.);
#5251=ORIENTED_EDGE('',*,*,#4194,.T.);
#5252=ORIENTED_EDGE('',*,*,#4195,.T.);
#5253=ORIENTED_EDGE('',*,*,#4196,.T.);
#5254=ORIENTED_EDGE('',*,*,#4197,.T.);
#5255=ORIENTED_EDGE('',*,*,#4198,.T.);
#5256=ORIENTED_EDGE('',*,*,#4199,.T.);
#5257=ORIENTED_EDGE('',*,*,#4200,.T.);
#5258=ORIENTED_EDGE('',*,*,#4201,.T.);
#5259=ORIENTED_EDGE('',*,*,#4202,.T.);
#5260=ORIENTED_EDGE('',*,*,#4203,.T.);
#5261=ORIENTED_EDGE('',*,*,#4204,.T.);
#5262=ORIENTED_EDGE('',*,*,#4205,.T.);
#5263=ORIENTED_EDGE('',*,*,#4206,.T.);
#5264=ORIENTED_EDGE('',*,*,#4207,.T.);
#5265=ORIENTED_EDGE('',*,*,#4208,.T.);
#5266=ORIENTED_EDGE('',*,*,#4209,.T.);
#5267=ORIENTED_EDGE('',*,*,#4210,.T.);
#5268=ORIENTED_EDGE('',*,*,#4211,.T.);
#5269=ORIENTED_EDGE('',*,*,#4212,.T.);
#5270=ORIENTED_EDGE('',*,*,#4213,.T.);
#5271=ORIENTED_EDGE('',*,*,#4214,.T.);
#5272=ORIENTED_EDGE('',*,*,#4215,.T.);
#5273=ORIENTED_EDGE('',*,*,#4216,.T.);
#5274=ORIENTED_EDGE('',*,*,#4217,.T.);
#5275=ORIENTED_EDGE('',*,*,#4218,.T.);
#5276=ORIENTED_EDGE('',*,*,#4219,.T.);
#5277=ORIENTED_EDGE('',*,*,#4220,.T.);
#5278=ORIENTED_EDGE('',*,*,#4221,.T.);
#5279=ORIENTED_EDGE('',*,*,#4222,.T.);
#5280=ORIENTED_EDGE('',*,*,#4223,.T.);
#5281=ORIENTED_EDGE('',*,*,#4224,.T.);
#5282=ORIENTED_EDGE('',*,*,#4225,.T.);
#5283=ORIENTED_EDGE('',*,*,#4226,.T.);
#5284=ORIENTED_EDGE('',*,*,#4227,.T.);
#5285=ORIENTED_EDGE('',*,*,#4228,.T.);
#5286=ORIENTED_EDGE('',*,*,#4229,.T.);
#5287=ORIENTED_EDGE('',*,*,#4230,.T.);
#5288=ORIENTED_EDGE('',*,*,#4231,.T.);
#5289=ORIENTED_EDGE('',*,*,#4232,.T.);
#5290=ORIENTED_EDGE('',*,*,#4233,.T.);
#5291=ORIENTED_EDGE('',*,*,#4234,.T.);
#5292=ORIENTED_EDGE('',*,*,#4235,.T.);
#5293=ORIENTED_EDGE('',*,*,#4236,.T.);
#5294=ORIENTED_EDGE('',*,*,#4237,.T.);
#5295=ORIENTED_EDGE('',*,*,#4238,.T.);
#5296=ORIENTED_EDGE('',*,*,#4239,.T.);
#5297=ORIENTED_EDGE('',*,*,#4240,.T.);
#5298=ORIENTED_EDGE('',*,*,#4241,.T.);
#5299=ORIENTED_EDGE('',*,*,#4242,.T.);
#5300=ORIENTED_EDGE('',*,*,#4243,.T.);
#5301=ORIENTED_EDGE('',*,*,#4244,.T.);
#5302=ORIENTED_EDGE('',*,*,#4245,.T.);
#5303=ORIENTED_EDGE('',*,*,#4246,.T.);
#5304=ORIENTED_EDGE('',*,*,#4247,.T.);
#5305=ORIENTED_EDGE('',*,*,#4248,.T.);
#5306=ORIENTED_EDGE('',*,*,#4249,.T.);
#5307=ORIENTED_EDGE('',*,*,#4250,.T.);
#5308=ORIENTED_EDGE('',*,*,#4251,.T.);
#5309=ORIENTED_EDGE('',*,*,#4252,.T.);
#5310=ORIENTED_EDGE('',*,*,#4253,.T.);
#5311=ORIENTED_EDGE('',*,*,#4254,.T.);
#5312=ORIENTED_EDGE('',*,*,#4255,.T.);
#5313=ORIENTED_EDGE('',*,*,#4256,.T.);
#5314=ORIENTED_EDGE('',*,*,#4257,.T.);
#5315=ORIENTED_EDGE('',*,*,#4258,.T.);
#5316=ORIENTED_EDGE('',*,*,#4259,.T.);
#5317=ORIENTED_EDGE('',*,*,#4260,.T.);
#5318=ORIENTED_EDGE('',*,*,#4261,.T.);
#5319=ORIENTED_EDGE('',*,*,#4262,.T.);
#5320=ORIENTED_EDGE('',*,*,#4263,.T.);
#5321=ORIENTED_EDGE('',*,*,#4264,.T.);
#5322=ORIENTED_EDGE('',*,*,#4265,.T.);
#5323=ORIENTED_EDGE('',*,*,#4266,.T.);
#5324=ORIENTED_EDGE('',*,*,#4267,.T.);
#5325=ORIENTED_EDGE('',*,*,#4268,.T.);
#5326=ORIENTED_EDGE('',*,*,#4269,.T.);
#5327=ORIENTED_EDGE('',*,*,#4270,.T.);
#5328=ORIENTED_EDGE('',*,*,#4271,.T.);
#5329=ORIENTED_EDGE('',*,*,#4272,.T.);
#5330=ORIENTED_EDGE('',*,*,#4273,.T.);
#5331=ORIENTED_EDGE('',*,*,#4274,.T.);
#5332=ORIENTED_EDGE('',*,*,#4275,.T.);
#5333=ORIENTED_EDGE('',*,*,#4276,.T.);
#5334=ORIENTED_EDGE('',*,*,#4277,.T.);
#5335=ORIENTED_EDGE('',*,*,#4278,.T.);
#5336=ORIENTED_EDGE('',*,*,#4279,.T.);
#5337=ORIENTED_EDGE('',*,*,#4280,.T.);
#5338=ORIENTED_EDGE('',*,*,#4281,.T.);
#5339=ORIENTED_EDGE('',*,*,#4282,.T.);
#5340=ORIENTED_EDGE('',*,*,#4283,.T.);
#5341=ORIENTED_EDGE('',*,*,#4284,.T.);
#5342=ORIENTED_EDGE('',*,*,#4285,.T.);
#5343=ORIENTED_EDGE('',*,*,#4286,.T.);
#5344=ORIENTED_EDGE('',*,*,#4287,.T.);
#5345=ORIENTED_EDGE('',*,*,#4288,.T.);
#5346=ORIENTED_EDGE('',*,*,#4289,.T.);
#5347=ORIENTED_EDGE('',*,*,#4290,.T.);
#5348=ORIENTED_EDGE('',*,*,#4291,.T.);
#5349=ORIENTED_EDGE('',*,*,#4292,.T.);
#5350=ORIENTED_EDGE('',*,*,#4293,.T.);
#5351=ORIENTED_EDGE('',*,*,#4294,.T.);
#5352=ORIENTED_EDGE('',*,*,#4295,.T.);
#5353=ORIENTED_EDGE('',*,*,#4296,.T.);
#5354=ORIENTED_EDGE('',*,*,#4297,.T.);
#5355=ORIENTED_EDGE('',*,*,#4298,.T.);
#5356=ORIENTED_EDGE('',*,*,#4299,.T.);
#5357=ORIENTED_EDGE('',*,*,#4300,.T.);
#5358=ORIENTED_EDGE('',*,*,#4301,.T.);
#5359=ORIENTED_EDGE('',*,*,#4302,.T.);
#5360=ORIENTED_EDGE('',*,*,#4303,.T.);
#5361=ORIENTED_EDGE('',*,*,#4304,.T.);
#5362=ORIENTED_EDGE('',*,*,#4305,.T.);
#5363=ORIENTED_EDGE('',*,*,#4306,.T.);
#5364=ORIENTED_EDGE('',*,*,#4307,.T.);
#5365=ORIENTED_EDGE('',*,*,#4308,.T.);
#5366=ORIENTED_EDGE('',*,*,#4309,.T.);
#5367=ORIENTED_EDGE('',*,*,#4310,.T.);
#5368=ORIENTED_EDGE('',*,*,#4311,.T.);
#5369=ORIENTED_EDGE('',*,*,#4312,.T.);
#5370=ORIENTED_EDGE('',*,*,#4313,.T.);
#5371=ORIENTED_EDGE('',*,*,#4314,.T.);
#5372=ORIENTED_EDGE('',*,*,#4315,.T.);
#5373=ORIENTED_EDGE('',*,*,#4316,.T.);
#5374=ORIENTED_EDGE('',*,*,#4317,.T.);
#5375=ORIENTED_EDGE('',*,*,#4318,.T.);
#5376=ORIENTED_EDGE('',*,*,#4319,.T.);
#5377=ORIENTED_EDGE('',*,*,#4320,.T.);
#5378=ORIENTED_EDGE('',*,*,#4321,.T.);
#5379=ORIENTED_EDGE('',*,*,#4322,.T.);
#5380=ORIENTED_EDGE('',*,*,#4323,.T.);
#5381=ORIENTED_EDGE('',*,*,#4324,.T.);
#5382=ORIENTED_EDGE('',*,*,#4325,.T.);
#5383=ORIENTED_EDGE('',*,*,#4326,.T.);
#5384=ORIENTED_EDGE('',*,*,#4327,.T.);
#5385=ORIENTED_EDGE('',*,*,#4328,.T.);
#5386=ORIENTED_EDGE('',*,*,#4329,.T.);
#5387=ORIENTED_EDGE('',*,*,#4330,.T.);
#5388=ORIENTED_EDGE('',*,*,#4331,.T.);
#5389=ORIENTED_EDGE('',*,*,#4332,.T.);
#5390=ORIENTED_EDGE('',*,*,#4333,.T.);
#5391=ORIENTED_EDGE('',*,*,#4334,.T.);
#5392=ORIENTED_EDGE('',*,*,#4335,.T.);
#5393=ORIENTED_EDGE('',*,*,#4336,.T.);
#5394=ORIENTED_EDGE('',*,*,#4337,.T.);
#5395=ORIENTED_EDGE('',*,*,#4338,.T.);
#5396=ORIENTED_EDGE('',*,*,#4339,.T.);
#5397=ORIENTED_EDGE('',*,*,#4340,.T.);
#5398=ORIENTED_EDGE('',*,*,#4341,.T.);
#5399=ORIENTED_EDGE('',*,*,#4342,.T.);
#5400=ORIENTED_EDGE('',*,*,#4343,.T.);
#5401=ORIENTED_EDGE('',*,*,#4344,.T.);
#5402=ORIENTED_EDGE('',*,*,#4345,.T.);
#5403=ORIENTED_EDGE('',*,*,#4346,.T.);
#5404=ORIENTED_EDGE('',*,*,#4347,.T.);
#5405=ORIENTED_EDGE('',*,*,#4348,.T.);
#5406=ORIENTED_EDGE('',*,*,#4349,.T.);
#5407=ORIENTED_EDGE('',*,*,#4350,.T.);
#5408=ORIENTED_EDGE('',*,*,#4351,.T.);
#5409=ORIENTED_EDGE('',*,*,#4352,.T.);
#5410=ORIENTED_EDGE('',*,*,#4353,.T.);
#5411=ORIENTED_EDGE('',*,*,#4354,.T.);
#5412=ORIENTED_EDGE('',*,*,#4355,.T.);
#5413=ORIENTED_EDGE('',*,*,#4356,.T.);
#5414=ORIENTED_EDGE('',*,*,#4357,.T.);
#5415=ORIENTED_EDGE('',*,*,#4358,.T.);
#5416=ORIENTED_EDGE('',*,*,#4359,.T.);
#5417=ORIENTED_EDGE('',*,*,#4360,.T.);
#5418=ORIENTED_EDGE('',*,*,#4361,.T.);
#5419=ORIENTED_EDGE('',*,*,#4362,.T.);
#5420=ORIENTED_EDGE('',*,*,#4363,.T.);
#5421=ORIENTED_EDGE('',*,*,#4364,.T.);
#5422=ORIENTED_EDGE('',*,*,#4365,.T.);
#5423=ORIENTED_EDGE('',*,*,#4366,.T.);
#5424=ORIENTED_EDGE('',*,*,#4367,.T.);
#5425=ORIENTED_EDGE('',*,*,#4368,.T.);
#5426=ORIENTED_EDGE('',*,*,#4369,.T.);
#5427=ORIENTED_EDGE('',*,*,#4370,.T.);
#5428=ORIENTED_EDGE('',*,*,#4371,.T.);
#5429=ORIENTED_EDGE('',*,*,#4372,.T.);
#5430=ORIENTED_EDGE('',*,*,#4373,.T.);
#5431=ORIENTED_EDGE('',*,*,#4374,.T.);
#5432=ORIENTED_EDGE('',*,*,#4375,.T.);
#5433=ORIENTED_EDGE('',*,*,#4376,.T.);
#5434=ORIENTED_EDGE('',*,*,#4377,.T.);
#5435=ORIENTED_EDGE('',*,*,#4378,.T.);
#5436=ORIENTED_EDGE('',*,*,#4379,.T.);
#5437=ORIENTED_EDGE('',*,*,#4380,.T.);
#5438=ORIENTED_EDGE('',*,*,#4381,.T.);
#5439=ORIENTED_EDGE('',*,*,#4382,.T.);
#5440=ORIENTED_EDGE('',*,*,#4383,.T.);
#5441=ORIENTED_EDGE('',*,*,#4384,.T.);
#5442=ORIENTED_EDGE('',*,*,#4385,.T.);
#5443=ORIENTED_EDGE('',*,*,#4386,.T.);
#5444=ORIENTED_EDGE('',*,*,#4387,.T.);
#5445=ORIENTED_EDGE('',*,*,#4388,.T.);
#5446=ORIENTED_EDGE('',*,*,#4389,.T.);
#5447=ORIENTED_EDGE('',*,*,#4390,.T.);
#5448=ORIENTED_EDGE('',*,*,#4391,.T.);
#5449=ORIENTED_EDGE('',*,*,#4392,.T.);
#5450=ORIENTED_EDGE('',*,*,#4393,.T.);
#5451=ORIENTED_EDGE('',*,*,#4394,.T.);
#5452=ORIENTED_EDGE('',*,*,#4395,.T.);
#5453=ORIENTED_EDGE('',*,*,#4120,.T.);
#5454=ORIENTED_EDGE('',*,*,#4116,.F.);
#5455=ORIENTED_EDGE('',*,*,#4113,.T.);
#5456=ORIENTED_EDGE('',*,*,#4110,.F.);
#5457=ORIENTED_EDGE('',*,*,#4107,.T.);
#5458=ORIENTED_EDGE('',*,*,#4104,.F.);
#5459=ORIENTED_EDGE('',*,*,#4101,.T.);
#5460=ORIENTED_EDGE('',*,*,#4097,.F.);
#5461=ORIENTED_EDGE('',*,*,#4085,.T.);
#5462=ORIENTED_EDGE('',*,*,#4080,.F.);
#5463=ORIENTED_EDGE('',*,*,#4091,.T.);
#5464=ORIENTED_EDGE('',*,*,#4086,.F.);
#5465=ORIENTED_EDGE('',*,*,#4096,.T.);
#5466=ORIENTED_EDGE('',*,*,#4092,.F.);
#5467=ORIENTED_EDGE('',*,*,#4077,.T.);
#5468=ORIENTED_EDGE('',*,*,#4073,.F.);
#5469=ORIENTED_EDGE('',*,*,#4072,.T.);
#5470=ORIENTED_EDGE('',*,*,#4069,.T.);
#5471=ORIENTED_EDGE('',*,*,#4066,.T.);
#5472=ORIENTED_EDGE('',*,*,#4063,.T.);
#5473=ORIENTED_EDGE('',*,*,#4126,.T.);
#5474=ORIENTED_EDGE('',*,*,#4396,.F.);
#5475=ORIENTED_EDGE('',*,*,#4397,.F.);
#5476=ORIENTED_EDGE('',*,*,#4131,.T.);
#5477=ORIENTED_EDGE('',*,*,#4124,.T.);
#5478=ORIENTED_EDGE('',*,*,#4135,.T.);
#5479=ORIENTED_EDGE('',*,*,#4398,.T.);
#5480=ORIENTED_EDGE('',*,*,#4399,.F.);
#5481=ORIENTED_EDGE('',*,*,#4138,.F.);
#5482=ORIENTED_EDGE('',*,*,#4400,.T.);
#5483=ORIENTED_EDGE('',*,*,#4401,.F.);
#5484=ORIENTED_EDGE('',*,*,#4402,.F.);
#5485=ORIENTED_EDGE('',*,*,#4139,.F.);
#5486=ORIENTED_EDGE('',*,*,#4402,.T.);
#5487=ORIENTED_EDGE('',*,*,#4403,.F.);
#5488=ORIENTED_EDGE('',*,*,#4404,.F.);
#5489=ORIENTED_EDGE('',*,*,#4136,.F.);
#5490=ORIENTED_EDGE('',*,*,#4404,.T.);
#5491=ORIENTED_EDGE('',*,*,#4405,.F.);
#5492=ORIENTED_EDGE('',*,*,#4406,.F.);
#5493=ORIENTED_EDGE('',*,*,#4137,.F.);
#5494=ORIENTED_EDGE('',*,*,#4406,.T.);
#5495=ORIENTED_EDGE('',*,*,#4407,.F.);
#5496=ORIENTED_EDGE('',*,*,#4400,.F.);
#5497=ORIENTED_EDGE('',*,*,#4142,.F.);
#5498=ORIENTED_EDGE('',*,*,#4408,.T.);
#5499=ORIENTED_EDGE('',*,*,#4409,.F.);
#5500=ORIENTED_EDGE('',*,*,#4410,.F.);
#5501=ORIENTED_EDGE('',*,*,#4143,.F.);
#5502=ORIENTED_EDGE('',*,*,#4410,.T.);
#5503=ORIENTED_EDGE('',*,*,#4411,.F.);
#5504=ORIENTED_EDGE('',*,*,#4412,.F.);
#5505=ORIENTED_EDGE('',*,*,#4140,.F.);
#5506=ORIENTED_EDGE('',*,*,#4412,.T.);
#5507=ORIENTED_EDGE('',*,*,#4413,.F.);
#5508=ORIENTED_EDGE('',*,*,#4414,.F.);
#5509=ORIENTED_EDGE('',*,*,#4141,.F.);
#5510=ORIENTED_EDGE('',*,*,#4414,.T.);
#5511=ORIENTED_EDGE('',*,*,#4415,.F.);
#5512=ORIENTED_EDGE('',*,*,#4408,.F.);
#5513=ORIENTED_EDGE('',*,*,#4146,.F.);
#5514=ORIENTED_EDGE('',*,*,#4416,.T.);
#5515=ORIENTED_EDGE('',*,*,#4417,.F.);
#5516=ORIENTED_EDGE('',*,*,#4418,.F.);
#5517=ORIENTED_EDGE('',*,*,#4147,.F.);
#5518=ORIENTED_EDGE('',*,*,#4418,.T.);
#5519=ORIENTED_EDGE('',*,*,#4419,.F.);
#5520=ORIENTED_EDGE('',*,*,#4420,.F.);
#5521=ORIENTED_EDGE('',*,*,#4144,.F.);
#5522=ORIENTED_EDGE('',*,*,#4420,.T.);
#5523=ORIENTED_EDGE('',*,*,#4421,.F.);
#5524=ORIENTED_EDGE('',*,*,#4422,.F.);
#5525=ORIENTED_EDGE('',*,*,#4145,.F.);
#5526=ORIENTED_EDGE('',*,*,#4422,.T.);
#5527=ORIENTED_EDGE('',*,*,#4423,.F.);
#5528=ORIENTED_EDGE('',*,*,#4416,.F.);
#5529=ORIENTED_EDGE('',*,*,#4150,.F.);
#5530=ORIENTED_EDGE('',*,*,#4424,.T.);
#5531=ORIENTED_EDGE('',*,*,#4425,.F.);
#5532=ORIENTED_EDGE('',*,*,#4426,.F.);
#5533=ORIENTED_EDGE('',*,*,#4151,.F.);
#5534=ORIENTED_EDGE('',*,*,#4426,.T.);
#5535=ORIENTED_EDGE('',*,*,#4427,.F.);
#5536=ORIENTED_EDGE('',*,*,#4428,.F.);
#5537=ORIENTED_EDGE('',*,*,#4148,.F.);
#5538=ORIENTED_EDGE('',*,*,#4428,.T.);
#5539=ORIENTED_EDGE('',*,*,#4429,.F.);
#5540=ORIENTED_EDGE('',*,*,#4430,.F.);
#5541=ORIENTED_EDGE('',*,*,#4149,.F.);
#5542=ORIENTED_EDGE('',*,*,#4430,.T.);
#5543=ORIENTED_EDGE('',*,*,#4431,.F.);
#5544=ORIENTED_EDGE('',*,*,#4424,.F.);
#5545=ORIENTED_EDGE('',*,*,#4154,.F.);
#5546=ORIENTED_EDGE('',*,*,#4432,.T.);
#5547=ORIENTED_EDGE('',*,*,#4433,.F.);
#5548=ORIENTED_EDGE('',*,*,#4434,.F.);
#5549=ORIENTED_EDGE('',*,*,#4155,.F.);
#5550=ORIENTED_EDGE('',*,*,#4434,.T.);
#5551=ORIENTED_EDGE('',*,*,#4435,.F.);
#5552=ORIENTED_EDGE('',*,*,#4436,.F.);
#5553=ORIENTED_EDGE('',*,*,#4152,.F.);
#5554=ORIENTED_EDGE('',*,*,#4436,.T.);
#5555=ORIENTED_EDGE('',*,*,#4437,.F.);
#5556=ORIENTED_EDGE('',*,*,#4438,.F.);
#5557=ORIENTED_EDGE('',*,*,#4153,.F.);
#5558=ORIENTED_EDGE('',*,*,#4438,.T.);
#5559=ORIENTED_EDGE('',*,*,#4439,.F.);
#5560=ORIENTED_EDGE('',*,*,#4432,.F.);
#5561=ORIENTED_EDGE('',*,*,#4158,.F.);
#5562=ORIENTED_EDGE('',*,*,#4440,.T.);
#5563=ORIENTED_EDGE('',*,*,#4441,.F.);
#5564=ORIENTED_EDGE('',*,*,#4442,.F.);
#5565=ORIENTED_EDGE('',*,*,#4159,.F.);
#5566=ORIENTED_EDGE('',*,*,#4442,.T.);
#5567=ORIENTED_EDGE('',*,*,#4443,.F.);
#5568=ORIENTED_EDGE('',*,*,#4444,.F.);
#5569=ORIENTED_EDGE('',*,*,#4156,.F.);
#5570=ORIENTED_EDGE('',*,*,#4444,.T.);
#5571=ORIENTED_EDGE('',*,*,#4445,.F.);
#5572=ORIENTED_EDGE('',*,*,#4446,.F.);
#5573=ORIENTED_EDGE('',*,*,#4157,.F.);
#5574=ORIENTED_EDGE('',*,*,#4446,.T.);
#5575=ORIENTED_EDGE('',*,*,#4447,.F.);
#5576=ORIENTED_EDGE('',*,*,#4440,.F.);
#5577=ORIENTED_EDGE('',*,*,#4162,.F.);
#5578=ORIENTED_EDGE('',*,*,#4448,.T.);
#5579=ORIENTED_EDGE('',*,*,#4449,.F.);
#5580=ORIENTED_EDGE('',*,*,#4450,.F.);
#5581=ORIENTED_EDGE('',*,*,#4163,.F.);
#5582=ORIENTED_EDGE('',*,*,#4450,.T.);
#5583=ORIENTED_EDGE('',*,*,#4451,.F.);
#5584=ORIENTED_EDGE('',*,*,#4452,.F.);
#5585=ORIENTED_EDGE('',*,*,#4160,.F.);
#5586=ORIENTED_EDGE('',*,*,#4452,.T.);
#5587=ORIENTED_EDGE('',*,*,#4453,.F.);
#5588=ORIENTED_EDGE('',*,*,#4454,.F.);
#5589=ORIENTED_EDGE('',*,*,#4161,.F.);
#5590=ORIENTED_EDGE('',*,*,#4454,.T.);
#5591=ORIENTED_EDGE('',*,*,#4455,.F.);
#5592=ORIENTED_EDGE('',*,*,#4448,.F.);
#5593=ORIENTED_EDGE('',*,*,#4166,.F.);
#5594=ORIENTED_EDGE('',*,*,#4456,.T.);
#5595=ORIENTED_EDGE('',*,*,#4457,.F.);
#5596=ORIENTED_EDGE('',*,*,#4458,.F.);
#5597=ORIENTED_EDGE('',*,*,#4167,.F.);
#5598=ORIENTED_EDGE('',*,*,#4458,.T.);
#5599=ORIENTED_EDGE('',*,*,#4459,.F.);
#5600=ORIENTED_EDGE('',*,*,#4460,.F.);
#5601=ORIENTED_EDGE('',*,*,#4164,.F.);
#5602=ORIENTED_EDGE('',*,*,#4460,.T.);
#5603=ORIENTED_EDGE('',*,*,#4461,.F.);
#5604=ORIENTED_EDGE('',*,*,#4462,.F.);
#5605=ORIENTED_EDGE('',*,*,#4165,.F.);
#5606=ORIENTED_EDGE('',*,*,#4462,.T.);
#5607=ORIENTED_EDGE('',*,*,#4463,.F.);
#5608=ORIENTED_EDGE('',*,*,#4456,.F.);
#5609=ORIENTED_EDGE('',*,*,#4170,.F.);
#5610=ORIENTED_EDGE('',*,*,#4464,.T.);
#5611=ORIENTED_EDGE('',*,*,#4465,.F.);
#5612=ORIENTED_EDGE('',*,*,#4466,.F.);
#5613=ORIENTED_EDGE('',*,*,#4171,.F.);
#5614=ORIENTED_EDGE('',*,*,#4466,.T.);
#5615=ORIENTED_EDGE('',*,*,#4467,.F.);
#5616=ORIENTED_EDGE('',*,*,#4468,.F.);
#5617=ORIENTED_EDGE('',*,*,#4168,.F.);
#5618=ORIENTED_EDGE('',*,*,#4468,.T.);
#5619=ORIENTED_EDGE('',*,*,#4469,.F.);
#5620=ORIENTED_EDGE('',*,*,#4470,.F.);
#5621=ORIENTED_EDGE('',*,*,#4169,.F.);
#5622=ORIENTED_EDGE('',*,*,#4470,.T.);
#5623=ORIENTED_EDGE('',*,*,#4471,.F.);
#5624=ORIENTED_EDGE('',*,*,#4464,.F.);
#5625=ORIENTED_EDGE('',*,*,#4174,.F.);
#5626=ORIENTED_EDGE('',*,*,#4472,.T.);
#5627=ORIENTED_EDGE('',*,*,#4473,.F.);
#5628=ORIENTED_EDGE('',*,*,#4474,.F.);
#5629=ORIENTED_EDGE('',*,*,#4175,.F.);
#5630=ORIENTED_EDGE('',*,*,#4474,.T.);
#5631=ORIENTED_EDGE('',*,*,#4475,.F.);
#5632=ORIENTED_EDGE('',*,*,#4476,.F.);
#5633=ORIENTED_EDGE('',*,*,#4172,.F.);
#5634=ORIENTED_EDGE('',*,*,#4476,.T.);
#5635=ORIENTED_EDGE('',*,*,#4477,.F.);
#5636=ORIENTED_EDGE('',*,*,#4478,.F.);
#5637=ORIENTED_EDGE('',*,*,#4173,.F.);
#5638=ORIENTED_EDGE('',*,*,#4478,.T.);
#5639=ORIENTED_EDGE('',*,*,#4479,.F.);
#5640=ORIENTED_EDGE('',*,*,#4472,.F.);
#5641=ORIENTED_EDGE('',*,*,#4178,.F.);
#5642=ORIENTED_EDGE('',*,*,#4480,.T.);
#5643=ORIENTED_EDGE('',*,*,#4481,.F.);
#5644=ORIENTED_EDGE('',*,*,#4482,.F.);
#5645=ORIENTED_EDGE('',*,*,#4179,.F.);
#5646=ORIENTED_EDGE('',*,*,#4482,.T.);
#5647=ORIENTED_EDGE('',*,*,#4483,.F.);
#5648=ORIENTED_EDGE('',*,*,#4484,.F.);
#5649=ORIENTED_EDGE('',*,*,#4176,.F.);
#5650=ORIENTED_EDGE('',*,*,#4484,.T.);
#5651=ORIENTED_EDGE('',*,*,#4485,.F.);
#5652=ORIENTED_EDGE('',*,*,#4486,.F.);
#5653=ORIENTED_EDGE('',*,*,#4177,.F.);
#5654=ORIENTED_EDGE('',*,*,#4486,.T.);
#5655=ORIENTED_EDGE('',*,*,#4487,.F.);
#5656=ORIENTED_EDGE('',*,*,#4480,.F.);
#5657=ORIENTED_EDGE('',*,*,#4182,.F.);
#5658=ORIENTED_EDGE('',*,*,#4488,.T.);
#5659=ORIENTED_EDGE('',*,*,#4489,.F.);
#5660=ORIENTED_EDGE('',*,*,#4490,.F.);
#5661=ORIENTED_EDGE('',*,*,#4183,.F.);
#5662=ORIENTED_EDGE('',*,*,#4490,.T.);
#5663=ORIENTED_EDGE('',*,*,#4491,.F.);
#5664=ORIENTED_EDGE('',*,*,#4492,.F.);
#5665=ORIENTED_EDGE('',*,*,#4180,.F.);
#5666=ORIENTED_EDGE('',*,*,#4492,.T.);
#5667=ORIENTED_EDGE('',*,*,#4493,.F.);
#5668=ORIENTED_EDGE('',*,*,#4494,.F.);
#5669=ORIENTED_EDGE('',*,*,#4181,.F.);
#5670=ORIENTED_EDGE('',*,*,#4494,.T.);
#5671=ORIENTED_EDGE('',*,*,#4495,.F.);
#5672=ORIENTED_EDGE('',*,*,#4488,.F.);
#5673=ORIENTED_EDGE('',*,*,#4186,.F.);
#5674=ORIENTED_EDGE('',*,*,#4496,.T.);
#5675=ORIENTED_EDGE('',*,*,#4497,.F.);
#5676=ORIENTED_EDGE('',*,*,#4498,.F.);
#5677=ORIENTED_EDGE('',*,*,#4187,.F.);
#5678=ORIENTED_EDGE('',*,*,#4498,.T.);
#5679=ORIENTED_EDGE('',*,*,#4499,.F.);
#5680=ORIENTED_EDGE('',*,*,#4500,.F.);
#5681=ORIENTED_EDGE('',*,*,#4184,.F.);
#5682=ORIENTED_EDGE('',*,*,#4500,.T.);
#5683=ORIENTED_EDGE('',*,*,#4501,.F.);
#5684=ORIENTED_EDGE('',*,*,#4502,.F.);
#5685=ORIENTED_EDGE('',*,*,#4185,.F.);
#5686=ORIENTED_EDGE('',*,*,#4502,.T.);
#5687=ORIENTED_EDGE('',*,*,#4503,.F.);
#5688=ORIENTED_EDGE('',*,*,#4496,.F.);
#5689=ORIENTED_EDGE('',*,*,#4190,.F.);
#5690=ORIENTED_EDGE('',*,*,#4504,.T.);
#5691=ORIENTED_EDGE('',*,*,#4505,.F.);
#5692=ORIENTED_EDGE('',*,*,#4506,.F.);
#5693=ORIENTED_EDGE('',*,*,#4191,.F.);
#5694=ORIENTED_EDGE('',*,*,#4506,.T.);
#5695=ORIENTED_EDGE('',*,*,#4507,.F.);
#5696=ORIENTED_EDGE('',*,*,#4508,.F.);
#5697=ORIENTED_EDGE('',*,*,#4188,.F.);
#5698=ORIENTED_EDGE('',*,*,#4508,.T.);
#5699=ORIENTED_EDGE('',*,*,#4509,.F.);
#5700=ORIENTED_EDGE('',*,*,#4510,.F.);
#5701=ORIENTED_EDGE('',*,*,#4189,.F.);
#5702=ORIENTED_EDGE('',*,*,#4510,.T.);
#5703=ORIENTED_EDGE('',*,*,#4511,.F.);
#5704=ORIENTED_EDGE('',*,*,#4504,.F.);
#5705=ORIENTED_EDGE('',*,*,#4194,.F.);
#5706=ORIENTED_EDGE('',*,*,#4512,.T.);
#5707=ORIENTED_EDGE('',*,*,#4513,.F.);
#5708=ORIENTED_EDGE('',*,*,#4514,.F.);
#5709=ORIENTED_EDGE('',*,*,#4195,.F.);
#5710=ORIENTED_EDGE('',*,*,#4514,.T.);
#5711=ORIENTED_EDGE('',*,*,#4515,.F.);
#5712=ORIENTED_EDGE('',*,*,#4516,.F.);
#5713=ORIENTED_EDGE('',*,*,#4192,.F.);
#5714=ORIENTED_EDGE('',*,*,#4516,.T.);
#5715=ORIENTED_EDGE('',*,*,#4517,.F.);
#5716=ORIENTED_EDGE('',*,*,#4518,.F.);
#5717=ORIENTED_EDGE('',*,*,#4193,.F.);
#5718=ORIENTED_EDGE('',*,*,#4518,.T.);
#5719=ORIENTED_EDGE('',*,*,#4519,.F.);
#5720=ORIENTED_EDGE('',*,*,#4512,.F.);
#5721=ORIENTED_EDGE('',*,*,#4198,.F.);
#5722=ORIENTED_EDGE('',*,*,#4520,.T.);
#5723=ORIENTED_EDGE('',*,*,#4521,.F.);
#5724=ORIENTED_EDGE('',*,*,#4522,.F.);
#5725=ORIENTED_EDGE('',*,*,#4199,.F.);
#5726=ORIENTED_EDGE('',*,*,#4522,.T.);
#5727=ORIENTED_EDGE('',*,*,#4523,.F.);
#5728=ORIENTED_EDGE('',*,*,#4524,.F.);
#5729=ORIENTED_EDGE('',*,*,#4196,.F.);
#5730=ORIENTED_EDGE('',*,*,#4524,.T.);
#5731=ORIENTED_EDGE('',*,*,#4525,.F.);
#5732=ORIENTED_EDGE('',*,*,#4526,.F.);
#5733=ORIENTED_EDGE('',*,*,#4197,.F.);
#5734=ORIENTED_EDGE('',*,*,#4526,.T.);
#5735=ORIENTED_EDGE('',*,*,#4527,.F.);
#5736=ORIENTED_EDGE('',*,*,#4520,.F.);
#5737=ORIENTED_EDGE('',*,*,#4202,.F.);
#5738=ORIENTED_EDGE('',*,*,#4528,.T.);
#5739=ORIENTED_EDGE('',*,*,#4529,.F.);
#5740=ORIENTED_EDGE('',*,*,#4530,.F.);
#5741=ORIENTED_EDGE('',*,*,#4203,.F.);
#5742=ORIENTED_EDGE('',*,*,#4530,.T.);
#5743=ORIENTED_EDGE('',*,*,#4531,.F.);
#5744=ORIENTED_EDGE('',*,*,#4532,.F.);
#5745=ORIENTED_EDGE('',*,*,#4200,.F.);
#5746=ORIENTED_EDGE('',*,*,#4532,.T.);
#5747=ORIENTED_EDGE('',*,*,#4533,.F.);
#5748=ORIENTED_EDGE('',*,*,#4534,.F.);
#5749=ORIENTED_EDGE('',*,*,#4201,.F.);
#5750=ORIENTED_EDGE('',*,*,#4534,.T.);
#5751=ORIENTED_EDGE('',*,*,#4535,.F.);
#5752=ORIENTED_EDGE('',*,*,#4528,.F.);
#5753=ORIENTED_EDGE('',*,*,#4206,.F.);
#5754=ORIENTED_EDGE('',*,*,#4536,.T.);
#5755=ORIENTED_EDGE('',*,*,#4537,.F.);
#5756=ORIENTED_EDGE('',*,*,#4538,.F.);
#5757=ORIENTED_EDGE('',*,*,#4207,.F.);
#5758=ORIENTED_EDGE('',*,*,#4538,.T.);
#5759=ORIENTED_EDGE('',*,*,#4539,.F.);
#5760=ORIENTED_EDGE('',*,*,#4540,.F.);
#5761=ORIENTED_EDGE('',*,*,#4204,.F.);
#5762=ORIENTED_EDGE('',*,*,#4540,.T.);
#5763=ORIENTED_EDGE('',*,*,#4541,.F.);
#5764=ORIENTED_EDGE('',*,*,#4542,.F.);
#5765=ORIENTED_EDGE('',*,*,#4205,.F.);
#5766=ORIENTED_EDGE('',*,*,#4542,.T.);
#5767=ORIENTED_EDGE('',*,*,#4543,.F.);
#5768=ORIENTED_EDGE('',*,*,#4536,.F.);
#5769=ORIENTED_EDGE('',*,*,#4210,.F.);
#5770=ORIENTED_EDGE('',*,*,#4544,.T.);
#5771=ORIENTED_EDGE('',*,*,#4545,.F.);
#5772=ORIENTED_EDGE('',*,*,#4546,.F.);
#5773=ORIENTED_EDGE('',*,*,#4211,.F.);
#5774=ORIENTED_EDGE('',*,*,#4546,.T.);
#5775=ORIENTED_EDGE('',*,*,#4547,.F.);
#5776=ORIENTED_EDGE('',*,*,#4548,.F.);
#5777=ORIENTED_EDGE('',*,*,#4208,.F.);
#5778=ORIENTED_EDGE('',*,*,#4548,.T.);
#5779=ORIENTED_EDGE('',*,*,#4549,.F.);
#5780=ORIENTED_EDGE('',*,*,#4550,.F.);
#5781=ORIENTED_EDGE('',*,*,#4209,.F.);
#5782=ORIENTED_EDGE('',*,*,#4550,.T.);
#5783=ORIENTED_EDGE('',*,*,#4551,.F.);
#5784=ORIENTED_EDGE('',*,*,#4544,.F.);
#5785=ORIENTED_EDGE('',*,*,#4214,.F.);
#5786=ORIENTED_EDGE('',*,*,#4552,.T.);
#5787=ORIENTED_EDGE('',*,*,#4553,.F.);
#5788=ORIENTED_EDGE('',*,*,#4554,.F.);
#5789=ORIENTED_EDGE('',*,*,#4215,.F.);
#5790=ORIENTED_EDGE('',*,*,#4554,.T.);
#5791=ORIENTED_EDGE('',*,*,#4555,.F.);
#5792=ORIENTED_EDGE('',*,*,#4556,.F.);
#5793=ORIENTED_EDGE('',*,*,#4212,.F.);
#5794=ORIENTED_EDGE('',*,*,#4556,.T.);
#5795=ORIENTED_EDGE('',*,*,#4557,.F.);
#5796=ORIENTED_EDGE('',*,*,#4558,.F.);
#5797=ORIENTED_EDGE('',*,*,#4213,.F.);
#5798=ORIENTED_EDGE('',*,*,#4558,.T.);
#5799=ORIENTED_EDGE('',*,*,#4559,.F.);
#5800=ORIENTED_EDGE('',*,*,#4552,.F.);
#5801=ORIENTED_EDGE('',*,*,#4218,.F.);
#5802=ORIENTED_EDGE('',*,*,#4560,.T.);
#5803=ORIENTED_EDGE('',*,*,#4561,.F.);
#5804=ORIENTED_EDGE('',*,*,#4562,.F.);
#5805=ORIENTED_EDGE('',*,*,#4219,.F.);
#5806=ORIENTED_EDGE('',*,*,#4562,.T.);
#5807=ORIENTED_EDGE('',*,*,#4563,.F.);
#5808=ORIENTED_EDGE('',*,*,#4564,.F.);
#5809=ORIENTED_EDGE('',*,*,#4216,.F.);
#5810=ORIENTED_EDGE('',*,*,#4564,.T.);
#5811=ORIENTED_EDGE('',*,*,#4565,.F.);
#5812=ORIENTED_EDGE('',*,*,#4566,.F.);
#5813=ORIENTED_EDGE('',*,*,#4217,.F.);
#5814=ORIENTED_EDGE('',*,*,#4566,.T.);
#5815=ORIENTED_EDGE('',*,*,#4567,.F.);
#5816=ORIENTED_EDGE('',*,*,#4560,.F.);
#5817=ORIENTED_EDGE('',*,*,#4222,.F.);
#5818=ORIENTED_EDGE('',*,*,#4568,.T.);
#5819=ORIENTED_EDGE('',*,*,#4569,.F.);
#5820=ORIENTED_EDGE('',*,*,#4570,.F.);
#5821=ORIENTED_EDGE('',*,*,#4223,.F.);
#5822=ORIENTED_EDGE('',*,*,#4570,.T.);
#5823=ORIENTED_EDGE('',*,*,#4571,.F.);
#5824=ORIENTED_EDGE('',*,*,#4572,.F.);
#5825=ORIENTED_EDGE('',*,*,#4220,.F.);
#5826=ORIENTED_EDGE('',*,*,#4572,.T.);
#5827=ORIENTED_EDGE('',*,*,#4573,.F.);
#5828=ORIENTED_EDGE('',*,*,#4574,.F.);
#5829=ORIENTED_EDGE('',*,*,#4221,.F.);
#5830=ORIENTED_EDGE('',*,*,#4574,.T.);
#5831=ORIENTED_EDGE('',*,*,#4575,.F.);
#5832=ORIENTED_EDGE('',*,*,#4568,.F.);
#5833=ORIENTED_EDGE('',*,*,#4226,.F.);
#5834=ORIENTED_EDGE('',*,*,#4576,.T.);
#5835=ORIENTED_EDGE('',*,*,#4577,.F.);
#5836=ORIENTED_EDGE('',*,*,#4578,.F.);
#5837=ORIENTED_EDGE('',*,*,#4227,.F.);
#5838=ORIENTED_EDGE('',*,*,#4578,.T.);
#5839=ORIENTED_EDGE('',*,*,#4579,.F.);
#5840=ORIENTED_EDGE('',*,*,#4580,.F.);
#5841=ORIENTED_EDGE('',*,*,#4224,.F.);
#5842=ORIENTED_EDGE('',*,*,#4580,.T.);
#5843=ORIENTED_EDGE('',*,*,#4581,.F.);
#5844=ORIENTED_EDGE('',*,*,#4582,.F.);
#5845=ORIENTED_EDGE('',*,*,#4225,.F.);
#5846=ORIENTED_EDGE('',*,*,#4582,.T.);
#5847=ORIENTED_EDGE('',*,*,#4583,.F.);
#5848=ORIENTED_EDGE('',*,*,#4576,.F.);
#5849=ORIENTED_EDGE('',*,*,#4230,.F.);
#5850=ORIENTED_EDGE('',*,*,#4584,.T.);
#5851=ORIENTED_EDGE('',*,*,#4585,.F.);
#5852=ORIENTED_EDGE('',*,*,#4586,.F.);
#5853=ORIENTED_EDGE('',*,*,#4231,.F.);
#5854=ORIENTED_EDGE('',*,*,#4586,.T.);
#5855=ORIENTED_EDGE('',*,*,#4587,.F.);
#5856=ORIENTED_EDGE('',*,*,#4588,.F.);
#5857=ORIENTED_EDGE('',*,*,#4228,.F.);
#5858=ORIENTED_EDGE('',*,*,#4588,.T.);
#5859=ORIENTED_EDGE('',*,*,#4589,.F.);
#5860=ORIENTED_EDGE('',*,*,#4590,.F.);
#5861=ORIENTED_EDGE('',*,*,#4229,.F.);
#5862=ORIENTED_EDGE('',*,*,#4590,.T.);
#5863=ORIENTED_EDGE('',*,*,#4591,.F.);
#5864=ORIENTED_EDGE('',*,*,#4584,.F.);
#5865=ORIENTED_EDGE('',*,*,#4234,.F.);
#5866=ORIENTED_EDGE('',*,*,#4592,.T.);
#5867=ORIENTED_EDGE('',*,*,#4593,.F.);
#5868=ORIENTED_EDGE('',*,*,#4594,.F.);
#5869=ORIENTED_EDGE('',*,*,#4235,.F.);
#5870=ORIENTED_EDGE('',*,*,#4594,.T.);
#5871=ORIENTED_EDGE('',*,*,#4595,.F.);
#5872=ORIENTED_EDGE('',*,*,#4596,.F.);
#5873=ORIENTED_EDGE('',*,*,#4232,.F.);
#5874=ORIENTED_EDGE('',*,*,#4596,.T.);
#5875=ORIENTED_EDGE('',*,*,#4597,.F.);
#5876=ORIENTED_EDGE('',*,*,#4598,.F.);
#5877=ORIENTED_EDGE('',*,*,#4233,.F.);
#5878=ORIENTED_EDGE('',*,*,#4598,.T.);
#5879=ORIENTED_EDGE('',*,*,#4599,.F.);
#5880=ORIENTED_EDGE('',*,*,#4592,.F.);
#5881=ORIENTED_EDGE('',*,*,#4238,.F.);
#5882=ORIENTED_EDGE('',*,*,#4600,.T.);
#5883=ORIENTED_EDGE('',*,*,#4601,.F.);
#5884=ORIENTED_EDGE('',*,*,#4602,.F.);
#5885=ORIENTED_EDGE('',*,*,#4239,.F.);
#5886=ORIENTED_EDGE('',*,*,#4602,.T.);
#5887=ORIENTED_EDGE('',*,*,#4603,.F.);
#5888=ORIENTED_EDGE('',*,*,#4604,.F.);
#5889=ORIENTED_EDGE('',*,*,#4236,.F.);
#5890=ORIENTED_EDGE('',*,*,#4604,.T.);
#5891=ORIENTED_EDGE('',*,*,#4605,.F.);
#5892=ORIENTED_EDGE('',*,*,#4606,.F.);
#5893=ORIENTED_EDGE('',*,*,#4237,.F.);
#5894=ORIENTED_EDGE('',*,*,#4606,.T.);
#5895=ORIENTED_EDGE('',*,*,#4607,.F.);
#5896=ORIENTED_EDGE('',*,*,#4600,.F.);
#5897=ORIENTED_EDGE('',*,*,#4242,.F.);
#5898=ORIENTED_EDGE('',*,*,#4608,.T.);
#5899=ORIENTED_EDGE('',*,*,#4609,.F.);
#5900=ORIENTED_EDGE('',*,*,#4610,.F.);
#5901=ORIENTED_EDGE('',*,*,#4243,.F.);
#5902=ORIENTED_EDGE('',*,*,#4610,.T.);
#5903=ORIENTED_EDGE('',*,*,#4611,.F.);
#5904=ORIENTED_EDGE('',*,*,#4612,.F.);
#5905=ORIENTED_EDGE('',*,*,#4240,.F.);
#5906=ORIENTED_EDGE('',*,*,#4612,.T.);
#5907=ORIENTED_EDGE('',*,*,#4613,.F.);
#5908=ORIENTED_EDGE('',*,*,#4614,.F.);
#5909=ORIENTED_EDGE('',*,*,#4241,.F.);
#5910=ORIENTED_EDGE('',*,*,#4614,.T.);
#5911=ORIENTED_EDGE('',*,*,#4615,.F.);
#5912=ORIENTED_EDGE('',*,*,#4608,.F.);
#5913=ORIENTED_EDGE('',*,*,#4246,.F.);
#5914=ORIENTED_EDGE('',*,*,#4616,.T.);
#5915=ORIENTED_EDGE('',*,*,#4617,.F.);
#5916=ORIENTED_EDGE('',*,*,#4618,.F.);
#5917=ORIENTED_EDGE('',*,*,#4247,.F.);
#5918=ORIENTED_EDGE('',*,*,#4618,.T.);
#5919=ORIENTED_EDGE('',*,*,#4619,.F.);
#5920=ORIENTED_EDGE('',*,*,#4620,.F.);
#5921=ORIENTED_EDGE('',*,*,#4244,.F.);
#5922=ORIENTED_EDGE('',*,*,#4620,.T.);
#5923=ORIENTED_EDGE('',*,*,#4621,.F.);
#5924=ORIENTED_EDGE('',*,*,#4622,.F.);
#5925=ORIENTED_EDGE('',*,*,#4245,.F.);
#5926=ORIENTED_EDGE('',*,*,#4622,.T.);
#5927=ORIENTED_EDGE('',*,*,#4623,.F.);
#5928=ORIENTED_EDGE('',*,*,#4616,.F.);
#5929=ORIENTED_EDGE('',*,*,#4250,.F.);
#5930=ORIENTED_EDGE('',*,*,#4624,.T.);
#5931=ORIENTED_EDGE('',*,*,#4625,.F.);
#5932=ORIENTED_EDGE('',*,*,#4626,.F.);
#5933=ORIENTED_EDGE('',*,*,#4251,.F.);
#5934=ORIENTED_EDGE('',*,*,#4626,.T.);
#5935=ORIENTED_EDGE('',*,*,#4627,.F.);
#5936=ORIENTED_EDGE('',*,*,#4628,.F.);
#5937=ORIENTED_EDGE('',*,*,#4248,.F.);
#5938=ORIENTED_EDGE('',*,*,#4628,.T.);
#5939=ORIENTED_EDGE('',*,*,#4629,.F.);
#5940=ORIENTED_EDGE('',*,*,#4630,.F.);
#5941=ORIENTED_EDGE('',*,*,#4249,.F.);
#5942=ORIENTED_EDGE('',*,*,#4630,.T.);
#5943=ORIENTED_EDGE('',*,*,#4631,.F.);
#5944=ORIENTED_EDGE('',*,*,#4624,.F.);
#5945=ORIENTED_EDGE('',*,*,#4254,.F.);
#5946=ORIENTED_EDGE('',*,*,#4632,.T.);
#5947=ORIENTED_EDGE('',*,*,#4633,.F.);
#5948=ORIENTED_EDGE('',*,*,#4634,.F.);
#5949=ORIENTED_EDGE('',*,*,#4255,.F.);
#5950=ORIENTED_EDGE('',*,*,#4634,.T.);
#5951=ORIENTED_EDGE('',*,*,#4635,.F.);
#5952=ORIENTED_EDGE('',*,*,#4636,.F.);
#5953=ORIENTED_EDGE('',*,*,#4252,.F.);
#5954=ORIENTED_EDGE('',*,*,#4636,.T.);
#5955=ORIENTED_EDGE('',*,*,#4637,.F.);
#5956=ORIENTED_EDGE('',*,*,#4638,.F.);
#5957=ORIENTED_EDGE('',*,*,#4253,.F.);
#5958=ORIENTED_EDGE('',*,*,#4638,.T.);
#5959=ORIENTED_EDGE('',*,*,#4639,.F.);
#5960=ORIENTED_EDGE('',*,*,#4632,.F.);
#5961=ORIENTED_EDGE('',*,*,#4258,.F.);
#5962=ORIENTED_EDGE('',*,*,#4640,.T.);
#5963=ORIENTED_EDGE('',*,*,#4641,.F.);
#5964=ORIENTED_EDGE('',*,*,#4642,.F.);
#5965=ORIENTED_EDGE('',*,*,#4259,.F.);
#5966=ORIENTED_EDGE('',*,*,#4642,.T.);
#5967=ORIENTED_EDGE('',*,*,#4643,.F.);
#5968=ORIENTED_EDGE('',*,*,#4644,.F.);
#5969=ORIENTED_EDGE('',*,*,#4256,.F.);
#5970=ORIENTED_EDGE('',*,*,#4644,.T.);
#5971=ORIENTED_EDGE('',*,*,#4645,.F.);
#5972=ORIENTED_EDGE('',*,*,#4646,.F.);
#5973=ORIENTED_EDGE('',*,*,#4257,.F.);
#5974=ORIENTED_EDGE('',*,*,#4646,.T.);
#5975=ORIENTED_EDGE('',*,*,#4647,.F.);
#5976=ORIENTED_EDGE('',*,*,#4640,.F.);
#5977=ORIENTED_EDGE('',*,*,#4262,.F.);
#5978=ORIENTED_EDGE('',*,*,#4648,.T.);
#5979=ORIENTED_EDGE('',*,*,#4649,.F.);
#5980=ORIENTED_EDGE('',*,*,#4650,.F.);
#5981=ORIENTED_EDGE('',*,*,#4263,.F.);
#5982=ORIENTED_EDGE('',*,*,#4650,.T.);
#5983=ORIENTED_EDGE('',*,*,#4651,.F.);
#5984=ORIENTED_EDGE('',*,*,#4652,.F.);
#5985=ORIENTED_EDGE('',*,*,#4260,.F.);
#5986=ORIENTED_EDGE('',*,*,#4652,.T.);
#5987=ORIENTED_EDGE('',*,*,#4653,.F.);
#5988=ORIENTED_EDGE('',*,*,#4654,.F.);
#5989=ORIENTED_EDGE('',*,*,#4261,.F.);
#5990=ORIENTED_EDGE('',*,*,#4654,.T.);
#5991=ORIENTED_EDGE('',*,*,#4655,.F.);
#5992=ORIENTED_EDGE('',*,*,#4648,.F.);
#5993=ORIENTED_EDGE('',*,*,#4266,.F.);
#5994=ORIENTED_EDGE('',*,*,#4656,.T.);
#5995=ORIENTED_EDGE('',*,*,#4657,.F.);
#5996=ORIENTED_EDGE('',*,*,#4658,.F.);
#5997=ORIENTED_EDGE('',*,*,#4267,.F.);
#5998=ORIENTED_EDGE('',*,*,#4658,.T.);
#5999=ORIENTED_EDGE('',*,*,#4659,.F.);
#6000=ORIENTED_EDGE('',*,*,#4660,.F.);
#6001=ORIENTED_EDGE('',*,*,#4264,.F.);
#6002=ORIENTED_EDGE('',*,*,#4660,.T.);
#6003=ORIENTED_EDGE('',*,*,#4661,.F.);
#6004=ORIENTED_EDGE('',*,*,#4662,.F.);
#6005=ORIENTED_EDGE('',*,*,#4265,.F.);
#6006=ORIENTED_EDGE('',*,*,#4662,.T.);
#6007=ORIENTED_EDGE('',*,*,#4663,.F.);
#6008=ORIENTED_EDGE('',*,*,#4656,.F.);
#6009=ORIENTED_EDGE('',*,*,#4270,.F.);
#6010=ORIENTED_EDGE('',*,*,#4664,.T.);
#6011=ORIENTED_EDGE('',*,*,#4665,.F.);
#6012=ORIENTED_EDGE('',*,*,#4666,.F.);
#6013=ORIENTED_EDGE('',*,*,#4271,.F.);
#6014=ORIENTED_EDGE('',*,*,#4666,.T.);
#6015=ORIENTED_EDGE('',*,*,#4667,.F.);
#6016=ORIENTED_EDGE('',*,*,#4668,.F.);
#6017=ORIENTED_EDGE('',*,*,#4268,.F.);
#6018=ORIENTED_EDGE('',*,*,#4668,.T.);
#6019=ORIENTED_EDGE('',*,*,#4669,.F.);
#6020=ORIENTED_EDGE('',*,*,#4670,.F.);
#6021=ORIENTED_EDGE('',*,*,#4269,.F.);
#6022=ORIENTED_EDGE('',*,*,#4670,.T.);
#6023=ORIENTED_EDGE('',*,*,#4671,.F.);
#6024=ORIENTED_EDGE('',*,*,#4664,.F.);
#6025=ORIENTED_EDGE('',*,*,#4274,.F.);
#6026=ORIENTED_EDGE('',*,*,#4672,.T.);
#6027=ORIENTED_EDGE('',*,*,#4673,.F.);
#6028=ORIENTED_EDGE('',*,*,#4674,.F.);
#6029=ORIENTED_EDGE('',*,*,#4275,.F.);
#6030=ORIENTED_EDGE('',*,*,#4674,.T.);
#6031=ORIENTED_EDGE('',*,*,#4675,.F.);
#6032=ORIENTED_EDGE('',*,*,#4676,.F.);
#6033=ORIENTED_EDGE('',*,*,#4272,.F.);
#6034=ORIENTED_EDGE('',*,*,#4676,.T.);
#6035=ORIENTED_EDGE('',*,*,#4677,.F.);
#6036=ORIENTED_EDGE('',*,*,#4678,.F.);
#6037=ORIENTED_EDGE('',*,*,#4273,.F.);
#6038=ORIENTED_EDGE('',*,*,#4678,.T.);
#6039=ORIENTED_EDGE('',*,*,#4679,.F.);
#6040=ORIENTED_EDGE('',*,*,#4672,.F.);
#6041=ORIENTED_EDGE('',*,*,#4278,.F.);
#6042=ORIENTED_EDGE('',*,*,#4680,.T.);
#6043=ORIENTED_EDGE('',*,*,#4681,.F.);
#6044=ORIENTED_EDGE('',*,*,#4682,.F.);
#6045=ORIENTED_EDGE('',*,*,#4279,.F.);
#6046=ORIENTED_EDGE('',*,*,#4682,.T.);
#6047=ORIENTED_EDGE('',*,*,#4683,.F.);
#6048=ORIENTED_EDGE('',*,*,#4684,.F.);
#6049=ORIENTED_EDGE('',*,*,#4276,.F.);
#6050=ORIENTED_EDGE('',*,*,#4684,.T.);
#6051=ORIENTED_EDGE('',*,*,#4685,.F.);
#6052=ORIENTED_EDGE('',*,*,#4686,.F.);
#6053=ORIENTED_EDGE('',*,*,#4277,.F.);
#6054=ORIENTED_EDGE('',*,*,#4686,.T.);
#6055=ORIENTED_EDGE('',*,*,#4687,.F.);
#6056=ORIENTED_EDGE('',*,*,#4680,.F.);
#6057=ORIENTED_EDGE('',*,*,#4282,.F.);
#6058=ORIENTED_EDGE('',*,*,#4688,.T.);
#6059=ORIENTED_EDGE('',*,*,#4689,.F.);
#6060=ORIENTED_EDGE('',*,*,#4690,.F.);
#6061=ORIENTED_EDGE('',*,*,#4283,.F.);
#6062=ORIENTED_EDGE('',*,*,#4690,.T.);
#6063=ORIENTED_EDGE('',*,*,#4691,.F.);
#6064=ORIENTED_EDGE('',*,*,#4692,.F.);
#6065=ORIENTED_EDGE('',*,*,#4280,.F.);
#6066=ORIENTED_EDGE('',*,*,#4692,.T.);
#6067=ORIENTED_EDGE('',*,*,#4693,.F.);
#6068=ORIENTED_EDGE('',*,*,#4694,.F.);
#6069=ORIENTED_EDGE('',*,*,#4281,.F.);
#6070=ORIENTED_EDGE('',*,*,#4694,.T.);
#6071=ORIENTED_EDGE('',*,*,#4695,.F.);
#6072=ORIENTED_EDGE('',*,*,#4688,.F.);
#6073=ORIENTED_EDGE('',*,*,#4286,.F.);
#6074=ORIENTED_EDGE('',*,*,#4696,.T.);
#6075=ORIENTED_EDGE('',*,*,#4697,.F.);
#6076=ORIENTED_EDGE('',*,*,#4698,.F.);
#6077=ORIENTED_EDGE('',*,*,#4287,.F.);
#6078=ORIENTED_EDGE('',*,*,#4698,.T.);
#6079=ORIENTED_EDGE('',*,*,#4699,.F.);
#6080=ORIENTED_EDGE('',*,*,#4700,.F.);
#6081=ORIENTED_EDGE('',*,*,#4284,.F.);
#6082=ORIENTED_EDGE('',*,*,#4700,.T.);
#6083=ORIENTED_EDGE('',*,*,#4701,.F.);
#6084=ORIENTED_EDGE('',*,*,#4702,.F.);
#6085=ORIENTED_EDGE('',*,*,#4285,.F.);
#6086=ORIENTED_EDGE('',*,*,#4702,.T.);
#6087=ORIENTED_EDGE('',*,*,#4703,.F.);
#6088=ORIENTED_EDGE('',*,*,#4696,.F.);
#6089=ORIENTED_EDGE('',*,*,#4290,.F.);
#6090=ORIENTED_EDGE('',*,*,#4704,.T.);
#6091=ORIENTED_EDGE('',*,*,#4705,.F.);
#6092=ORIENTED_EDGE('',*,*,#4706,.F.);
#6093=ORIENTED_EDGE('',*,*,#4291,.F.);
#6094=ORIENTED_EDGE('',*,*,#4706,.T.);
#6095=ORIENTED_EDGE('',*,*,#4707,.F.);
#6096=ORIENTED_EDGE('',*,*,#4708,.F.);
#6097=ORIENTED_EDGE('',*,*,#4288,.F.);
#6098=ORIENTED_EDGE('',*,*,#4708,.T.);
#6099=ORIENTED_EDGE('',*,*,#4709,.F.);
#6100=ORIENTED_EDGE('',*,*,#4710,.F.);
#6101=ORIENTED_EDGE('',*,*,#4289,.F.);
#6102=ORIENTED_EDGE('',*,*,#4710,.T.);
#6103=ORIENTED_EDGE('',*,*,#4711,.F.);
#6104=ORIENTED_EDGE('',*,*,#4704,.F.);
#6105=ORIENTED_EDGE('',*,*,#4294,.F.);
#6106=ORIENTED_EDGE('',*,*,#4712,.T.);
#6107=ORIENTED_EDGE('',*,*,#4713,.F.);
#6108=ORIENTED_EDGE('',*,*,#4714,.F.);
#6109=ORIENTED_EDGE('',*,*,#4295,.F.);
#6110=ORIENTED_EDGE('',*,*,#4714,.T.);
#6111=ORIENTED_EDGE('',*,*,#4715,.F.);
#6112=ORIENTED_EDGE('',*,*,#4716,.F.);
#6113=ORIENTED_EDGE('',*,*,#4292,.F.);
#6114=ORIENTED_EDGE('',*,*,#4716,.T.);
#6115=ORIENTED_EDGE('',*,*,#4717,.F.);
#6116=ORIENTED_EDGE('',*,*,#4718,.F.);
#6117=ORIENTED_EDGE('',*,*,#4293,.F.);
#6118=ORIENTED_EDGE('',*,*,#4718,.T.);
#6119=ORIENTED_EDGE('',*,*,#4719,.F.);
#6120=ORIENTED_EDGE('',*,*,#4712,.F.);
#6121=ORIENTED_EDGE('',*,*,#4298,.F.);
#6122=ORIENTED_EDGE('',*,*,#4720,.T.);
#6123=ORIENTED_EDGE('',*,*,#4721,.F.);
#6124=ORIENTED_EDGE('',*,*,#4722,.F.);
#6125=ORIENTED_EDGE('',*,*,#4299,.F.);
#6126=ORIENTED_EDGE('',*,*,#4722,.T.);
#6127=ORIENTED_EDGE('',*,*,#4723,.F.);
#6128=ORIENTED_EDGE('',*,*,#4724,.F.);
#6129=ORIENTED_EDGE('',*,*,#4296,.F.);
#6130=ORIENTED_EDGE('',*,*,#4724,.T.);
#6131=ORIENTED_EDGE('',*,*,#4725,.F.);
#6132=ORIENTED_EDGE('',*,*,#4726,.F.);
#6133=ORIENTED_EDGE('',*,*,#4297,.F.);
#6134=ORIENTED_EDGE('',*,*,#4726,.T.);
#6135=ORIENTED_EDGE('',*,*,#4727,.F.);
#6136=ORIENTED_EDGE('',*,*,#4720,.F.);
#6137=ORIENTED_EDGE('',*,*,#4302,.F.);
#6138=ORIENTED_EDGE('',*,*,#4728,.T.);
#6139=ORIENTED_EDGE('',*,*,#4729,.F.);
#6140=ORIENTED_EDGE('',*,*,#4730,.F.);
#6141=ORIENTED_EDGE('',*,*,#4303,.F.);
#6142=ORIENTED_EDGE('',*,*,#4730,.T.);
#6143=ORIENTED_EDGE('',*,*,#4731,.F.);
#6144=ORIENTED_EDGE('',*,*,#4732,.F.);
#6145=ORIENTED_EDGE('',*,*,#4300,.F.);
#6146=ORIENTED_EDGE('',*,*,#4732,.T.);
#6147=ORIENTED_EDGE('',*,*,#4733,.F.);
#6148=ORIENTED_EDGE('',*,*,#4734,.F.);
#6149=ORIENTED_EDGE('',*,*,#4301,.F.);
#6150=ORIENTED_EDGE('',*,*,#4734,.T.);
#6151=ORIENTED_EDGE('',*,*,#4735,.F.);
#6152=ORIENTED_EDGE('',*,*,#4728,.F.);
#6153=ORIENTED_EDGE('',*,*,#4306,.F.);
#6154=ORIENTED_EDGE('',*,*,#4736,.T.);
#6155=ORIENTED_EDGE('',*,*,#4737,.F.);
#6156=ORIENTED_EDGE('',*,*,#4738,.F.);
#6157=ORIENTED_EDGE('',*,*,#4307,.F.);
#6158=ORIENTED_EDGE('',*,*,#4738,.T.);
#6159=ORIENTED_EDGE('',*,*,#4739,.F.);
#6160=ORIENTED_EDGE('',*,*,#4740,.F.);
#6161=ORIENTED_EDGE('',*,*,#4304,.F.);
#6162=ORIENTED_EDGE('',*,*,#4740,.T.);
#6163=ORIENTED_EDGE('',*,*,#4741,.F.);
#6164=ORIENTED_EDGE('',*,*,#4742,.F.);
#6165=ORIENTED_EDGE('',*,*,#4305,.F.);
#6166=ORIENTED_EDGE('',*,*,#4742,.T.);
#6167=ORIENTED_EDGE('',*,*,#4743,.F.);
#6168=ORIENTED_EDGE('',*,*,#4736,.F.);
#6169=ORIENTED_EDGE('',*,*,#4310,.F.);
#6170=ORIENTED_EDGE('',*,*,#4744,.T.);
#6171=ORIENTED_EDGE('',*,*,#4745,.F.);
#6172=ORIENTED_EDGE('',*,*,#4746,.F.);
#6173=ORIENTED_EDGE('',*,*,#4311,.F.);
#6174=ORIENTED_EDGE('',*,*,#4746,.T.);
#6175=ORIENTED_EDGE('',*,*,#4747,.F.);
#6176=ORIENTED_EDGE('',*,*,#4748,.F.);
#6177=ORIENTED_EDGE('',*,*,#4308,.F.);
#6178=ORIENTED_EDGE('',*,*,#4748,.T.);
#6179=ORIENTED_EDGE('',*,*,#4749,.F.);
#6180=ORIENTED_EDGE('',*,*,#4750,.F.);
#6181=ORIENTED_EDGE('',*,*,#4309,.F.);
#6182=ORIENTED_EDGE('',*,*,#4750,.T.);
#6183=ORIENTED_EDGE('',*,*,#4751,.F.);
#6184=ORIENTED_EDGE('',*,*,#4744,.F.);
#6185=ORIENTED_EDGE('',*,*,#4314,.F.);
#6186=ORIENTED_EDGE('',*,*,#4752,.T.);
#6187=ORIENTED_EDGE('',*,*,#4753,.F.);
#6188=ORIENTED_EDGE('',*,*,#4754,.F.);
#6189=ORIENTED_EDGE('',*,*,#4315,.F.);
#6190=ORIENTED_EDGE('',*,*,#4754,.T.);
#6191=ORIENTED_EDGE('',*,*,#4755,.F.);
#6192=ORIENTED_EDGE('',*,*,#4756,.F.);
#6193=ORIENTED_EDGE('',*,*,#4312,.F.);
#6194=ORIENTED_EDGE('',*,*,#4756,.T.);
#6195=ORIENTED_EDGE('',*,*,#4757,.F.);
#6196=ORIENTED_EDGE('',*,*,#4758,.F.);
#6197=ORIENTED_EDGE('',*,*,#4313,.F.);
#6198=ORIENTED_EDGE('',*,*,#4758,.T.);
#6199=ORIENTED_EDGE('',*,*,#4759,.F.);
#6200=ORIENTED_EDGE('',*,*,#4752,.F.);
#6201=ORIENTED_EDGE('',*,*,#4318,.F.);
#6202=ORIENTED_EDGE('',*,*,#4760,.T.);
#6203=ORIENTED_EDGE('',*,*,#4761,.F.);
#6204=ORIENTED_EDGE('',*,*,#4762,.F.);
#6205=ORIENTED_EDGE('',*,*,#4319,.F.);
#6206=ORIENTED_EDGE('',*,*,#4762,.T.);
#6207=ORIENTED_EDGE('',*,*,#4763,.F.);
#6208=ORIENTED_EDGE('',*,*,#4764,.F.);
#6209=ORIENTED_EDGE('',*,*,#4316,.F.);
#6210=ORIENTED_EDGE('',*,*,#4764,.T.);
#6211=ORIENTED_EDGE('',*,*,#4765,.F.);
#6212=ORIENTED_EDGE('',*,*,#4766,.F.);
#6213=ORIENTED_EDGE('',*,*,#4317,.F.);
#6214=ORIENTED_EDGE('',*,*,#4766,.T.);
#6215=ORIENTED_EDGE('',*,*,#4767,.F.);
#6216=ORIENTED_EDGE('',*,*,#4760,.F.);
#6217=ORIENTED_EDGE('',*,*,#4322,.F.);
#6218=ORIENTED_EDGE('',*,*,#4768,.T.);
#6219=ORIENTED_EDGE('',*,*,#4769,.F.);
#6220=ORIENTED_EDGE('',*,*,#4770,.F.);
#6221=ORIENTED_EDGE('',*,*,#4323,.F.);
#6222=ORIENTED_EDGE('',*,*,#4770,.T.);
#6223=ORIENTED_EDGE('',*,*,#4771,.F.);
#6224=ORIENTED_EDGE('',*,*,#4772,.F.);
#6225=ORIENTED_EDGE('',*,*,#4320,.F.);
#6226=ORIENTED_EDGE('',*,*,#4772,.T.);
#6227=ORIENTED_EDGE('',*,*,#4773,.F.);
#6228=ORIENTED_EDGE('',*,*,#4774,.F.);
#6229=ORIENTED_EDGE('',*,*,#4321,.F.);
#6230=ORIENTED_EDGE('',*,*,#4774,.T.);
#6231=ORIENTED_EDGE('',*,*,#4775,.F.);
#6232=ORIENTED_EDGE('',*,*,#4768,.F.);
#6233=ORIENTED_EDGE('',*,*,#4326,.F.);
#6234=ORIENTED_EDGE('',*,*,#4776,.T.);
#6235=ORIENTED_EDGE('',*,*,#4777,.F.);
#6236=ORIENTED_EDGE('',*,*,#4778,.F.);
#6237=ORIENTED_EDGE('',*,*,#4327,.F.);
#6238=ORIENTED_EDGE('',*,*,#4778,.T.);
#6239=ORIENTED_EDGE('',*,*,#4779,.F.);
#6240=ORIENTED_EDGE('',*,*,#4780,.F.);
#6241=ORIENTED_EDGE('',*,*,#4324,.F.);
#6242=ORIENTED_EDGE('',*,*,#4780,.T.);
#6243=ORIENTED_EDGE('',*,*,#4781,.F.);
#6244=ORIENTED_EDGE('',*,*,#4782,.F.);
#6245=ORIENTED_EDGE('',*,*,#4325,.F.);
#6246=ORIENTED_EDGE('',*,*,#4782,.T.);
#6247=ORIENTED_EDGE('',*,*,#4783,.F.);
#6248=ORIENTED_EDGE('',*,*,#4776,.F.);
#6249=ORIENTED_EDGE('',*,*,#4330,.F.);
#6250=ORIENTED_EDGE('',*,*,#4784,.T.);
#6251=ORIENTED_EDGE('',*,*,#4785,.F.);
#6252=ORIENTED_EDGE('',*,*,#4786,.F.);
#6253=ORIENTED_EDGE('',*,*,#4331,.F.);
#6254=ORIENTED_EDGE('',*,*,#4786,.T.);
#6255=ORIENTED_EDGE('',*,*,#4787,.F.);
#6256=ORIENTED_EDGE('',*,*,#4788,.F.);
#6257=ORIENTED_EDGE('',*,*,#4328,.F.);
#6258=ORIENTED_EDGE('',*,*,#4788,.T.);
#6259=ORIENTED_EDGE('',*,*,#4789,.F.);
#6260=ORIENTED_EDGE('',*,*,#4790,.F.);
#6261=ORIENTED_EDGE('',*,*,#4329,.F.);
#6262=ORIENTED_EDGE('',*,*,#4790,.T.);
#6263=ORIENTED_EDGE('',*,*,#4791,.F.);
#6264=ORIENTED_EDGE('',*,*,#4784,.F.);
#6265=ORIENTED_EDGE('',*,*,#4334,.F.);
#6266=ORIENTED_EDGE('',*,*,#4792,.T.);
#6267=ORIENTED_EDGE('',*,*,#4793,.F.);
#6268=ORIENTED_EDGE('',*,*,#4794,.F.);
#6269=ORIENTED_EDGE('',*,*,#4335,.F.);
#6270=ORIENTED_EDGE('',*,*,#4794,.T.);
#6271=ORIENTED_EDGE('',*,*,#4795,.F.);
#6272=ORIENTED_EDGE('',*,*,#4796,.F.);
#6273=ORIENTED_EDGE('',*,*,#4332,.F.);
#6274=ORIENTED_EDGE('',*,*,#4796,.T.);
#6275=ORIENTED_EDGE('',*,*,#4797,.F.);
#6276=ORIENTED_EDGE('',*,*,#4798,.F.);
#6277=ORIENTED_EDGE('',*,*,#4333,.F.);
#6278=ORIENTED_EDGE('',*,*,#4798,.T.);
#6279=ORIENTED_EDGE('',*,*,#4799,.F.);
#6280=ORIENTED_EDGE('',*,*,#4792,.F.);
#6281=ORIENTED_EDGE('',*,*,#4338,.F.);
#6282=ORIENTED_EDGE('',*,*,#4800,.T.);
#6283=ORIENTED_EDGE('',*,*,#4801,.F.);
#6284=ORIENTED_EDGE('',*,*,#4802,.F.);
#6285=ORIENTED_EDGE('',*,*,#4339,.F.);
#6286=ORIENTED_EDGE('',*,*,#4802,.T.);
#6287=ORIENTED_EDGE('',*,*,#4803,.F.);
#6288=ORIENTED_EDGE('',*,*,#4804,.F.);
#6289=ORIENTED_EDGE('',*,*,#4336,.F.);
#6290=ORIENTED_EDGE('',*,*,#4804,.T.);
#6291=ORIENTED_EDGE('',*,*,#4805,.F.);
#6292=ORIENTED_EDGE('',*,*,#4806,.F.);
#6293=ORIENTED_EDGE('',*,*,#4337,.F.);
#6294=ORIENTED_EDGE('',*,*,#4806,.T.);
#6295=ORIENTED_EDGE('',*,*,#4807,.F.);
#6296=ORIENTED_EDGE('',*,*,#4800,.F.);
#6297=ORIENTED_EDGE('',*,*,#4342,.F.);
#6298=ORIENTED_EDGE('',*,*,#4808,.T.);
#6299=ORIENTED_EDGE('',*,*,#4809,.F.);
#6300=ORIENTED_EDGE('',*,*,#4810,.F.);
#6301=ORIENTED_EDGE('',*,*,#4343,.F.);
#6302=ORIENTED_EDGE('',*,*,#4810,.T.);
#6303=ORIENTED_EDGE('',*,*,#4811,.F.);
#6304=ORIENTED_EDGE('',*,*,#4812,.F.);
#6305=ORIENTED_EDGE('',*,*,#4340,.F.);
#6306=ORIENTED_EDGE('',*,*,#4812,.T.);
#6307=ORIENTED_EDGE('',*,*,#4813,.F.);
#6308=ORIENTED_EDGE('',*,*,#4814,.F.);
#6309=ORIENTED_EDGE('',*,*,#4341,.F.);
#6310=ORIENTED_EDGE('',*,*,#4814,.T.);
#6311=ORIENTED_EDGE('',*,*,#4815,.F.);
#6312=ORIENTED_EDGE('',*,*,#4808,.F.);
#6313=ORIENTED_EDGE('',*,*,#4346,.F.);
#6314=ORIENTED_EDGE('',*,*,#4816,.T.);
#6315=ORIENTED_EDGE('',*,*,#4817,.F.);
#6316=ORIENTED_EDGE('',*,*,#4818,.F.);
#6317=ORIENTED_EDGE('',*,*,#4347,.F.);
#6318=ORIENTED_EDGE('',*,*,#4818,.T.);
#6319=ORIENTED_EDGE('',*,*,#4819,.F.);
#6320=ORIENTED_EDGE('',*,*,#4820,.F.);
#6321=ORIENTED_EDGE('',*,*,#4344,.F.);
#6322=ORIENTED_EDGE('',*,*,#4820,.T.);
#6323=ORIENTED_EDGE('',*,*,#4821,.F.);
#6324=ORIENTED_EDGE('',*,*,#4822,.F.);
#6325=ORIENTED_EDGE('',*,*,#4345,.F.);
#6326=ORIENTED_EDGE('',*,*,#4822,.T.);
#6327=ORIENTED_EDGE('',*,*,#4823,.F.);
#6328=ORIENTED_EDGE('',*,*,#4816,.F.);
#6329=ORIENTED_EDGE('',*,*,#4350,.F.);
#6330=ORIENTED_EDGE('',*,*,#4824,.T.);
#6331=ORIENTED_EDGE('',*,*,#4825,.F.);
#6332=ORIENTED_EDGE('',*,*,#4826,.F.);
#6333=ORIENTED_EDGE('',*,*,#4351,.F.);
#6334=ORIENTED_EDGE('',*,*,#4826,.T.);
#6335=ORIENTED_EDGE('',*,*,#4827,.F.);
#6336=ORIENTED_EDGE('',*,*,#4828,.F.);
#6337=ORIENTED_EDGE('',*,*,#4348,.F.);
#6338=ORIENTED_EDGE('',*,*,#4828,.T.);
#6339=ORIENTED_EDGE('',*,*,#4829,.F.);
#6340=ORIENTED_EDGE('',*,*,#4830,.F.);
#6341=ORIENTED_EDGE('',*,*,#4349,.F.);
#6342=ORIENTED_EDGE('',*,*,#4830,.T.);
#6343=ORIENTED_EDGE('',*,*,#4831,.F.);
#6344=ORIENTED_EDGE('',*,*,#4824,.F.);
#6345=ORIENTED_EDGE('',*,*,#4354,.F.);
#6346=ORIENTED_EDGE('',*,*,#4832,.T.);
#6347=ORIENTED_EDGE('',*,*,#4833,.F.);
#6348=ORIENTED_EDGE('',*,*,#4834,.F.);
#6349=ORIENTED_EDGE('',*,*,#4355,.F.);
#6350=ORIENTED_EDGE('',*,*,#4834,.T.);
#6351=ORIENTED_EDGE('',*,*,#4835,.F.);
#6352=ORIENTED_EDGE('',*,*,#4836,.F.);
#6353=ORIENTED_EDGE('',*,*,#4352,.F.);
#6354=ORIENTED_EDGE('',*,*,#4836,.T.);
#6355=ORIENTED_EDGE('',*,*,#4837,.F.);
#6356=ORIENTED_EDGE('',*,*,#4838,.F.);
#6357=ORIENTED_EDGE('',*,*,#4353,.F.);
#6358=ORIENTED_EDGE('',*,*,#4838,.T.);
#6359=ORIENTED_EDGE('',*,*,#4839,.F.);
#6360=ORIENTED_EDGE('',*,*,#4832,.F.);
#6361=ORIENTED_EDGE('',*,*,#4358,.F.);
#6362=ORIENTED_EDGE('',*,*,#4840,.T.);
#6363=ORIENTED_EDGE('',*,*,#4841,.F.);
#6364=ORIENTED_EDGE('',*,*,#4842,.F.);
#6365=ORIENTED_EDGE('',*,*,#4359,.F.);
#6366=ORIENTED_EDGE('',*,*,#4842,.T.);
#6367=ORIENTED_EDGE('',*,*,#4843,.F.);
#6368=ORIENTED_EDGE('',*,*,#4844,.F.);
#6369=ORIENTED_EDGE('',*,*,#4356,.F.);
#6370=ORIENTED_EDGE('',*,*,#4844,.T.);
#6371=ORIENTED_EDGE('',*,*,#4845,.F.);
#6372=ORIENTED_EDGE('',*,*,#4846,.F.);
#6373=ORIENTED_EDGE('',*,*,#4357,.F.);
#6374=ORIENTED_EDGE('',*,*,#4846,.T.);
#6375=ORIENTED_EDGE('',*,*,#4847,.F.);
#6376=ORIENTED_EDGE('',*,*,#4840,.F.);
#6377=ORIENTED_EDGE('',*,*,#4362,.F.);
#6378=ORIENTED_EDGE('',*,*,#4848,.T.);
#6379=ORIENTED_EDGE('',*,*,#4849,.F.);
#6380=ORIENTED_EDGE('',*,*,#4850,.F.);
#6381=ORIENTED_EDGE('',*,*,#4363,.F.);
#6382=ORIENTED_EDGE('',*,*,#4850,.T.);
#6383=ORIENTED_EDGE('',*,*,#4851,.F.);
#6384=ORIENTED_EDGE('',*,*,#4852,.F.);
#6385=ORIENTED_EDGE('',*,*,#4360,.F.);
#6386=ORIENTED_EDGE('',*,*,#4852,.T.);
#6387=ORIENTED_EDGE('',*,*,#4853,.F.);
#6388=ORIENTED_EDGE('',*,*,#4854,.F.);
#6389=ORIENTED_EDGE('',*,*,#4361,.F.);
#6390=ORIENTED_EDGE('',*,*,#4854,.T.);
#6391=ORIENTED_EDGE('',*,*,#4855,.F.);
#6392=ORIENTED_EDGE('',*,*,#4848,.F.);
#6393=ORIENTED_EDGE('',*,*,#4366,.F.);
#6394=ORIENTED_EDGE('',*,*,#4856,.T.);
#6395=ORIENTED_EDGE('',*,*,#4857,.F.);
#6396=ORIENTED_EDGE('',*,*,#4858,.F.);
#6397=ORIENTED_EDGE('',*,*,#4367,.F.);
#6398=ORIENTED_EDGE('',*,*,#4858,.T.);
#6399=ORIENTED_EDGE('',*,*,#4859,.F.);
#6400=ORIENTED_EDGE('',*,*,#4860,.F.);
#6401=ORIENTED_EDGE('',*,*,#4364,.F.);
#6402=ORIENTED_EDGE('',*,*,#4860,.T.);
#6403=ORIENTED_EDGE('',*,*,#4861,.F.);
#6404=ORIENTED_EDGE('',*,*,#4862,.F.);
#6405=ORIENTED_EDGE('',*,*,#4365,.F.);
#6406=ORIENTED_EDGE('',*,*,#4862,.T.);
#6407=ORIENTED_EDGE('',*,*,#4863,.F.);
#6408=ORIENTED_EDGE('',*,*,#4856,.F.);
#6409=ORIENTED_EDGE('',*,*,#4370,.F.);
#6410=ORIENTED_EDGE('',*,*,#4864,.T.);
#6411=ORIENTED_EDGE('',*,*,#4865,.F.);
#6412=ORIENTED_EDGE('',*,*,#4866,.F.);
#6413=ORIENTED_EDGE('',*,*,#4371,.F.);
#6414=ORIENTED_EDGE('',*,*,#4866,.T.);
#6415=ORIENTED_EDGE('',*,*,#4867,.F.);
#6416=ORIENTED_EDGE('',*,*,#4868,.F.);
#6417=ORIENTED_EDGE('',*,*,#4368,.F.);
#6418=ORIENTED_EDGE('',*,*,#4868,.T.);
#6419=ORIENTED_EDGE('',*,*,#4869,.F.);
#6420=ORIENTED_EDGE('',*,*,#4870,.F.);
#6421=ORIENTED_EDGE('',*,*,#4369,.F.);
#6422=ORIENTED_EDGE('',*,*,#4870,.T.);
#6423=ORIENTED_EDGE('',*,*,#4871,.F.);
#6424=ORIENTED_EDGE('',*,*,#4864,.F.);
#6425=ORIENTED_EDGE('',*,*,#4374,.F.);
#6426=ORIENTED_EDGE('',*,*,#4872,.T.);
#6427=ORIENTED_EDGE('',*,*,#4873,.F.);
#6428=ORIENTED_EDGE('',*,*,#4874,.F.);
#6429=ORIENTED_EDGE('',*,*,#4375,.F.);
#6430=ORIENTED_EDGE('',*,*,#4874,.T.);
#6431=ORIENTED_EDGE('',*,*,#4875,.F.);
#6432=ORIENTED_EDGE('',*,*,#4876,.F.);
#6433=ORIENTED_EDGE('',*,*,#4372,.F.);
#6434=ORIENTED_EDGE('',*,*,#4876,.T.);
#6435=ORIENTED_EDGE('',*,*,#4877,.F.);
#6436=ORIENTED_EDGE('',*,*,#4878,.F.);
#6437=ORIENTED_EDGE('',*,*,#4373,.F.);
#6438=ORIENTED_EDGE('',*,*,#4878,.T.);
#6439=ORIENTED_EDGE('',*,*,#4879,.F.);
#6440=ORIENTED_EDGE('',*,*,#4872,.F.);
#6441=ORIENTED_EDGE('',*,*,#4378,.F.);
#6442=ORIENTED_EDGE('',*,*,#4880,.T.);
#6443=ORIENTED_EDGE('',*,*,#4881,.F.);
#6444=ORIENTED_EDGE('',*,*,#4882,.F.);
#6445=ORIENTED_EDGE('',*,*,#4379,.F.);
#6446=ORIENTED_EDGE('',*,*,#4882,.T.);
#6447=ORIENTED_EDGE('',*,*,#4883,.F.);
#6448=ORIENTED_EDGE('',*,*,#4884,.F.);
#6449=ORIENTED_EDGE('',*,*,#4376,.F.);
#6450=ORIENTED_EDGE('',*,*,#4884,.T.);
#6451=ORIENTED_EDGE('',*,*,#4885,.F.);
#6452=ORIENTED_EDGE('',*,*,#4886,.F.);
#6453=ORIENTED_EDGE('',*,*,#4377,.F.);
#6454=ORIENTED_EDGE('',*,*,#4886,.T.);
#6455=ORIENTED_EDGE('',*,*,#4887,.F.);
#6456=ORIENTED_EDGE('',*,*,#4880,.F.);
#6457=ORIENTED_EDGE('',*,*,#4382,.F.);
#6458=ORIENTED_EDGE('',*,*,#4888,.T.);
#6459=ORIENTED_EDGE('',*,*,#4889,.F.);
#6460=ORIENTED_EDGE('',*,*,#4890,.F.);
#6461=ORIENTED_EDGE('',*,*,#4383,.F.);
#6462=ORIENTED_EDGE('',*,*,#4890,.T.);
#6463=ORIENTED_EDGE('',*,*,#4891,.F.);
#6464=ORIENTED_EDGE('',*,*,#4892,.F.);
#6465=ORIENTED_EDGE('',*,*,#4380,.F.);
#6466=ORIENTED_EDGE('',*,*,#4892,.T.);
#6467=ORIENTED_EDGE('',*,*,#4893,.F.);
#6468=ORIENTED_EDGE('',*,*,#4894,.F.);
#6469=ORIENTED_EDGE('',*,*,#4381,.F.);
#6470=ORIENTED_EDGE('',*,*,#4894,.T.);
#6471=ORIENTED_EDGE('',*,*,#4895,.F.);
#6472=ORIENTED_EDGE('',*,*,#4888,.F.);
#6473=ORIENTED_EDGE('',*,*,#4386,.F.);
#6474=ORIENTED_EDGE('',*,*,#4896,.T.);
#6475=ORIENTED_EDGE('',*,*,#4897,.F.);
#6476=ORIENTED_EDGE('',*,*,#4898,.F.);
#6477=ORIENTED_EDGE('',*,*,#4387,.F.);
#6478=ORIENTED_EDGE('',*,*,#4898,.T.);
#6479=ORIENTED_EDGE('',*,*,#4899,.F.);
#6480=ORIENTED_EDGE('',*,*,#4900,.F.);
#6481=ORIENTED_EDGE('',*,*,#4384,.F.);
#6482=ORIENTED_EDGE('',*,*,#4900,.T.);
#6483=ORIENTED_EDGE('',*,*,#4901,.F.);
#6484=ORIENTED_EDGE('',*,*,#4902,.F.);
#6485=ORIENTED_EDGE('',*,*,#4385,.F.);
#6486=ORIENTED_EDGE('',*,*,#4902,.T.);
#6487=ORIENTED_EDGE('',*,*,#4903,.F.);
#6488=ORIENTED_EDGE('',*,*,#4896,.F.);
#6489=ORIENTED_EDGE('',*,*,#4390,.F.);
#6490=ORIENTED_EDGE('',*,*,#4904,.T.);
#6491=ORIENTED_EDGE('',*,*,#4905,.F.);
#6492=ORIENTED_EDGE('',*,*,#4906,.F.);
#6493=ORIENTED_EDGE('',*,*,#4391,.F.);
#6494=ORIENTED_EDGE('',*,*,#4906,.T.);
#6495=ORIENTED_EDGE('',*,*,#4907,.F.);
#6496=ORIENTED_EDGE('',*,*,#4908,.F.);
#6497=ORIENTED_EDGE('',*,*,#4388,.F.);
#6498=ORIENTED_EDGE('',*,*,#4908,.T.);
#6499=ORIENTED_EDGE('',*,*,#4909,.F.);
#6500=ORIENTED_EDGE('',*,*,#4910,.F.);
#6501=ORIENTED_EDGE('',*,*,#4389,.F.);
#6502=ORIENTED_EDGE('',*,*,#4910,.T.);
#6503=ORIENTED_EDGE('',*,*,#4911,.F.);
#6504=ORIENTED_EDGE('',*,*,#4904,.F.);
#6505=ORIENTED_EDGE('',*,*,#4394,.F.);
#6506=ORIENTED_EDGE('',*,*,#4912,.T.);
#6507=ORIENTED_EDGE('',*,*,#4913,.F.);
#6508=ORIENTED_EDGE('',*,*,#4914,.F.);
#6509=ORIENTED_EDGE('',*,*,#4395,.F.);
#6510=ORIENTED_EDGE('',*,*,#4914,.T.);
#6511=ORIENTED_EDGE('',*,*,#4915,.F.);
#6512=ORIENTED_EDGE('',*,*,#4916,.F.);
#6513=ORIENTED_EDGE('',*,*,#4392,.F.);
#6514=ORIENTED_EDGE('',*,*,#4916,.T.);
#6515=ORIENTED_EDGE('',*,*,#4917,.F.);
#6516=ORIENTED_EDGE('',*,*,#4918,.F.);
#6517=ORIENTED_EDGE('',*,*,#4393,.F.);
#6518=ORIENTED_EDGE('',*,*,#4918,.T.);
#6519=ORIENTED_EDGE('',*,*,#4919,.F.);
#6520=ORIENTED_EDGE('',*,*,#4912,.F.);
#6521=ORIENTED_EDGE('',*,*,#4134,.T.);
#6522=ORIENTED_EDGE('',*,*,#4920,.T.);
#6523=ORIENTED_EDGE('',*,*,#4921,.F.);
#6524=ORIENTED_EDGE('',*,*,#4398,.F.);
#6525=ORIENTED_EDGE('',*,*,#4132,.T.);
#6526=ORIENTED_EDGE('',*,*,#4397,.T.);
#6527=ORIENTED_EDGE('',*,*,#4922,.F.);
#6528=ORIENTED_EDGE('',*,*,#4923,.F.);
#6529=ORIENTED_EDGE('',*,*,#4133,.T.);
#6530=ORIENTED_EDGE('',*,*,#4923,.T.);
#6531=ORIENTED_EDGE('',*,*,#4924,.F.);
#6532=ORIENTED_EDGE('',*,*,#4920,.F.);
#6533=ORIENTED_EDGE('',*,*,#4121,.T.);
#6534=ORIENTED_EDGE('',*,*,#4399,.T.);
#6535=ORIENTED_EDGE('',*,*,#4921,.T.);
#6536=ORIENTED_EDGE('',*,*,#4924,.T.);
#6537=ORIENTED_EDGE('',*,*,#4922,.T.);
#6538=ORIENTED_EDGE('',*,*,#4396,.T.);
#6539=ORIENTED_EDGE('',*,*,#4125,.T.);
#6540=ORIENTED_EDGE('',*,*,#4129,.T.);
#6541=ORIENTED_EDGE('',*,*,#4405,.T.);
#6542=ORIENTED_EDGE('',*,*,#4403,.T.);
#6543=ORIENTED_EDGE('',*,*,#4401,.T.);
#6544=ORIENTED_EDGE('',*,*,#4407,.T.);
#6545=ORIENTED_EDGE('',*,*,#4413,.T.);
#6546=ORIENTED_EDGE('',*,*,#4411,.T.);
#6547=ORIENTED_EDGE('',*,*,#4409,.T.);
#6548=ORIENTED_EDGE('',*,*,#4415,.T.);
#6549=ORIENTED_EDGE('',*,*,#4421,.T.);
#6550=ORIENTED_EDGE('',*,*,#4419,.T.);
#6551=ORIENTED_EDGE('',*,*,#4417,.T.);
#6552=ORIENTED_EDGE('',*,*,#4423,.T.);
#6553=ORIENTED_EDGE('',*,*,#4429,.T.);
#6554=ORIENTED_EDGE('',*,*,#4427,.T.);
#6555=ORIENTED_EDGE('',*,*,#4425,.T.);
#6556=ORIENTED_EDGE('',*,*,#4431,.T.);
#6557=ORIENTED_EDGE('',*,*,#4437,.T.);
#6558=ORIENTED_EDGE('',*,*,#4435,.T.);
#6559=ORIENTED_EDGE('',*,*,#4433,.T.);
#6560=ORIENTED_EDGE('',*,*,#4439,.T.);
#6561=ORIENTED_EDGE('',*,*,#4445,.T.);
#6562=ORIENTED_EDGE('',*,*,#4443,.T.);
#6563=ORIENTED_EDGE('',*,*,#4441,.T.);
#6564=ORIENTED_EDGE('',*,*,#4447,.T.);
#6565=ORIENTED_EDGE('',*,*,#4453,.T.);
#6566=ORIENTED_EDGE('',*,*,#4451,.T.);
#6567=ORIENTED_EDGE('',*,*,#4449,.T.);
#6568=ORIENTED_EDGE('',*,*,#4455,.T.);
#6569=ORIENTED_EDGE('',*,*,#4461,.T.);
#6570=ORIENTED_EDGE('',*,*,#4459,.T.);
#6571=ORIENTED_EDGE('',*,*,#4457,.T.);
#6572=ORIENTED_EDGE('',*,*,#4463,.T.);
#6573=ORIENTED_EDGE('',*,*,#4469,.T.);
#6574=ORIENTED_EDGE('',*,*,#4467,.T.);
#6575=ORIENTED_EDGE('',*,*,#4465,.T.);
#6576=ORIENTED_EDGE('',*,*,#4471,.T.);
#6577=ORIENTED_EDGE('',*,*,#4477,.T.);
#6578=ORIENTED_EDGE('',*,*,#4475,.T.);
#6579=ORIENTED_EDGE('',*,*,#4473,.T.);
#6580=ORIENTED_EDGE('',*,*,#4479,.T.);
#6581=ORIENTED_EDGE('',*,*,#4485,.T.);
#6582=ORIENTED_EDGE('',*,*,#4483,.T.);
#6583=ORIENTED_EDGE('',*,*,#4481,.T.);
#6584=ORIENTED_EDGE('',*,*,#4487,.T.);
#6585=ORIENTED_EDGE('',*,*,#4493,.T.);
#6586=ORIENTED_EDGE('',*,*,#4491,.T.);
#6587=ORIENTED_EDGE('',*,*,#4489,.T.);
#6588=ORIENTED_EDGE('',*,*,#4495,.T.);
#6589=ORIENTED_EDGE('',*,*,#4501,.T.);
#6590=ORIENTED_EDGE('',*,*,#4499,.T.);
#6591=ORIENTED_EDGE('',*,*,#4497,.T.);
#6592=ORIENTED_EDGE('',*,*,#4503,.T.);
#6593=ORIENTED_EDGE('',*,*,#4509,.T.);
#6594=ORIENTED_EDGE('',*,*,#4507,.T.);
#6595=ORIENTED_EDGE('',*,*,#4505,.T.);
#6596=ORIENTED_EDGE('',*,*,#4511,.T.);
#6597=ORIENTED_EDGE('',*,*,#4517,.T.);
#6598=ORIENTED_EDGE('',*,*,#4515,.T.);
#6599=ORIENTED_EDGE('',*,*,#4513,.T.);
#6600=ORIENTED_EDGE('',*,*,#4519,.T.);
#6601=ORIENTED_EDGE('',*,*,#4525,.T.);
#6602=ORIENTED_EDGE('',*,*,#4523,.T.);
#6603=ORIENTED_EDGE('',*,*,#4521,.T.);
#6604=ORIENTED_EDGE('',*,*,#4527,.T.);
#6605=ORIENTED_EDGE('',*,*,#4533,.T.);
#6606=ORIENTED_EDGE('',*,*,#4531,.T.);
#6607=ORIENTED_EDGE('',*,*,#4529,.T.);
#6608=ORIENTED_EDGE('',*,*,#4535,.T.);
#6609=ORIENTED_EDGE('',*,*,#4541,.T.);
#6610=ORIENTED_EDGE('',*,*,#4539,.T.);
#6611=ORIENTED_EDGE('',*,*,#4537,.T.);
#6612=ORIENTED_EDGE('',*,*,#4543,.T.);
#6613=ORIENTED_EDGE('',*,*,#4549,.T.);
#6614=ORIENTED_EDGE('',*,*,#4547,.T.);
#6615=ORIENTED_EDGE('',*,*,#4545,.T.);
#6616=ORIENTED_EDGE('',*,*,#4551,.T.);
#6617=ORIENTED_EDGE('',*,*,#4557,.T.);
#6618=ORIENTED_EDGE('',*,*,#4555,.T.);
#6619=ORIENTED_EDGE('',*,*,#4553,.T.);
#6620=ORIENTED_EDGE('',*,*,#4559,.T.);
#6621=ORIENTED_EDGE('',*,*,#4565,.T.);
#6622=ORIENTED_EDGE('',*,*,#4563,.T.);
#6623=ORIENTED_EDGE('',*,*,#4561,.T.);
#6624=ORIENTED_EDGE('',*,*,#4567,.T.);
#6625=ORIENTED_EDGE('',*,*,#4573,.T.);
#6626=ORIENTED_EDGE('',*,*,#4571,.T.);
#6627=ORIENTED_EDGE('',*,*,#4569,.T.);
#6628=ORIENTED_EDGE('',*,*,#4575,.T.);
#6629=ORIENTED_EDGE('',*,*,#4581,.T.);
#6630=ORIENTED_EDGE('',*,*,#4579,.T.);
#6631=ORIENTED_EDGE('',*,*,#4577,.T.);
#6632=ORIENTED_EDGE('',*,*,#4583,.T.);
#6633=ORIENTED_EDGE('',*,*,#4589,.T.);
#6634=ORIENTED_EDGE('',*,*,#4587,.T.);
#6635=ORIENTED_EDGE('',*,*,#4585,.T.);
#6636=ORIENTED_EDGE('',*,*,#4591,.T.);
#6637=ORIENTED_EDGE('',*,*,#4597,.T.);
#6638=ORIENTED_EDGE('',*,*,#4595,.T.);
#6639=ORIENTED_EDGE('',*,*,#4593,.T.);
#6640=ORIENTED_EDGE('',*,*,#4599,.T.);
#6641=ORIENTED_EDGE('',*,*,#4605,.T.);
#6642=ORIENTED_EDGE('',*,*,#4603,.T.);
#6643=ORIENTED_EDGE('',*,*,#4601,.T.);
#6644=ORIENTED_EDGE('',*,*,#4607,.T.);
#6645=ORIENTED_EDGE('',*,*,#4613,.T.);
#6646=ORIENTED_EDGE('',*,*,#4611,.T.);
#6647=ORIENTED_EDGE('',*,*,#4609,.T.);
#6648=ORIENTED_EDGE('',*,*,#4615,.T.);
#6649=ORIENTED_EDGE('',*,*,#4621,.T.);
#6650=ORIENTED_EDGE('',*,*,#4619,.T.);
#6651=ORIENTED_EDGE('',*,*,#4617,.T.);
#6652=ORIENTED_EDGE('',*,*,#4623,.T.);
#6653=ORIENTED_EDGE('',*,*,#4629,.T.);
#6654=ORIENTED_EDGE('',*,*,#4627,.T.);
#6655=ORIENTED_EDGE('',*,*,#4625,.T.);
#6656=ORIENTED_EDGE('',*,*,#4631,.T.);
#6657=ORIENTED_EDGE('',*,*,#4637,.T.);
#6658=ORIENTED_EDGE('',*,*,#4635,.T.);
#6659=ORIENTED_EDGE('',*,*,#4633,.T.);
#6660=ORIENTED_EDGE('',*,*,#4639,.T.);
#6661=ORIENTED_EDGE('',*,*,#4645,.T.);
#6662=ORIENTED_EDGE('',*,*,#4643,.T.);
#6663=ORIENTED_EDGE('',*,*,#4641,.T.);
#6664=ORIENTED_EDGE('',*,*,#4647,.T.);
#6665=ORIENTED_EDGE('',*,*,#4653,.T.);
#6666=ORIENTED_EDGE('',*,*,#4651,.T.);
#6667=ORIENTED_EDGE('',*,*,#4649,.T.);
#6668=ORIENTED_EDGE('',*,*,#4655,.T.);
#6669=ORIENTED_EDGE('',*,*,#4661,.T.);
#6670=ORIENTED_EDGE('',*,*,#4659,.T.);
#6671=ORIENTED_EDGE('',*,*,#4657,.T.);
#6672=ORIENTED_EDGE('',*,*,#4663,.T.);
#6673=ORIENTED_EDGE('',*,*,#4669,.T.);
#6674=ORIENTED_EDGE('',*,*,#4667,.T.);
#6675=ORIENTED_EDGE('',*,*,#4665,.T.);
#6676=ORIENTED_EDGE('',*,*,#4671,.T.);
#6677=ORIENTED_EDGE('',*,*,#4677,.T.);
#6678=ORIENTED_EDGE('',*,*,#4675,.T.);
#6679=ORIENTED_EDGE('',*,*,#4673,.T.);
#6680=ORIENTED_EDGE('',*,*,#4679,.T.);
#6681=ORIENTED_EDGE('',*,*,#4685,.T.);
#6682=ORIENTED_EDGE('',*,*,#4683,.T.);
#6683=ORIENTED_EDGE('',*,*,#4681,.T.);
#6684=ORIENTED_EDGE('',*,*,#4687,.T.);
#6685=ORIENTED_EDGE('',*,*,#4693,.T.);
#6686=ORIENTED_EDGE('',*,*,#4691,.T.);
#6687=ORIENTED_EDGE('',*,*,#4689,.T.);
#6688=ORIENTED_EDGE('',*,*,#4695,.T.);
#6689=ORIENTED_EDGE('',*,*,#4701,.T.);
#6690=ORIENTED_EDGE('',*,*,#4699,.T.);
#6691=ORIENTED_EDGE('',*,*,#4697,.T.);
#6692=ORIENTED_EDGE('',*,*,#4703,.T.);
#6693=ORIENTED_EDGE('',*,*,#4709,.T.);
#6694=ORIENTED_EDGE('',*,*,#4707,.T.);
#6695=ORIENTED_EDGE('',*,*,#4705,.T.);
#6696=ORIENTED_EDGE('',*,*,#4711,.T.);
#6697=ORIENTED_EDGE('',*,*,#4717,.T.);
#6698=ORIENTED_EDGE('',*,*,#4715,.T.);
#6699=ORIENTED_EDGE('',*,*,#4713,.T.);
#6700=ORIENTED_EDGE('',*,*,#4719,.T.);
#6701=ORIENTED_EDGE('',*,*,#4725,.T.);
#6702=ORIENTED_EDGE('',*,*,#4723,.T.);
#6703=ORIENTED_EDGE('',*,*,#4721,.T.);
#6704=ORIENTED_EDGE('',*,*,#4727,.T.);
#6705=ORIENTED_EDGE('',*,*,#4733,.T.);
#6706=ORIENTED_EDGE('',*,*,#4731,.T.);
#6707=ORIENTED_EDGE('',*,*,#4729,.T.);
#6708=ORIENTED_EDGE('',*,*,#4735,.T.);
#6709=ORIENTED_EDGE('',*,*,#4741,.T.);
#6710=ORIENTED_EDGE('',*,*,#4739,.T.);
#6711=ORIENTED_EDGE('',*,*,#4737,.T.);
#6712=ORIENTED_EDGE('',*,*,#4743,.T.);
#6713=ORIENTED_EDGE('',*,*,#4749,.T.);
#6714=ORIENTED_EDGE('',*,*,#4747,.T.);
#6715=ORIENTED_EDGE('',*,*,#4745,.T.);
#6716=ORIENTED_EDGE('',*,*,#4751,.T.);
#6717=ORIENTED_EDGE('',*,*,#4757,.T.);
#6718=ORIENTED_EDGE('',*,*,#4755,.T.);
#6719=ORIENTED_EDGE('',*,*,#4753,.T.);
#6720=ORIENTED_EDGE('',*,*,#4759,.T.);
#6721=ORIENTED_EDGE('',*,*,#4765,.T.);
#6722=ORIENTED_EDGE('',*,*,#4763,.T.);
#6723=ORIENTED_EDGE('',*,*,#4761,.T.);
#6724=ORIENTED_EDGE('',*,*,#4767,.T.);
#6725=ORIENTED_EDGE('',*,*,#4773,.T.);
#6726=ORIENTED_EDGE('',*,*,#4771,.T.);
#6727=ORIENTED_EDGE('',*,*,#4769,.T.);
#6728=ORIENTED_EDGE('',*,*,#4775,.T.);
#6729=ORIENTED_EDGE('',*,*,#4781,.T.);
#6730=ORIENTED_EDGE('',*,*,#4779,.T.);
#6731=ORIENTED_EDGE('',*,*,#4777,.T.);
#6732=ORIENTED_EDGE('',*,*,#4783,.T.);
#6733=ORIENTED_EDGE('',*,*,#4789,.T.);
#6734=ORIENTED_EDGE('',*,*,#4787,.T.);
#6735=ORIENTED_EDGE('',*,*,#4785,.T.);
#6736=ORIENTED_EDGE('',*,*,#4791,.T.);
#6737=ORIENTED_EDGE('',*,*,#4797,.T.);
#6738=ORIENTED_EDGE('',*,*,#4795,.T.);
#6739=ORIENTED_EDGE('',*,*,#4793,.T.);
#6740=ORIENTED_EDGE('',*,*,#4799,.T.);
#6741=ORIENTED_EDGE('',*,*,#4805,.T.);
#6742=ORIENTED_EDGE('',*,*,#4803,.T.);
#6743=ORIENTED_EDGE('',*,*,#4801,.T.);
#6744=ORIENTED_EDGE('',*,*,#4807,.T.);
#6745=ORIENTED_EDGE('',*,*,#4813,.T.);
#6746=ORIENTED_EDGE('',*,*,#4811,.T.);
#6747=ORIENTED_EDGE('',*,*,#4809,.T.);
#6748=ORIENTED_EDGE('',*,*,#4815,.T.);
#6749=ORIENTED_EDGE('',*,*,#4821,.T.);
#6750=ORIENTED_EDGE('',*,*,#4819,.T.);
#6751=ORIENTED_EDGE('',*,*,#4817,.T.);
#6752=ORIENTED_EDGE('',*,*,#4823,.T.);
#6753=ORIENTED_EDGE('',*,*,#4829,.T.);
#6754=ORIENTED_EDGE('',*,*,#4827,.T.);
#6755=ORIENTED_EDGE('',*,*,#4825,.T.);
#6756=ORIENTED_EDGE('',*,*,#4831,.T.);
#6757=ORIENTED_EDGE('',*,*,#4837,.T.);
#6758=ORIENTED_EDGE('',*,*,#4835,.T.);
#6759=ORIENTED_EDGE('',*,*,#4833,.T.);
#6760=ORIENTED_EDGE('',*,*,#4839,.T.);
#6761=ORIENTED_EDGE('',*,*,#4845,.T.);
#6762=ORIENTED_EDGE('',*,*,#4843,.T.);
#6763=ORIENTED_EDGE('',*,*,#4841,.T.);
#6764=ORIENTED_EDGE('',*,*,#4847,.T.);
#6765=ORIENTED_EDGE('',*,*,#4853,.T.);
#6766=ORIENTED_EDGE('',*,*,#4851,.T.);
#6767=ORIENTED_EDGE('',*,*,#4849,.T.);
#6768=ORIENTED_EDGE('',*,*,#4855,.T.);
#6769=ORIENTED_EDGE('',*,*,#4861,.T.);
#6770=ORIENTED_EDGE('',*,*,#4859,.T.);
#6771=ORIENTED_EDGE('',*,*,#4857,.T.);
#6772=ORIENTED_EDGE('',*,*,#4863,.T.);
#6773=ORIENTED_EDGE('',*,*,#4869,.T.);
#6774=ORIENTED_EDGE('',*,*,#4867,.T.);
#6775=ORIENTED_EDGE('',*,*,#4865,.T.);
#6776=ORIENTED_EDGE('',*,*,#4871,.T.);
#6777=ORIENTED_EDGE('',*,*,#4877,.T.);
#6778=ORIENTED_EDGE('',*,*,#4875,.T.);
#6779=ORIENTED_EDGE('',*,*,#4873,.T.);
#6780=ORIENTED_EDGE('',*,*,#4879,.T.);
#6781=ORIENTED_EDGE('',*,*,#4885,.T.);
#6782=ORIENTED_EDGE('',*,*,#4883,.T.);
#6783=ORIENTED_EDGE('',*,*,#4881,.T.);
#6784=ORIENTED_EDGE('',*,*,#4887,.T.);
#6785=ORIENTED_EDGE('',*,*,#4893,.T.);
#6786=ORIENTED_EDGE('',*,*,#4891,.T.);
#6787=ORIENTED_EDGE('',*,*,#4889,.T.);
#6788=ORIENTED_EDGE('',*,*,#4895,.T.);
#6789=ORIENTED_EDGE('',*,*,#4901,.T.);
#6790=ORIENTED_EDGE('',*,*,#4899,.T.);
#6791=ORIENTED_EDGE('',*,*,#4897,.T.);
#6792=ORIENTED_EDGE('',*,*,#4903,.T.);
#6793=ORIENTED_EDGE('',*,*,#4909,.T.);
#6794=ORIENTED_EDGE('',*,*,#4907,.T.);
#6795=ORIENTED_EDGE('',*,*,#4905,.T.);
#6796=ORIENTED_EDGE('',*,*,#4911,.T.);
#6797=ORIENTED_EDGE('',*,*,#4917,.T.);
#6798=ORIENTED_EDGE('',*,*,#4915,.T.);
#6799=ORIENTED_EDGE('',*,*,#4913,.T.);
#6800=ORIENTED_EDGE('',*,*,#4919,.T.);
#6801=ORIENTED_EDGE('',*,*,#4119,.T.);
#6802=ORIENTED_EDGE('',*,*,#4099,.F.);
#6803=ORIENTED_EDGE('',*,*,#4103,.T.);
#6804=ORIENTED_EDGE('',*,*,#4106,.F.);
#6805=ORIENTED_EDGE('',*,*,#4109,.T.);
#6806=ORIENTED_EDGE('',*,*,#4112,.F.);
#6807=ORIENTED_EDGE('',*,*,#4115,.T.);
#6808=ORIENTED_EDGE('',*,*,#4118,.F.);
#6809=ORIENTED_EDGE('',*,*,#4084,.T.);
#6810=ORIENTED_EDGE('',*,*,#4075,.F.);
#6811=ORIENTED_EDGE('',*,*,#4079,.T.);
#6812=ORIENTED_EDGE('',*,*,#4094,.F.);
#6813=ORIENTED_EDGE('',*,*,#4095,.T.);
#6814=ORIENTED_EDGE('',*,*,#4088,.F.);
#6815=ORIENTED_EDGE('',*,*,#4090,.T.);
#6816=ORIENTED_EDGE('',*,*,#4082,.F.);
#6817=ORIENTED_EDGE('',*,*,#4070,.T.);
#6818=ORIENTED_EDGE('',*,*,#4067,.T.);
#6819=ORIENTED_EDGE('',*,*,#4064,.T.);
#6820=ORIENTED_EDGE('',*,*,#4061,.T.);
#6821=ORIENTED_EDGE('',*,*,#4925,.F.);
#6822=ORIENTED_EDGE('',*,*,#4926,.F.);
#6823=ORIENTED_EDGE('',*,*,#4927,.F.);
#6824=ORIENTED_EDGE('',*,*,#4928,.F.);
#6825=ORIENTED_EDGE('',*,*,#4929,.F.);
#6826=ORIENTED_EDGE('',*,*,#4930,.F.);
#6827=ORIENTED_EDGE('',*,*,#4931,.F.);
#6828=ORIENTED_EDGE('',*,*,#4932,.F.);
#6829=ORIENTED_EDGE('',*,*,#4928,.T.);
#6830=ORIENTED_EDGE('',*,*,#4933,.T.);
#6831=ORIENTED_EDGE('',*,*,#4934,.T.);
#6832=ORIENTED_EDGE('',*,*,#4935,.T.);
#6833=ORIENTED_EDGE('',*,*,#4927,.T.);
#6834=ORIENTED_EDGE('',*,*,#4936,.F.);
#6835=ORIENTED_EDGE('',*,*,#4937,.T.);
#6836=ORIENTED_EDGE('',*,*,#4933,.F.);
#6837=ORIENTED_EDGE('',*,*,#4926,.T.);
#6838=ORIENTED_EDGE('',*,*,#4938,.T.);
#6839=ORIENTED_EDGE('',*,*,#4939,.T.);
#6840=ORIENTED_EDGE('',*,*,#4936,.T.);
#6841=ORIENTED_EDGE('',*,*,#4925,.T.);
#6842=ORIENTED_EDGE('',*,*,#4940,.F.);
#6843=ORIENTED_EDGE('',*,*,#4941,.F.);
#6844=ORIENTED_EDGE('',*,*,#4938,.F.);
#6845=ORIENTED_EDGE('',*,*,#4942,.F.);
#6846=ORIENTED_EDGE('',*,*,#4943,.F.);
#6847=ORIENTED_EDGE('',*,*,#4944,.F.);
#6848=ORIENTED_EDGE('',*,*,#4945,.F.);
#6849=ORIENTED_EDGE('',*,*,#4946,.F.);
#6850=ORIENTED_EDGE('',*,*,#4947,.F.);
#6851=ORIENTED_EDGE('',*,*,#4948,.F.);
#6852=ORIENTED_EDGE('',*,*,#4949,.F.);
#6853=ORIENTED_EDGE('',*,*,#4950,.F.);
#6854=ORIENTED_EDGE('',*,*,#4951,.F.);
#6855=ORIENTED_EDGE('',*,*,#4952,.F.);
#6856=ORIENTED_EDGE('',*,*,#4953,.F.);
#6857=ORIENTED_EDGE('',*,*,#4954,.F.);
#6858=ORIENTED_EDGE('',*,*,#4955,.F.);
#6859=ORIENTED_EDGE('',*,*,#4956,.F.);
#6860=ORIENTED_EDGE('',*,*,#4957,.F.);
#6861=ORIENTED_EDGE('',*,*,#4932,.T.);
#6862=ORIENTED_EDGE('',*,*,#4958,.T.);
#6863=ORIENTED_EDGE('',*,*,#4959,.T.);
#6864=ORIENTED_EDGE('',*,*,#4940,.T.);
#6865=ORIENTED_EDGE('',*,*,#4945,.T.);
#6866=ORIENTED_EDGE('',*,*,#4960,.F.);
#6867=ORIENTED_EDGE('',*,*,#4961,.F.);
#6868=ORIENTED_EDGE('',*,*,#4962,.F.);
#6869=ORIENTED_EDGE('',*,*,#4944,.T.);
#6870=ORIENTED_EDGE('',*,*,#4963,.T.);
#6871=ORIENTED_EDGE('',*,*,#4964,.T.);
#6872=ORIENTED_EDGE('',*,*,#4960,.T.);
#6873=ORIENTED_EDGE('',*,*,#4943,.T.);
#6874=ORIENTED_EDGE('',*,*,#4965,.F.);
#6875=ORIENTED_EDGE('',*,*,#4966,.F.);
#6876=ORIENTED_EDGE('',*,*,#4963,.F.);
#6877=ORIENTED_EDGE('',*,*,#4942,.T.);
#6878=ORIENTED_EDGE('',*,*,#4967,.T.);
#6879=ORIENTED_EDGE('',*,*,#4968,.T.);
#6880=ORIENTED_EDGE('',*,*,#4965,.T.);
#6881=ORIENTED_EDGE('',*,*,#4968,.F.);
#6882=ORIENTED_EDGE('',*,*,#4969,.T.);
#6883=ORIENTED_EDGE('',*,*,#4970,.F.);
#6884=ORIENTED_EDGE('',*,*,#4971,.T.);
#6885=ORIENTED_EDGE('',*,*,#4972,.F.);
#6886=ORIENTED_EDGE('',*,*,#4961,.T.);
#6887=ORIENTED_EDGE('',*,*,#4964,.F.);
#6888=ORIENTED_EDGE('',*,*,#4966,.T.);
#6889=ORIENTED_EDGE('',*,*,#4973,.F.);
#6890=ORIENTED_EDGE('',*,*,#4974,.F.);
#6891=ORIENTED_EDGE('',*,*,#4975,.T.);
#6892=ORIENTED_EDGE('',*,*,#4934,.F.);
#6893=ORIENTED_EDGE('',*,*,#4937,.F.);
#6894=ORIENTED_EDGE('',*,*,#4939,.F.);
#6895=ORIENTED_EDGE('',*,*,#4941,.T.);
#6896=ORIENTED_EDGE('',*,*,#4959,.F.);
#6897=ORIENTED_EDGE('',*,*,#4976,.F.);
#6898=ORIENTED_EDGE('',*,*,#4977,.F.);
#6899=ORIENTED_EDGE('',*,*,#4978,.F.);
#6900=ORIENTED_EDGE('',*,*,#4979,.F.);
#6901=ORIENTED_EDGE('',*,*,#4980,.T.);
#6902=ORIENTED_EDGE('',*,*,#4981,.T.);
#6903=ORIENTED_EDGE('',*,*,#4982,.T.);
#6904=ORIENTED_EDGE('',*,*,#4983,.T.);
#6905=ORIENTED_EDGE('',*,*,#4946,.T.);
#6906=ORIENTED_EDGE('',*,*,#4962,.T.);
#6907=ORIENTED_EDGE('',*,*,#4972,.T.);
#6908=ORIENTED_EDGE('',*,*,#4984,.T.);
#6909=ORIENTED_EDGE('',*,*,#4948,.T.);
#6910=ORIENTED_EDGE('',*,*,#4985,.T.);
#6911=ORIENTED_EDGE('',*,*,#4970,.T.);
#6912=ORIENTED_EDGE('',*,*,#4986,.T.);
#6913=ORIENTED_EDGE('',*,*,#4947,.T.);
#6914=ORIENTED_EDGE('',*,*,#4984,.F.);
#6915=ORIENTED_EDGE('',*,*,#4971,.F.);
#6916=ORIENTED_EDGE('',*,*,#4985,.F.);
#6917=ORIENTED_EDGE('',*,*,#4957,.T.);
#6918=ORIENTED_EDGE('',*,*,#4987,.T.);
#6919=ORIENTED_EDGE('',*,*,#4983,.F.);
#6920=ORIENTED_EDGE('',*,*,#4987,.F.);
#6921=ORIENTED_EDGE('',*,*,#4956,.T.);
#6922=ORIENTED_EDGE('',*,*,#4988,.T.);
#6923=ORIENTED_EDGE('',*,*,#4982,.F.);
#6924=ORIENTED_EDGE('',*,*,#4988,.F.);
#6925=ORIENTED_EDGE('',*,*,#4955,.T.);
#6926=ORIENTED_EDGE('',*,*,#4989,.T.);
#6927=ORIENTED_EDGE('',*,*,#4981,.F.);
#6928=ORIENTED_EDGE('',*,*,#4989,.F.);
#6929=ORIENTED_EDGE('',*,*,#4954,.T.);
#6930=ORIENTED_EDGE('',*,*,#4990,.T.);
#6931=ORIENTED_EDGE('',*,*,#4980,.F.);
#6932=ORIENTED_EDGE('',*,*,#4990,.F.);
#6933=ORIENTED_EDGE('',*,*,#4953,.T.);
#6934=ORIENTED_EDGE('',*,*,#4991,.T.);
#6935=ORIENTED_EDGE('',*,*,#4979,.T.);
#6936=ORIENTED_EDGE('',*,*,#4991,.F.);
#6937=ORIENTED_EDGE('',*,*,#4952,.T.);
#6938=ORIENTED_EDGE('',*,*,#4992,.T.);
#6939=ORIENTED_EDGE('',*,*,#4978,.T.);
#6940=ORIENTED_EDGE('',*,*,#4992,.F.);
#6941=ORIENTED_EDGE('',*,*,#4951,.T.);
#6942=ORIENTED_EDGE('',*,*,#4993,.T.);
#6943=ORIENTED_EDGE('',*,*,#4977,.T.);
#6944=ORIENTED_EDGE('',*,*,#4993,.F.);
#6945=ORIENTED_EDGE('',*,*,#4931,.T.);
#6946=ORIENTED_EDGE('',*,*,#4994,.F.);
#6947=ORIENTED_EDGE('',*,*,#4973,.T.);
#6948=ORIENTED_EDGE('',*,*,#4958,.F.);
#6949=ORIENTED_EDGE('',*,*,#4950,.T.);
#6950=ORIENTED_EDGE('',*,*,#4995,.T.);
#6951=ORIENTED_EDGE('',*,*,#4976,.T.);
#6952=ORIENTED_EDGE('',*,*,#4995,.F.);
#6953=ORIENTED_EDGE('',*,*,#4929,.T.);
#6954=ORIENTED_EDGE('',*,*,#4935,.F.);
#6955=ORIENTED_EDGE('',*,*,#4975,.F.);
#6956=ORIENTED_EDGE('',*,*,#4996,.F.);
#6957=ORIENTED_EDGE('',*,*,#4930,.T.);
#6958=ORIENTED_EDGE('',*,*,#4996,.T.);
#6959=ORIENTED_EDGE('',*,*,#4974,.T.);
#6960=ORIENTED_EDGE('',*,*,#4994,.T.);
#6961=ORIENTED_EDGE('',*,*,#4949,.T.);
#6962=ORIENTED_EDGE('',*,*,#4986,.F.);
#6963=ORIENTED_EDGE('',*,*,#4969,.F.);
#6964=ORIENTED_EDGE('',*,*,#4967,.F.);
#6965=ORIENTED_EDGE('',*,*,#4997,.F.);
#6966=ORIENTED_EDGE('',*,*,#4998,.F.);
#6967=ORIENTED_EDGE('',*,*,#4999,.F.);
#6968=ORIENTED_EDGE('',*,*,#5000,.T.);
#6969=ORIENTED_EDGE('',*,*,#5001,.F.);
#6970=ORIENTED_EDGE('',*,*,#5000,.F.);
#6971=ORIENTED_EDGE('',*,*,#5002,.F.);
#6972=ORIENTED_EDGE('',*,*,#5003,.T.);
#6973=ORIENTED_EDGE('',*,*,#5004,.F.);
#6974=ORIENTED_EDGE('',*,*,#5003,.F.);
#6975=ORIENTED_EDGE('',*,*,#5005,.F.);
#6976=ORIENTED_EDGE('',*,*,#5006,.T.);
#6977=ORIENTED_EDGE('',*,*,#5007,.F.);
#6978=ORIENTED_EDGE('',*,*,#5006,.F.);
#6979=ORIENTED_EDGE('',*,*,#5008,.F.);
#6980=ORIENTED_EDGE('',*,*,#5009,.T.);
#6981=ORIENTED_EDGE('',*,*,#5010,.F.);
#6982=ORIENTED_EDGE('',*,*,#5009,.F.);
#6983=ORIENTED_EDGE('',*,*,#5011,.F.);
#6984=ORIENTED_EDGE('',*,*,#5012,.T.);
#6985=ORIENTED_EDGE('',*,*,#5013,.F.);
#6986=ORIENTED_EDGE('',*,*,#5012,.F.);
#6987=ORIENTED_EDGE('',*,*,#5014,.F.);
#6988=ORIENTED_EDGE('',*,*,#5015,.T.);
#6989=ORIENTED_EDGE('',*,*,#5016,.F.);
#6990=ORIENTED_EDGE('',*,*,#5015,.F.);
#6991=ORIENTED_EDGE('',*,*,#5017,.F.);
#6992=ORIENTED_EDGE('',*,*,#5018,.T.);
#6993=ORIENTED_EDGE('',*,*,#5019,.F.);
#6994=ORIENTED_EDGE('',*,*,#5018,.F.);
#6995=ORIENTED_EDGE('',*,*,#5020,.F.);
#6996=ORIENTED_EDGE('',*,*,#5021,.T.);
#6997=ORIENTED_EDGE('',*,*,#5022,.F.);
#6998=ORIENTED_EDGE('',*,*,#5021,.F.);
#6999=ORIENTED_EDGE('',*,*,#5023,.F.);
#7000=ORIENTED_EDGE('',*,*,#5024,.T.);
#7001=ORIENTED_EDGE('',*,*,#5025,.F.);
#7002=ORIENTED_EDGE('',*,*,#5024,.F.);
#7003=ORIENTED_EDGE('',*,*,#5026,.F.);
#7004=ORIENTED_EDGE('',*,*,#5027,.T.);
#7005=ORIENTED_EDGE('',*,*,#5028,.F.);
#7006=ORIENTED_EDGE('',*,*,#5027,.F.);
#7007=ORIENTED_EDGE('',*,*,#5029,.F.);
#7008=ORIENTED_EDGE('',*,*,#5030,.T.);
#7009=ORIENTED_EDGE('',*,*,#5031,.F.);
#7010=ORIENTED_EDGE('',*,*,#5030,.F.);
#7011=ORIENTED_EDGE('',*,*,#5032,.F.);
#7012=ORIENTED_EDGE('',*,*,#4998,.T.);
#7013=ORIENTED_EDGE('',*,*,#5033,.T.);
#7014=ORIENTED_EDGE('',*,*,#5034,.T.);
#7015=ORIENTED_EDGE('',*,*,#5035,.T.);
#7016=ORIENTED_EDGE('',*,*,#5036,.T.);
#7017=ORIENTED_EDGE('',*,*,#5034,.F.);
#7018=ORIENTED_EDGE('',*,*,#5037,.F.);
#7019=ORIENTED_EDGE('',*,*,#5038,.F.);
#7020=ORIENTED_EDGE('',*,*,#5039,.T.);
#7021=ORIENTED_EDGE('',*,*,#5016,.T.);
#7022=ORIENTED_EDGE('',*,*,#5019,.T.);
#7023=ORIENTED_EDGE('',*,*,#5022,.T.);
#7024=ORIENTED_EDGE('',*,*,#5025,.T.);
#7025=ORIENTED_EDGE('',*,*,#5028,.T.);
#7026=ORIENTED_EDGE('',*,*,#5031,.T.);
#7027=ORIENTED_EDGE('',*,*,#4997,.T.);
#7028=ORIENTED_EDGE('',*,*,#5001,.T.);
#7029=ORIENTED_EDGE('',*,*,#5004,.T.);
#7030=ORIENTED_EDGE('',*,*,#5007,.T.);
#7031=ORIENTED_EDGE('',*,*,#5010,.T.);
#7032=ORIENTED_EDGE('',*,*,#5013,.T.);
#7033=ORIENTED_EDGE('',*,*,#5033,.F.);
#7034=ORIENTED_EDGE('',*,*,#5040,.T.);
#7035=ORIENTED_EDGE('',*,*,#5041,.F.);
#7036=ORIENTED_EDGE('',*,*,#5042,.T.);
#7037=ORIENTED_EDGE('',*,*,#5043,.F.);
#7038=ORIENTED_EDGE('',*,*,#5044,.T.);
#7039=ORIENTED_EDGE('',*,*,#5045,.F.);
#7040=ORIENTED_EDGE('',*,*,#5037,.T.);
#7041=ORIENTED_EDGE('',*,*,#5046,.T.);
#7042=ORIENTED_EDGE('',*,*,#5047,.T.);
#7043=ORIENTED_EDGE('',*,*,#5048,.T.);
#7044=ORIENTED_EDGE('',*,*,#5049,.T.);
#7045=ORIENTED_EDGE('',*,*,#5043,.T.);
#7046=ORIENTED_EDGE('',*,*,#5050,.T.);
#7047=ORIENTED_EDGE('',*,*,#5051,.T.);
#7048=ORIENTED_EDGE('',*,*,#5052,.T.);
#7049=ORIENTED_EDGE('',*,*,#5052,.F.);
#7050=ORIENTED_EDGE('',*,*,#5053,.F.);
#7051=ORIENTED_EDGE('',*,*,#5054,.F.);
#7052=ORIENTED_EDGE('',*,*,#5044,.F.);
#7053=ORIENTED_EDGE('',*,*,#5045,.T.);
#7054=ORIENTED_EDGE('',*,*,#5054,.T.);
#7055=ORIENTED_EDGE('',*,*,#5055,.T.);
#7056=ORIENTED_EDGE('',*,*,#5038,.T.);
#7057=ORIENTED_EDGE('',*,*,#5041,.T.);
#7058=ORIENTED_EDGE('',*,*,#5056,.T.);
#7059=ORIENTED_EDGE('',*,*,#5057,.T.);
#7060=ORIENTED_EDGE('',*,*,#5058,.T.);
#7061=ORIENTED_EDGE('',*,*,#5036,.F.);
#7062=ORIENTED_EDGE('',*,*,#5059,.F.);
#7063=ORIENTED_EDGE('',*,*,#5056,.F.);
#7064=ORIENTED_EDGE('',*,*,#5040,.F.);
#7065=ORIENTED_EDGE('',*,*,#5060,.F.);
#7066=ORIENTED_EDGE('',*,*,#5061,.F.);
#7067=ORIENTED_EDGE('',*,*,#5062,.F.);
#7068=ORIENTED_EDGE('',*,*,#5063,.F.);
#7069=ORIENTED_EDGE('',*,*,#5064,.T.);
#7070=ORIENTED_EDGE('',*,*,#5065,.T.);
#7071=ORIENTED_EDGE('',*,*,#5066,.T.);
#7072=ORIENTED_EDGE('',*,*,#5067,.T.);
#7073=ORIENTED_EDGE('',*,*,#5068,.F.);
#7074=ORIENTED_EDGE('',*,*,#5069,.F.);
#7075=ORIENTED_EDGE('',*,*,#5070,.F.);
#7076=ORIENTED_EDGE('',*,*,#5071,.F.);
#7077=ORIENTED_EDGE('',*,*,#5069,.T.);
#7078=ORIENTED_EDGE('',*,*,#5072,.T.);
#7079=ORIENTED_EDGE('',*,*,#5049,.F.);
#7080=ORIENTED_EDGE('',*,*,#5073,.F.);
#7081=ORIENTED_EDGE('',*,*,#5070,.T.);
#7082=ORIENTED_EDGE('',*,*,#5073,.T.);
#7083=ORIENTED_EDGE('',*,*,#5048,.F.);
#7084=ORIENTED_EDGE('',*,*,#5074,.F.);
#7085=ORIENTED_EDGE('',*,*,#5071,.T.);
#7086=ORIENTED_EDGE('',*,*,#5074,.T.);
#7087=ORIENTED_EDGE('',*,*,#5047,.F.);
#7088=ORIENTED_EDGE('',*,*,#5075,.F.);
#7089=ORIENTED_EDGE('',*,*,#5068,.T.);
#7090=ORIENTED_EDGE('',*,*,#5075,.T.);
#7091=ORIENTED_EDGE('',*,*,#5046,.F.);
#7092=ORIENTED_EDGE('',*,*,#5072,.F.);
#7093=ORIENTED_EDGE('',*,*,#5061,.T.);
#7094=ORIENTED_EDGE('',*,*,#5076,.T.);
#7095=ORIENTED_EDGE('',*,*,#5077,.T.);
#7096=ORIENTED_EDGE('',*,*,#5076,.F.);
#7097=ORIENTED_EDGE('',*,*,#5062,.T.);
#7098=ORIENTED_EDGE('',*,*,#5078,.T.);
#7099=ORIENTED_EDGE('',*,*,#5079,.T.);
#7100=ORIENTED_EDGE('',*,*,#5078,.F.);
#7101=ORIENTED_EDGE('',*,*,#5063,.T.);
#7102=ORIENTED_EDGE('',*,*,#5080,.T.);
#7103=ORIENTED_EDGE('',*,*,#5081,.T.);
#7104=ORIENTED_EDGE('',*,*,#5080,.F.);
#7105=ORIENTED_EDGE('',*,*,#5082,.T.);
#7106=ORIENTED_EDGE('',*,*,#5083,.T.);
#7107=ORIENTED_EDGE('',*,*,#5064,.F.);
#7108=ORIENTED_EDGE('',*,*,#5084,.F.);
#7109=ORIENTED_EDGE('',*,*,#5085,.T.);
#7110=ORIENTED_EDGE('',*,*,#5084,.T.);
#7111=ORIENTED_EDGE('',*,*,#5067,.F.);
#7112=ORIENTED_EDGE('',*,*,#5086,.F.);
#7113=ORIENTED_EDGE('',*,*,#5017,.T.);
#7114=ORIENTED_EDGE('',*,*,#5014,.T.);
#7115=ORIENTED_EDGE('',*,*,#5011,.T.);
#7116=ORIENTED_EDGE('',*,*,#5008,.T.);
#7117=ORIENTED_EDGE('',*,*,#5005,.T.);
#7118=ORIENTED_EDGE('',*,*,#5002,.T.);
#7119=ORIENTED_EDGE('',*,*,#4999,.T.);
#7120=ORIENTED_EDGE('',*,*,#5032,.T.);
#7121=ORIENTED_EDGE('',*,*,#5029,.T.);
#7122=ORIENTED_EDGE('',*,*,#5026,.T.);
#7123=ORIENTED_EDGE('',*,*,#5023,.T.);
#7124=ORIENTED_EDGE('',*,*,#5020,.T.);
#7125=ORIENTED_EDGE('',*,*,#5087,.T.);
#7126=ORIENTED_EDGE('',*,*,#5086,.T.);
#7127=ORIENTED_EDGE('',*,*,#5066,.F.);
#7128=ORIENTED_EDGE('',*,*,#5088,.F.);
#7129=ORIENTED_EDGE('',*,*,#5089,.T.);
#7130=ORIENTED_EDGE('',*,*,#5088,.T.);
#7131=ORIENTED_EDGE('',*,*,#5065,.F.);
#7132=ORIENTED_EDGE('',*,*,#5083,.F.);
#7133=ORIENTED_EDGE('',*,*,#5060,.T.);
#7134=ORIENTED_EDGE('',*,*,#5090,.T.);
#7135=ORIENTED_EDGE('',*,*,#5091,.T.);
#7136=ORIENTED_EDGE('',*,*,#5090,.F.);
#7137=ORIENTED_EDGE('',*,*,#5050,.F.);
#7138=ORIENTED_EDGE('',*,*,#5042,.F.);
#7139=ORIENTED_EDGE('',*,*,#5058,.F.);
#7140=ORIENTED_EDGE('',*,*,#5092,.T.);
#7141=ORIENTED_EDGE('',*,*,#5035,.F.);
#7142=ORIENTED_EDGE('',*,*,#5039,.F.);
#7143=ORIENTED_EDGE('',*,*,#5055,.F.);
#7144=ORIENTED_EDGE('',*,*,#5053,.T.);
#7145=ORIENTED_EDGE('',*,*,#5051,.F.);
#7146=ORIENTED_EDGE('',*,*,#5092,.F.);
#7147=ORIENTED_EDGE('',*,*,#5057,.F.);
#7148=ORIENTED_EDGE('',*,*,#5059,.T.);
#7149=ORIENTED_EDGE('',*,*,#5091,.F.);
#7150=ORIENTED_EDGE('',*,*,#5089,.F.);
#7151=ORIENTED_EDGE('',*,*,#5082,.F.);
#7152=ORIENTED_EDGE('',*,*,#5085,.F.);
#7153=ORIENTED_EDGE('',*,*,#5087,.F.);
#7154=ORIENTED_EDGE('',*,*,#5081,.F.);
#7155=ORIENTED_EDGE('',*,*,#5079,.F.);
#7156=ORIENTED_EDGE('',*,*,#5077,.F.);
#7157=CYLINDRICAL_SURFACE('',#7555,2.00000002980232);
#7158=CYLINDRICAL_SURFACE('',#7558,2.00000002980232);
#7159=CYLINDRICAL_SURFACE('',#7561,2.00000002980232);
#7160=CYLINDRICAL_SURFACE('',#7564,2.00000002980232);
#7161=CYLINDRICAL_SURFACE('',#7567,4.);
#7162=CYLINDRICAL_SURFACE('',#7571,4.);
#7163=CYLINDRICAL_SURFACE('',#7575,4.);
#7164=CYLINDRICAL_SURFACE('',#7579,4.);
#7165=CYLINDRICAL_SURFACE('',#7583,4.);
#7166=CYLINDRICAL_SURFACE('',#7587,4.);
#7167=CYLINDRICAL_SURFACE('',#7591,4.);
#7168=CYLINDRICAL_SURFACE('',#7595,4.);
#7169=CYLINDRICAL_SURFACE('',#7889,10.);
#7170=CYLINDRICAL_SURFACE('',#7892,10.);
#7171=CYLINDRICAL_SURFACE('',#7905,10.);
#7172=CYLINDRICAL_SURFACE('',#7906,10.);
#7173=CYLINDRICAL_SURFACE('',#7908,1.99999999999999);
#7174=CYLINDRICAL_SURFACE('',#7909,1.99999999999999);
#7175=CYLINDRICAL_SURFACE('',#7910,2.00000000000003);
#7176=CYLINDRICAL_SURFACE('',#7911,2.00000000000003);
#7177=CYLINDRICAL_SURFACE('',#7912,2.00000002980232);
#7178=CYLINDRICAL_SURFACE('',#7913,2.00000002980232);
#7179=CYLINDRICAL_SURFACE('',#7914,2.00000002980232);
#7180=CYLINDRICAL_SURFACE('',#7916,2.00000002980232);
#7181=CYLINDRICAL_SURFACE('',#7920,0.725);
#7182=CYLINDRICAL_SURFACE('',#7924,0.725);
#7183=CYLINDRICAL_SURFACE('',#7928,0.725);
#7184=CYLINDRICAL_SURFACE('',#7932,0.725);
#7185=CYLINDRICAL_SURFACE('',#7936,0.725);
#7186=CYLINDRICAL_SURFACE('',#7940,0.725);
#7187=CYLINDRICAL_SURFACE('',#7944,10.);
#7188=CYLINDRICAL_SURFACE('',#7952,10.);
#7189=CYLINDRICAL_SURFACE('',#7955,10.);
#7190=CYLINDRICAL_SURFACE('',#7957,10.);
#7191=CYLINDRICAL_SURFACE('',#7973,1.99999999999999);
#7192=CYLINDRICAL_SURFACE('',#7975,2.00000000000003);
#7193=CYLINDRICAL_SURFACE('',#7977,1.99999999999999);
#7194=CYLINDRICAL_SURFACE('',#7983,2.00000000000003);
#7195=ADVANCED_FACE('',(#505),#7157,.F.);
#7196=ADVANCED_FACE('',(#506),#7158,.F.);
#7197=ADVANCED_FACE('',(#507),#7159,.F.);
#7198=ADVANCED_FACE('',(#508),#7160,.F.);
#7199=ADVANCED_FACE('',(#509),#7161,.F.);
#7200=ADVANCED_FACE('',(#510),#187,.F.);
#7201=ADVANCED_FACE('',(#511),#7162,.F.);
#7202=ADVANCED_FACE('',(#512),#188,.F.);
#7203=ADVANCED_FACE('',(#513),#7163,.F.);
#7204=ADVANCED_FACE('',(#514),#189,.F.);
#7205=ADVANCED_FACE('',(#515),#7164,.F.);
#7206=ADVANCED_FACE('',(#516),#190,.F.);
#7207=ADVANCED_FACE('',(#517),#7165,.F.);
#7208=ADVANCED_FACE('',(#518),#191,.F.);
#7209=ADVANCED_FACE('',(#519),#7166,.F.);
#7210=ADVANCED_FACE('',(#520),#192,.F.);
#7211=ADVANCED_FACE('',(#521),#7167,.F.);
#7212=ADVANCED_FACE('',(#522),#193,.F.);
#7213=ADVANCED_FACE('',(#523),#7168,.F.);
#7214=ADVANCED_FACE('',(#524),#194,.F.);
#7215=ADVANCED_FACE('',(#525),#195,.F.);
#7216=ADVANCED_FACE('',(#526),#196,.F.);
#7217=ADVANCED_FACE('',(#527),#197,.F.);
#7218=ADVANCED_FACE('',(#528,#19,#20,#21,#22,#23,#24,#25,#26,#27,#28,#29,
#30,#31,#32,#33,#34,#35,#36,#37,#38,#39,#40,#41,#42,#43,#44,#45,#46,#47,
#48,#49,#50,#51,#52,#53,#54,#55,#56,#57,#58,#59,#60,#61,#62,#63,#64,#65,
#66,#67,#68,#69,#70,#71,#72,#73,#74,#75,#76,#77,#78,#79,#80,#81,#82,#83,
#84,#85,#86,#87,#88,#89),#198,.T.);
#7219=ADVANCED_FACE('',(#529),#199,.T.);
#7220=ADVANCED_FACE('',(#530),#200,.T.);
#7221=ADVANCED_FACE('',(#531),#201,.F.);
#7222=ADVANCED_FACE('',(#532),#202,.F.);
#7223=ADVANCED_FACE('',(#533),#203,.F.);
#7224=ADVANCED_FACE('',(#534),#204,.F.);
#7225=ADVANCED_FACE('',(#535),#205,.F.);
#7226=ADVANCED_FACE('',(#536),#206,.F.);
#7227=ADVANCED_FACE('',(#537),#207,.F.);
#7228=ADVANCED_FACE('',(#538),#208,.F.);
#7229=ADVANCED_FACE('',(#539),#209,.F.);
#7230=ADVANCED_FACE('',(#540),#210,.F.);
#7231=ADVANCED_FACE('',(#541),#211,.F.);
#7232=ADVANCED_FACE('',(#542),#212,.F.);
#7233=ADVANCED_FACE('',(#543),#213,.F.);
#7234=ADVANCED_FACE('',(#544),#214,.F.);
#7235=ADVANCED_FACE('',(#545),#215,.F.);
#7236=ADVANCED_FACE('',(#546),#216,.F.);
#7237=ADVANCED_FACE('',(#547),#217,.F.);
#7238=ADVANCED_FACE('',(#548),#218,.F.);
#7239=ADVANCED_FACE('',(#549),#219,.F.);
#7240=ADVANCED_FACE('',(#550),#220,.F.);
#7241=ADVANCED_FACE('',(#551),#221,.F.);
#7242=ADVANCED_FACE('',(#552),#222,.F.);
#7243=ADVANCED_FACE('',(#553),#223,.F.);
#7244=ADVANCED_FACE('',(#554),#224,.F.);
#7245=ADVANCED_FACE('',(#555),#225,.F.);
#7246=ADVANCED_FACE('',(#556),#226,.F.);
#7247=ADVANCED_FACE('',(#557),#227,.F.);
#7248=ADVANCED_FACE('',(#558),#228,.F.);
#7249=ADVANCED_FACE('',(#559),#229,.F.);
#7250=ADVANCED_FACE('',(#560),#230,.F.);
#7251=ADVANCED_FACE('',(#561),#231,.F.);
#7252=ADVANCED_FACE('',(#562),#232,.F.);
#7253=ADVANCED_FACE('',(#563),#233,.F.);
#7254=ADVANCED_FACE('',(#564),#234,.F.);
#7255=ADVANCED_FACE('',(#565),#235,.F.);
#7256=ADVANCED_FACE('',(#566),#236,.F.);
#7257=ADVANCED_FACE('',(#567),#237,.F.);
#7258=ADVANCED_FACE('',(#568),#238,.F.);
#7259=ADVANCED_FACE('',(#569),#239,.F.);
#7260=ADVANCED_FACE('',(#570),#240,.F.);
#7261=ADVANCED_FACE('',(#571),#241,.F.);
#7262=ADVANCED_FACE('',(#572),#242,.F.);
#7263=ADVANCED_FACE('',(#573),#243,.F.);
#7264=ADVANCED_FACE('',(#574),#244,.F.);
#7265=ADVANCED_FACE('',(#575),#245,.F.);
#7266=ADVANCED_FACE('',(#576),#246,.F.);
#7267=ADVANCED_FACE('',(#577),#247,.F.);
#7268=ADVANCED_FACE('',(#578),#248,.F.);
#7269=ADVANCED_FACE('',(#579),#249,.F.);
#7270=ADVANCED_FACE('',(#580),#250,.F.);
#7271=ADVANCED_FACE('',(#581),#251,.F.);
#7272=ADVANCED_FACE('',(#582),#252,.F.);
#7273=ADVANCED_FACE('',(#583),#253,.F.);
#7274=ADVANCED_FACE('',(#584),#254,.F.);
#7275=ADVANCED_FACE('',(#585),#255,.F.);
#7276=ADVANCED_FACE('',(#586),#256,.F.);
#7277=ADVANCED_FACE('',(#587),#257,.F.);
#7278=ADVANCED_FACE('',(#588),#258,.F.);
#7279=ADVANCED_FACE('',(#589),#259,.F.);
#7280=ADVANCED_FACE('',(#590),#260,.F.);
#7281=ADVANCED_FACE('',(#591),#261,.F.);
#7282=ADVANCED_FACE('',(#592),#262,.F.);
#7283=ADVANCED_FACE('',(#593),#263,.F.);
#7284=ADVANCED_FACE('',(#594),#264,.F.);
#7285=ADVANCED_FACE('',(#595),#265,.F.);
#7286=ADVANCED_FACE('',(#596),#266,.F.);
#7287=ADVANCED_FACE('',(#597),#267,.F.);
#7288=ADVANCED_FACE('',(#598),#268,.F.);
#7289=ADVANCED_FACE('',(#599),#269,.F.);
#7290=ADVANCED_FACE('',(#600),#270,.F.);
#7291=ADVANCED_FACE('',(#601),#271,.F.);
#7292=ADVANCED_FACE('',(#602),#272,.F.);
#7293=ADVANCED_FACE('',(#603),#273,.F.);
#7294=ADVANCED_FACE('',(#604),#274,.F.);
#7295=ADVANCED_FACE('',(#605),#275,.F.);
#7296=ADVANCED_FACE('',(#606),#276,.F.);
#7297=ADVANCED_FACE('',(#607),#277,.F.);
#7298=ADVANCED_FACE('',(#608),#278,.F.);
#7299=ADVANCED_FACE('',(#609),#279,.F.);
#7300=ADVANCED_FACE('',(#610),#280,.F.);
#7301=ADVANCED_FACE('',(#611),#281,.F.);
#7302=ADVANCED_FACE('',(#612),#282,.F.);
#7303=ADVANCED_FACE('',(#613),#283,.F.);
#7304=ADVANCED_FACE('',(#614),#284,.F.);
#7305=ADVANCED_FACE('',(#615),#285,.F.);
#7306=ADVANCED_FACE('',(#616),#286,.F.);
#7307=ADVANCED_FACE('',(#617),#287,.F.);
#7308=ADVANCED_FACE('',(#618),#288,.F.);
#7309=ADVANCED_FACE('',(#619),#289,.F.);
#7310=ADVANCED_FACE('',(#620),#290,.F.);
#7311=ADVANCED_FACE('',(#621),#291,.F.);
#7312=ADVANCED_FACE('',(#622),#292,.F.);
#7313=ADVANCED_FACE('',(#623),#293,.F.);
#7314=ADVANCED_FACE('',(#624),#294,.F.);
#7315=ADVANCED_FACE('',(#625),#295,.F.);
#7316=ADVANCED_FACE('',(#626),#296,.F.);
#7317=ADVANCED_FACE('',(#627),#297,.F.);
#7318=ADVANCED_FACE('',(#628),#298,.F.);
#7319=ADVANCED_FACE('',(#629),#299,.F.);
#7320=ADVANCED_FACE('',(#630),#300,.F.);
#7321=ADVANCED_FACE('',(#631),#301,.F.);
#7322=ADVANCED_FACE('',(#632),#302,.F.);
#7323=ADVANCED_FACE('',(#633),#303,.F.);
#7324=ADVANCED_FACE('',(#634),#304,.F.);
#7325=ADVANCED_FACE('',(#635),#305,.F.);
#7326=ADVANCED_FACE('',(#636),#306,.F.);
#7327=ADVANCED_FACE('',(#637),#307,.F.);
#7328=ADVANCED_FACE('',(#638),#308,.F.);
#7329=ADVANCED_FACE('',(#639),#309,.F.);
#7330=ADVANCED_FACE('',(#640),#310,.F.);
#7331=ADVANCED_FACE('',(#641),#311,.F.);
#7332=ADVANCED_FACE('',(#642),#312,.F.);
#7333=ADVANCED_FACE('',(#643),#313,.F.);
#7334=ADVANCED_FACE('',(#644),#314,.F.);
#7335=ADVANCED_FACE('',(#645),#315,.F.);
#7336=ADVANCED_FACE('',(#646),#316,.F.);
#7337=ADVANCED_FACE('',(#647),#317,.F.);
#7338=ADVANCED_FACE('',(#648),#318,.F.);
#7339=ADVANCED_FACE('',(#649),#319,.F.);
#7340=ADVANCED_FACE('',(#650),#320,.F.);
#7341=ADVANCED_FACE('',(#651),#321,.F.);
#7342=ADVANCED_FACE('',(#652),#322,.F.);
#7343=ADVANCED_FACE('',(#653),#323,.F.);
#7344=ADVANCED_FACE('',(#654),#324,.F.);
#7345=ADVANCED_FACE('',(#655),#325,.F.);
#7346=ADVANCED_FACE('',(#656),#326,.F.);
#7347=ADVANCED_FACE('',(#657),#327,.F.);
#7348=ADVANCED_FACE('',(#658),#328,.F.);
#7349=ADVANCED_FACE('',(#659),#329,.F.);
#7350=ADVANCED_FACE('',(#660),#330,.F.);
#7351=ADVANCED_FACE('',(#661),#331,.F.);
#7352=ADVANCED_FACE('',(#662),#332,.F.);
#7353=ADVANCED_FACE('',(#663),#333,.F.);
#7354=ADVANCED_FACE('',(#664),#334,.F.);
#7355=ADVANCED_FACE('',(#665),#335,.F.);
#7356=ADVANCED_FACE('',(#666),#336,.F.);
#7357=ADVANCED_FACE('',(#667),#337,.F.);
#7358=ADVANCED_FACE('',(#668),#338,.F.);
#7359=ADVANCED_FACE('',(#669),#339,.F.);
#7360=ADVANCED_FACE('',(#670),#340,.F.);
#7361=ADVANCED_FACE('',(#671),#341,.F.);
#7362=ADVANCED_FACE('',(#672),#342,.F.);
#7363=ADVANCED_FACE('',(#673),#343,.F.);
#7364=ADVANCED_FACE('',(#674),#344,.F.);
#7365=ADVANCED_FACE('',(#675),#345,.F.);
#7366=ADVANCED_FACE('',(#676),#346,.F.);
#7367=ADVANCED_FACE('',(#677),#347,.F.);
#7368=ADVANCED_FACE('',(#678),#348,.F.);
#7369=ADVANCED_FACE('',(#679),#349,.F.);
#7370=ADVANCED_FACE('',(#680),#350,.F.);
#7371=ADVANCED_FACE('',(#681),#351,.F.);
#7372=ADVANCED_FACE('',(#682),#352,.F.);
#7373=ADVANCED_FACE('',(#683),#353,.F.);
#7374=ADVANCED_FACE('',(#684),#354,.F.);
#7375=ADVANCED_FACE('',(#685),#355,.F.);
#7376=ADVANCED_FACE('',(#686),#356,.F.);
#7377=ADVANCED_FACE('',(#687),#357,.F.);
#7378=ADVANCED_FACE('',(#688),#358,.F.);
#7379=ADVANCED_FACE('',(#689),#359,.F.);
#7380=ADVANCED_FACE('',(#690),#360,.F.);
#7381=ADVANCED_FACE('',(#691),#361,.F.);
#7382=ADVANCED_FACE('',(#692),#362,.F.);
#7383=ADVANCED_FACE('',(#693),#363,.F.);
#7384=ADVANCED_FACE('',(#694),#364,.F.);
#7385=ADVANCED_FACE('',(#695),#365,.F.);
#7386=ADVANCED_FACE('',(#696),#366,.F.);
#7387=ADVANCED_FACE('',(#697),#367,.F.);
#7388=ADVANCED_FACE('',(#698),#368,.F.);
#7389=ADVANCED_FACE('',(#699),#369,.F.);
#7390=ADVANCED_FACE('',(#700),#370,.F.);
#7391=ADVANCED_FACE('',(#701),#371,.F.);
#7392=ADVANCED_FACE('',(#702),#372,.F.);
#7393=ADVANCED_FACE('',(#703),#373,.F.);
#7394=ADVANCED_FACE('',(#704),#374,.F.);
#7395=ADVANCED_FACE('',(#705),#375,.F.);
#7396=ADVANCED_FACE('',(#706),#376,.F.);
#7397=ADVANCED_FACE('',(#707),#377,.F.);
#7398=ADVANCED_FACE('',(#708),#378,.F.);
#7399=ADVANCED_FACE('',(#709),#379,.F.);
#7400=ADVANCED_FACE('',(#710),#380,.F.);
#7401=ADVANCED_FACE('',(#711),#381,.F.);
#7402=ADVANCED_FACE('',(#712),#382,.F.);
#7403=ADVANCED_FACE('',(#713),#383,.F.);
#7404=ADVANCED_FACE('',(#714),#384,.F.);
#7405=ADVANCED_FACE('',(#715),#385,.F.);
#7406=ADVANCED_FACE('',(#716),#386,.F.);
#7407=ADVANCED_FACE('',(#717),#387,.F.);
#7408=ADVANCED_FACE('',(#718),#388,.F.);
#7409=ADVANCED_FACE('',(#719),#389,.F.);
#7410=ADVANCED_FACE('',(#720),#390,.F.);
#7411=ADVANCED_FACE('',(#721),#391,.F.);
#7412=ADVANCED_FACE('',(#722),#392,.F.);
#7413=ADVANCED_FACE('',(#723),#393,.F.);
#7414=ADVANCED_FACE('',(#724),#394,.F.);
#7415=ADVANCED_FACE('',(#725),#395,.F.);
#7416=ADVANCED_FACE('',(#726),#396,.F.);
#7417=ADVANCED_FACE('',(#727),#397,.F.);
#7418=ADVANCED_FACE('',(#728),#398,.F.);
#7419=ADVANCED_FACE('',(#729),#399,.F.);
#7420=ADVANCED_FACE('',(#730),#400,.F.);
#7421=ADVANCED_FACE('',(#731),#401,.F.);
#7422=ADVANCED_FACE('',(#732),#402,.F.);
#7423=ADVANCED_FACE('',(#733),#403,.F.);
#7424=ADVANCED_FACE('',(#734),#404,.F.);
#7425=ADVANCED_FACE('',(#735),#405,.F.);
#7426=ADVANCED_FACE('',(#736),#406,.F.);
#7427=ADVANCED_FACE('',(#737),#407,.F.);
#7428=ADVANCED_FACE('',(#738),#408,.F.);
#7429=ADVANCED_FACE('',(#739),#409,.F.);
#7430=ADVANCED_FACE('',(#740),#410,.F.);
#7431=ADVANCED_FACE('',(#741),#411,.F.);
#7432=ADVANCED_FACE('',(#742),#412,.F.);
#7433=ADVANCED_FACE('',(#743),#413,.F.);
#7434=ADVANCED_FACE('',(#744),#414,.F.);
#7435=ADVANCED_FACE('',(#745),#415,.F.);
#7436=ADVANCED_FACE('',(#746),#416,.F.);
#7437=ADVANCED_FACE('',(#747),#417,.F.);
#7438=ADVANCED_FACE('',(#748),#418,.F.);
#7439=ADVANCED_FACE('',(#749),#419,.F.);
#7440=ADVANCED_FACE('',(#750),#420,.F.);
#7441=ADVANCED_FACE('',(#751),#421,.F.);
#7442=ADVANCED_FACE('',(#752),#422,.F.);
#7443=ADVANCED_FACE('',(#753),#423,.F.);
#7444=ADVANCED_FACE('',(#754),#424,.F.);
#7445=ADVANCED_FACE('',(#755),#425,.F.);
#7446=ADVANCED_FACE('',(#756),#426,.F.);
#7447=ADVANCED_FACE('',(#757),#427,.F.);
#7448=ADVANCED_FACE('',(#758),#428,.F.);
#7449=ADVANCED_FACE('',(#759),#429,.F.);
#7450=ADVANCED_FACE('',(#760),#430,.F.);
#7451=ADVANCED_FACE('',(#761),#431,.F.);
#7452=ADVANCED_FACE('',(#762),#432,.F.);
#7453=ADVANCED_FACE('',(#763),#433,.F.);
#7454=ADVANCED_FACE('',(#764),#434,.F.);
#7455=ADVANCED_FACE('',(#765),#435,.F.);
#7456=ADVANCED_FACE('',(#766),#436,.F.);
#7457=ADVANCED_FACE('',(#767),#437,.F.);
#7458=ADVANCED_FACE('',(#768),#438,.F.);
#7459=ADVANCED_FACE('',(#769),#439,.F.);
#7460=ADVANCED_FACE('',(#770),#440,.F.);
#7461=ADVANCED_FACE('',(#771),#441,.F.);
#7462=ADVANCED_FACE('',(#772),#442,.F.);
#7463=ADVANCED_FACE('',(#773),#443,.F.);
#7464=ADVANCED_FACE('',(#774),#444,.F.);
#7465=ADVANCED_FACE('',(#775),#445,.F.);
#7466=ADVANCED_FACE('',(#776),#446,.F.);
#7467=ADVANCED_FACE('',(#777),#447,.F.);
#7468=ADVANCED_FACE('',(#778),#448,.F.);
#7469=ADVANCED_FACE('',(#779),#449,.F.);
#7470=ADVANCED_FACE('',(#780),#450,.F.);
#7471=ADVANCED_FACE('',(#781),#451,.F.);
#7472=ADVANCED_FACE('',(#782),#452,.F.);
#7473=ADVANCED_FACE('',(#783),#453,.F.);
#7474=ADVANCED_FACE('',(#784),#454,.F.);
#7475=ADVANCED_FACE('',(#785),#455,.F.);
#7476=ADVANCED_FACE('',(#786),#456,.F.);
#7477=ADVANCED_FACE('',(#787),#457,.F.);
#7478=ADVANCED_FACE('',(#788),#458,.F.);
#7479=ADVANCED_FACE('',(#789),#459,.F.);
#7480=ADVANCED_FACE('',(#790),#460,.F.);
#7481=ADVANCED_FACE('',(#791),#461,.T.);
#7482=ADVANCED_FACE('',(#792),#462,.T.);
#7483=ADVANCED_FACE('',(#793),#463,.T.);
#7484=ADVANCED_FACE('',(#794,#90,#91,#92,#93,#94,#95,#96,#97,#98,#99,#100,
#101,#102,#103,#104,#105,#106,#107,#108,#109,#110,#111,#112,#113,#114,#115,
#116,#117,#118,#119,#120,#121,#122,#123,#124,#125,#126,#127,#128,#129,#130,
#131,#132,#133,#134,#135,#136,#137,#138,#139,#140,#141,#142,#143,#144,#145,
#146,#147,#148,#149,#150,#151,#152,#153,#154,#155,#156,#157,#158,#159,#160),
#464,.T.);
#7485=ADVANCED_FACE('',(#795),#465,.T.);
#7486=ADVANCED_FACE('',(#796),#466,.T.);
#7487=ADVANCED_FACE('',(#797),#467,.T.);
#7488=ADVANCED_FACE('',(#798),#468,.T.);
#7489=ADVANCED_FACE('',(#799),#469,.T.);
#7490=ADVANCED_FACE('',(#800,#161,#162,#163,#164,#165,#166,#167,#168),#470,
 .T.);
#7491=ADVANCED_FACE('',(#801),#471,.T.);
#7492=ADVANCED_FACE('',(#802),#472,.T.);
#7493=ADVANCED_FACE('',(#803),#7169,.T.);
#7494=ADVANCED_FACE('',(#804),#473,.T.);
#7495=ADVANCED_FACE('',(#805),#7170,.T.);
#7496=ADVANCED_FACE('',(#806,#169,#170,#171,#172,#173,#174,#175,#176,#177),
#474,.F.);
#7497=ADVANCED_FACE('',(#807),#7171,.T.);
#7498=ADVANCED_FACE('',(#808),#7172,.T.);
#7499=ADVANCED_FACE('',(#809),#475,.T.);
#7500=ADVANCED_FACE('',(#810),#7173,.F.);
#7501=ADVANCED_FACE('',(#811),#7174,.F.);
#7502=ADVANCED_FACE('',(#812),#7175,.F.);
#7503=ADVANCED_FACE('',(#813),#7176,.F.);
#7504=ADVANCED_FACE('',(#814),#7177,.F.);
#7505=ADVANCED_FACE('',(#815),#7178,.F.);
#7506=ADVANCED_FACE('',(#816),#7179,.F.);
#7507=ADVANCED_FACE('',(#817),#476,.T.);
#7508=ADVANCED_FACE('',(#818),#7180,.F.);
#7509=ADVANCED_FACE('',(#819),#477,.T.);
#7510=ADVANCED_FACE('',(#820),#478,.T.);
#7511=ADVANCED_FACE('',(#821),#479,.T.);
#7512=ADVANCED_FACE('',(#822),#7181,.F.);
#7513=ADVANCED_FACE('',(#823),#480,.F.);
#7514=ADVANCED_FACE('',(#824),#7182,.F.);
#7515=ADVANCED_FACE('',(#825),#481,.F.);
#7516=ADVANCED_FACE('',(#826),#7183,.F.);
#7517=ADVANCED_FACE('',(#827),#482,.F.);
#7518=ADVANCED_FACE('',(#828),#7184,.F.);
#7519=ADVANCED_FACE('',(#829),#483,.F.);
#7520=ADVANCED_FACE('',(#830),#7185,.F.);
#7521=ADVANCED_FACE('',(#831),#484,.F.);
#7522=ADVANCED_FACE('',(#832),#7186,.F.);
#7523=ADVANCED_FACE('',(#833),#485,.F.);
#7524=ADVANCED_FACE('',(#834),#7187,.T.);
#7525=ADVANCED_FACE('',(#835,#178),#486,.T.);
#7526=ADVANCED_FACE('',(#836,#179),#487,.T.);
#7527=ADVANCED_FACE('',(#837),#7188,.T.);
#7528=ADVANCED_FACE('',(#838),#488,.T.);
#7529=ADVANCED_FACE('',(#839),#7189,.T.);
#7530=ADVANCED_FACE('',(#840),#7190,.T.);
#7531=ADVANCED_FACE('',(#841),#489,.T.);
#7532=ADVANCED_FACE('',(#842),#490,.F.);
#7533=ADVANCED_FACE('',(#843),#491,.F.);
#7534=ADVANCED_FACE('',(#844),#492,.F.);
#7535=ADVANCED_FACE('',(#845),#493,.F.);
#7536=ADVANCED_FACE('',(#846,#180),#494,.F.);
#7537=ADVANCED_FACE('',(#847),#495,.T.);
#7538=ADVANCED_FACE('',(#848),#496,.T.);
#7539=ADVANCED_FACE('',(#849),#497,.T.);
#7540=ADVANCED_FACE('',(#850),#498,.T.);
#7541=ADVANCED_FACE('',(#851),#7191,.F.);
#7542=ADVANCED_FACE('',(#852),#7192,.F.);
#7543=ADVANCED_FACE('',(#853),#7193,.F.);
#7544=ADVANCED_FACE('',(#854),#499,.T.);
#7545=ADVANCED_FACE('',(#855,#181),#500,.T.);
#7546=ADVANCED_FACE('',(#856),#501,.T.);
#7547=ADVANCED_FACE('',(#857),#502,.T.);
#7548=ADVANCED_FACE('',(#858),#7194,.F.);
#7549=ADVANCED_FACE('',(#859),#503,.T.);
#7550=ADVANCED_FACE('',(#860,#182,#183,#184,#185,#186),#504,.F.);
#7551=CLOSED_SHELL('',(#7195,#7196,#7197,#7198,#7199,#7200,#7201,#7202,
#7203,#7204,#7205,#7206,#7207,#7208,#7209,#7210,#7211,#7212,#7213,#7214,
#7215,#7216,#7217,#7218,#7219,#7220,#7221,#7222,#7223,#7224,#7225,#7226,
#7227,#7228,#7229,#7230,#7231,#7232,#7233,#7234,#7235,#7236,#7237,#7238,
#7239,#7240,#7241,#7242,#7243,#7244,#7245,#7246,#7247,#7248,#7249,#7250,
#7251,#7252,#7253,#7254,#7255,#7256,#7257,#7258,#7259,#7260,#7261,#7262,
#7263,#7264,#7265,#7266,#7267,#7268,#7269,#7270,#7271,#7272,#7273,#7274,
#7275,#7276,#7277,#7278,#7279,#7280,#7281,#7282,#7283,#7284,#7285,#7286,
#7287,#7288,#7289,#7290,#7291,#7292,#7293,#7294,#7295,#7296,#7297,#7298,
#7299,#7300,#7301,#7302,#7303,#7304,#7305,#7306,#7307,#7308,#7309,#7310,
#7311,#7312,#7313,#7314,#7315,#7316,#7317,#7318,#7319,#7320,#7321,#7322,
#7323,#7324,#7325,#7326,#7327,#7328,#7329,#7330,#7331,#7332,#7333,#7334,
#7335,#7336,#7337,#7338,#7339,#7340,#7341,#7342,#7343,#7344,#7345,#7346,
#7347,#7348,#7349,#7350,#7351,#7352,#7353,#7354,#7355,#7356,#7357,#7358,
#7359,#7360,#7361,#7362,#7363,#7364,#7365,#7366,#7367,#7368,#7369,#7370,
#7371,#7372,#7373,#7374,#7375,#7376,#7377,#7378,#7379,#7380,#7381,#7382,
#7383,#7384,#7385,#7386,#7387,#7388,#7389,#7390,#7391,#7392,#7393,#7394,
#7395,#7396,#7397,#7398,#7399,#7400,#7401,#7402,#7403,#7404,#7405,#7406,
#7407,#7408,#7409,#7410,#7411,#7412,#7413,#7414,#7415,#7416,#7417,#7418,
#7419,#7420,#7421,#7422,#7423,#7424,#7425,#7426,#7427,#7428,#7429,#7430,
#7431,#7432,#7433,#7434,#7435,#7436,#7437,#7438,#7439,#7440,#7441,#7442,
#7443,#7444,#7445,#7446,#7447,#7448,#7449,#7450,#7451,#7452,#7453,#7454,
#7455,#7456,#7457,#7458,#7459,#7460,#7461,#7462,#7463,#7464,#7465,#7466,
#7467,#7468,#7469,#7470,#7471,#7472,#7473,#7474,#7475,#7476,#7477,#7478,
#7479,#7480,#7481,#7482,#7483,#7484));
#7552=CLOSED_SHELL('',(#7485,#7486,#7487,#7488,#7489,#7490,#7491,#7492,
#7493,#7494,#7495,#7496,#7497,#7498,#7499,#7500,#7501,#7502,#7503,#7504,
#7505,#7506,#7507,#7508,#7509,#7510,#7511));
#7553=CLOSED_SHELL('',(#7512,#7513,#7514,#7515,#7516,#7517,#7518,#7519,
#7520,#7521,#7522,#7523,#7524,#7525,#7526,#7527,#7528,#7529,#7530,#7531,
#7532,#7533,#7534,#7535,#7536,#7537,#7538,#7539,#7540,#7541,#7542,#7543,
#7544,#7545,#7546,#7547,#7548,#7549,#7550));
#7554=AXIS2_PLACEMENT_3D('',#9809,#7987,#7988);
#7555=AXIS2_PLACEMENT_3D('',#9810,#7989,#7990);
#7556=AXIS2_PLACEMENT_3D('',#9812,#7991,#7992);
#7557=AXIS2_PLACEMENT_3D('',#9815,#7994,#7995);
#7558=AXIS2_PLACEMENT_3D('',#9816,#7996,#7997);
#7559=AXIS2_PLACEMENT_3D('',#9818,#7998,#7999);
#7560=AXIS2_PLACEMENT_3D('',#9821,#8001,#8002);
#7561=AXIS2_PLACEMENT_3D('',#9822,#8003,#8004);
#7562=AXIS2_PLACEMENT_3D('',#9824,#8005,#8006);
#7563=AXIS2_PLACEMENT_3D('',#9827,#8008,#8009);
#7564=AXIS2_PLACEMENT_3D('',#9828,#8010,#8011);
#7565=AXIS2_PLACEMENT_3D('',#9830,#8012,#8013);
#7566=AXIS2_PLACEMENT_3D('',#9833,#8015,#8016);
#7567=AXIS2_PLACEMENT_3D('',#9834,#8017,#8018);
#7568=AXIS2_PLACEMENT_3D('',#9837,#8019,#8020);
#7569=AXIS2_PLACEMENT_3D('',#9841,#8022,#8023);
#7570=AXIS2_PLACEMENT_3D('',#9843,#8025,#8026);
#7571=AXIS2_PLACEMENT_3D('',#9849,#8030,#8031);
#7572=AXIS2_PLACEMENT_3D('',#9852,#8032,#8033);
#7573=AXIS2_PLACEMENT_3D('',#9856,#8035,#8036);
#7574=AXIS2_PLACEMENT_3D('',#9858,#8038,#8039);
#7575=AXIS2_PLACEMENT_3D('',#9861,#8042,#8043);
#7576=AXIS2_PLACEMENT_3D('',#9864,#8044,#8045);
#7577=AXIS2_PLACEMENT_3D('',#9868,#8047,#8048);
#7578=AXIS2_PLACEMENT_3D('',#9870,#8050,#8051);
#7579=AXIS2_PLACEMENT_3D('',#9873,#8054,#8055);
#7580=AXIS2_PLACEMENT_3D('',#9875,#8056,#8057);
#7581=AXIS2_PLACEMENT_3D('',#9878,#8059,#8060);
#7582=AXIS2_PLACEMENT_3D('',#9879,#8061,#8062);
#7583=AXIS2_PLACEMENT_3D('',#9882,#8065,#8066);
#7584=AXIS2_PLACEMENT_3D('',#9885,#8067,#8068);
#7585=AXIS2_PLACEMENT_3D('',#9889,#8070,#8071);
#7586=AXIS2_PLACEMENT_3D('',#9891,#8073,#8074);
#7587=AXIS2_PLACEMENT_3D('',#9897,#8078,#8079);
#7588=AXIS2_PLACEMENT_3D('',#9899,#8080,#8081);
#7589=AXIS2_PLACEMENT_3D('',#9902,#8083,#8084);
#7590=AXIS2_PLACEMENT_3D('',#9903,#8085,#8086);
#7591=AXIS2_PLACEMENT_3D('',#9909,#8090,#8091);
#7592=AXIS2_PLACEMENT_3D('',#9911,#8092,#8093);
#7593=AXIS2_PLACEMENT_3D('',#9914,#8095,#8096);
#7594=AXIS2_PLACEMENT_3D('',#9915,#8097,#8098);
#7595=AXIS2_PLACEMENT_3D('',#9921,#8102,#8103);
#7596=AXIS2_PLACEMENT_3D('',#9923,#8104,#8105);
#7597=AXIS2_PLACEMENT_3D('',#9926,#8107,#8108);
#7598=AXIS2_PLACEMENT_3D('',#9927,#8109,#8110);
#7599=AXIS2_PLACEMENT_3D('',#9930,#8113,#8114);
#7600=AXIS2_PLACEMENT_3D('',#9939,#8119,#8120);
#7601=AXIS2_PLACEMENT_3D('',#9948,#8125,#8126);
#7602=AXIS2_PLACEMENT_3D('',#9951,#8129,#8130);
#7603=AXIS2_PLACEMENT_3D('',#10481,#8396,#8397);
#7604=AXIS2_PLACEMENT_3D('',#10485,#8400,#8401);
#7605=AXIS2_PLACEMENT_3D('',#10489,#8404,#8405);
#7606=AXIS2_PLACEMENT_3D('',#10495,#8409,#8410);
#7607=AXIS2_PLACEMENT_3D('',#10499,#8413,#8414);
#7608=AXIS2_PLACEMENT_3D('',#10503,#8417,#8418);
#7609=AXIS2_PLACEMENT_3D('',#10505,#8420,#8421);
#7610=AXIS2_PLACEMENT_3D('',#10511,#8425,#8426);
#7611=AXIS2_PLACEMENT_3D('',#10515,#8429,#8430);
#7612=AXIS2_PLACEMENT_3D('',#10519,#8433,#8434);
#7613=AXIS2_PLACEMENT_3D('',#10521,#8436,#8437);
#7614=AXIS2_PLACEMENT_3D('',#10527,#8441,#8442);
#7615=AXIS2_PLACEMENT_3D('',#10531,#8445,#8446);
#7616=AXIS2_PLACEMENT_3D('',#10535,#8449,#8450);
#7617=AXIS2_PLACEMENT_3D('',#10537,#8452,#8453);
#7618=AXIS2_PLACEMENT_3D('',#10543,#8457,#8458);
#7619=AXIS2_PLACEMENT_3D('',#10547,#8461,#8462);
#7620=AXIS2_PLACEMENT_3D('',#10551,#8465,#8466);
#7621=AXIS2_PLACEMENT_3D('',#10553,#8468,#8469);
#7622=AXIS2_PLACEMENT_3D('',#10559,#8473,#8474);
#7623=AXIS2_PLACEMENT_3D('',#10563,#8477,#8478);
#7624=AXIS2_PLACEMENT_3D('',#10567,#8481,#8482);
#7625=AXIS2_PLACEMENT_3D('',#10569,#8484,#8485);
#7626=AXIS2_PLACEMENT_3D('',#10575,#8489,#8490);
#7627=AXIS2_PLACEMENT_3D('',#10579,#8493,#8494);
#7628=AXIS2_PLACEMENT_3D('',#10583,#8497,#8498);
#7629=AXIS2_PLACEMENT_3D('',#10585,#8500,#8501);
#7630=AXIS2_PLACEMENT_3D('',#10591,#8505,#8506);
#7631=AXIS2_PLACEMENT_3D('',#10595,#8509,#8510);
#7632=AXIS2_PLACEMENT_3D('',#10599,#8513,#8514);
#7633=AXIS2_PLACEMENT_3D('',#10601,#8516,#8517);
#7634=AXIS2_PLACEMENT_3D('',#10607,#8521,#8522);
#7635=AXIS2_PLACEMENT_3D('',#10611,#8525,#8526);
#7636=AXIS2_PLACEMENT_3D('',#10615,#8529,#8530);
#7637=AXIS2_PLACEMENT_3D('',#10617,#8532,#8533);
#7638=AXIS2_PLACEMENT_3D('',#10623,#8537,#8538);
#7639=AXIS2_PLACEMENT_3D('',#10627,#8541,#8542);
#7640=AXIS2_PLACEMENT_3D('',#10631,#8545,#8546);
#7641=AXIS2_PLACEMENT_3D('',#10633,#8548,#8549);
#7642=AXIS2_PLACEMENT_3D('',#10639,#8553,#8554);
#7643=AXIS2_PLACEMENT_3D('',#10643,#8557,#8558);
#7644=AXIS2_PLACEMENT_3D('',#10647,#8561,#8562);
#7645=AXIS2_PLACEMENT_3D('',#10649,#8564,#8565);
#7646=AXIS2_PLACEMENT_3D('',#10655,#8569,#8570);
#7647=AXIS2_PLACEMENT_3D('',#10659,#8573,#8574);
#7648=AXIS2_PLACEMENT_3D('',#10663,#8577,#8578);
#7649=AXIS2_PLACEMENT_3D('',#10665,#8580,#8581);
#7650=AXIS2_PLACEMENT_3D('',#10671,#8585,#8586);
#7651=AXIS2_PLACEMENT_3D('',#10675,#8589,#8590);
#7652=AXIS2_PLACEMENT_3D('',#10679,#8593,#8594);
#7653=AXIS2_PLACEMENT_3D('',#10681,#8596,#8597);
#7654=AXIS2_PLACEMENT_3D('',#10687,#8601,#8602);
#7655=AXIS2_PLACEMENT_3D('',#10691,#8605,#8606);
#7656=AXIS2_PLACEMENT_3D('',#10695,#8609,#8610);
#7657=AXIS2_PLACEMENT_3D('',#10697,#8612,#8613);
#7658=AXIS2_PLACEMENT_3D('',#10703,#8617,#8618);
#7659=AXIS2_PLACEMENT_3D('',#10707,#8621,#8622);
#7660=AXIS2_PLACEMENT_3D('',#10711,#8625,#8626);
#7661=AXIS2_PLACEMENT_3D('',#10713,#8628,#8629);
#7662=AXIS2_PLACEMENT_3D('',#10719,#8633,#8634);
#7663=AXIS2_PLACEMENT_3D('',#10723,#8637,#8638);
#7664=AXIS2_PLACEMENT_3D('',#10727,#8641,#8642);
#7665=AXIS2_PLACEMENT_3D('',#10729,#8644,#8645);
#7666=AXIS2_PLACEMENT_3D('',#10735,#8649,#8650);
#7667=AXIS2_PLACEMENT_3D('',#10739,#8653,#8654);
#7668=AXIS2_PLACEMENT_3D('',#10743,#8657,#8658);
#7669=AXIS2_PLACEMENT_3D('',#10745,#8660,#8661);
#7670=AXIS2_PLACEMENT_3D('',#10751,#8665,#8666);
#7671=AXIS2_PLACEMENT_3D('',#10755,#8669,#8670);
#7672=AXIS2_PLACEMENT_3D('',#10759,#8673,#8674);
#7673=AXIS2_PLACEMENT_3D('',#10761,#8676,#8677);
#7674=AXIS2_PLACEMENT_3D('',#10767,#8681,#8682);
#7675=AXIS2_PLACEMENT_3D('',#10771,#8685,#8686);
#7676=AXIS2_PLACEMENT_3D('',#10775,#8689,#8690);
#7677=AXIS2_PLACEMENT_3D('',#10777,#8692,#8693);
#7678=AXIS2_PLACEMENT_3D('',#10783,#8697,#8698);
#7679=AXIS2_PLACEMENT_3D('',#10787,#8701,#8702);
#7680=AXIS2_PLACEMENT_3D('',#10791,#8705,#8706);
#7681=AXIS2_PLACEMENT_3D('',#10793,#8708,#8709);
#7682=AXIS2_PLACEMENT_3D('',#10799,#8713,#8714);
#7683=AXIS2_PLACEMENT_3D('',#10803,#8717,#8718);
#7684=AXIS2_PLACEMENT_3D('',#10807,#8721,#8722);
#7685=AXIS2_PLACEMENT_3D('',#10809,#8724,#8725);
#7686=AXIS2_PLACEMENT_3D('',#10815,#8729,#8730);
#7687=AXIS2_PLACEMENT_3D('',#10819,#8733,#8734);
#7688=AXIS2_PLACEMENT_3D('',#10823,#8737,#8738);
#7689=AXIS2_PLACEMENT_3D('',#10825,#8740,#8741);
#7690=AXIS2_PLACEMENT_3D('',#10831,#8745,#8746);
#7691=AXIS2_PLACEMENT_3D('',#10835,#8749,#8750);
#7692=AXIS2_PLACEMENT_3D('',#10839,#8753,#8754);
#7693=AXIS2_PLACEMENT_3D('',#10841,#8756,#8757);
#7694=AXIS2_PLACEMENT_3D('',#10847,#8761,#8762);
#7695=AXIS2_PLACEMENT_3D('',#10851,#8765,#8766);
#7696=AXIS2_PLACEMENT_3D('',#10855,#8769,#8770);
#7697=AXIS2_PLACEMENT_3D('',#10857,#8772,#8773);
#7698=AXIS2_PLACEMENT_3D('',#10863,#8777,#8778);
#7699=AXIS2_PLACEMENT_3D('',#10867,#8781,#8782);
#7700=AXIS2_PLACEMENT_3D('',#10871,#8785,#8786);
#7701=AXIS2_PLACEMENT_3D('',#10873,#8788,#8789);
#7702=AXIS2_PLACEMENT_3D('',#10879,#8793,#8794);
#7703=AXIS2_PLACEMENT_3D('',#10883,#8797,#8798);
#7704=AXIS2_PLACEMENT_3D('',#10887,#8801,#8802);
#7705=AXIS2_PLACEMENT_3D('',#10889,#8804,#8805);
#7706=AXIS2_PLACEMENT_3D('',#10895,#8809,#8810);
#7707=AXIS2_PLACEMENT_3D('',#10899,#8813,#8814);
#7708=AXIS2_PLACEMENT_3D('',#10903,#8817,#8818);
#7709=AXIS2_PLACEMENT_3D('',#10905,#8820,#8821);
#7710=AXIS2_PLACEMENT_3D('',#10911,#8825,#8826);
#7711=AXIS2_PLACEMENT_3D('',#10915,#8829,#8830);
#7712=AXIS2_PLACEMENT_3D('',#10919,#8833,#8834);
#7713=AXIS2_PLACEMENT_3D('',#10921,#8836,#8837);
#7714=AXIS2_PLACEMENT_3D('',#10927,#8841,#8842);
#7715=AXIS2_PLACEMENT_3D('',#10931,#8845,#8846);
#7716=AXIS2_PLACEMENT_3D('',#10935,#8849,#8850);
#7717=AXIS2_PLACEMENT_3D('',#10937,#8852,#8853);
#7718=AXIS2_PLACEMENT_3D('',#10943,#8857,#8858);
#7719=AXIS2_PLACEMENT_3D('',#10947,#8861,#8862);
#7720=AXIS2_PLACEMENT_3D('',#10951,#8865,#8866);
#7721=AXIS2_PLACEMENT_3D('',#10953,#8868,#8869);
#7722=AXIS2_PLACEMENT_3D('',#10959,#8873,#8874);
#7723=AXIS2_PLACEMENT_3D('',#10963,#8877,#8878);
#7724=AXIS2_PLACEMENT_3D('',#10967,#8881,#8882);
#7725=AXIS2_PLACEMENT_3D('',#10969,#8884,#8885);
#7726=AXIS2_PLACEMENT_3D('',#10975,#8889,#8890);
#7727=AXIS2_PLACEMENT_3D('',#10979,#8893,#8894);
#7728=AXIS2_PLACEMENT_3D('',#10983,#8897,#8898);
#7729=AXIS2_PLACEMENT_3D('',#10985,#8900,#8901);
#7730=AXIS2_PLACEMENT_3D('',#10991,#8905,#8906);
#7731=AXIS2_PLACEMENT_3D('',#10995,#8909,#8910);
#7732=AXIS2_PLACEMENT_3D('',#10999,#8913,#8914);
#7733=AXIS2_PLACEMENT_3D('',#11001,#8916,#8917);
#7734=AXIS2_PLACEMENT_3D('',#11007,#8921,#8922);
#7735=AXIS2_PLACEMENT_3D('',#11011,#8925,#8926);
#7736=AXIS2_PLACEMENT_3D('',#11015,#8929,#8930);
#7737=AXIS2_PLACEMENT_3D('',#11017,#8932,#8933);
#7738=AXIS2_PLACEMENT_3D('',#11023,#8937,#8938);
#7739=AXIS2_PLACEMENT_3D('',#11027,#8941,#8942);
#7740=AXIS2_PLACEMENT_3D('',#11031,#8945,#8946);
#7741=AXIS2_PLACEMENT_3D('',#11033,#8948,#8949);
#7742=AXIS2_PLACEMENT_3D('',#11039,#8953,#8954);
#7743=AXIS2_PLACEMENT_3D('',#11043,#8957,#8958);
#7744=AXIS2_PLACEMENT_3D('',#11047,#8961,#8962);
#7745=AXIS2_PLACEMENT_3D('',#11049,#8964,#8965);
#7746=AXIS2_PLACEMENT_3D('',#11055,#8969,#8970);
#7747=AXIS2_PLACEMENT_3D('',#11059,#8973,#8974);
#7748=AXIS2_PLACEMENT_3D('',#11063,#8977,#8978);
#7749=AXIS2_PLACEMENT_3D('',#11065,#8980,#8981);
#7750=AXIS2_PLACEMENT_3D('',#11071,#8985,#8986);
#7751=AXIS2_PLACEMENT_3D('',#11075,#8989,#8990);
#7752=AXIS2_PLACEMENT_3D('',#11079,#8993,#8994);
#7753=AXIS2_PLACEMENT_3D('',#11081,#8996,#8997);
#7754=AXIS2_PLACEMENT_3D('',#11087,#9001,#9002);
#7755=AXIS2_PLACEMENT_3D('',#11091,#9005,#9006);
#7756=AXIS2_PLACEMENT_3D('',#11095,#9009,#9010);
#7757=AXIS2_PLACEMENT_3D('',#11097,#9012,#9013);
#7758=AXIS2_PLACEMENT_3D('',#11103,#9017,#9018);
#7759=AXIS2_PLACEMENT_3D('',#11107,#9021,#9022);
#7760=AXIS2_PLACEMENT_3D('',#11111,#9025,#9026);
#7761=AXIS2_PLACEMENT_3D('',#11113,#9028,#9029);
#7762=AXIS2_PLACEMENT_3D('',#11119,#9033,#9034);
#7763=AXIS2_PLACEMENT_3D('',#11123,#9037,#9038);
#7764=AXIS2_PLACEMENT_3D('',#11127,#9041,#9042);
#7765=AXIS2_PLACEMENT_3D('',#11129,#9044,#9045);
#7766=AXIS2_PLACEMENT_3D('',#11135,#9049,#9050);
#7767=AXIS2_PLACEMENT_3D('',#11139,#9053,#9054);
#7768=AXIS2_PLACEMENT_3D('',#11143,#9057,#9058);
#7769=AXIS2_PLACEMENT_3D('',#11145,#9060,#9061);
#7770=AXIS2_PLACEMENT_3D('',#11151,#9065,#9066);
#7771=AXIS2_PLACEMENT_3D('',#11155,#9069,#9070);
#7772=AXIS2_PLACEMENT_3D('',#11159,#9073,#9074);
#7773=AXIS2_PLACEMENT_3D('',#11161,#9076,#9077);
#7774=AXIS2_PLACEMENT_3D('',#11167,#9081,#9082);
#7775=AXIS2_PLACEMENT_3D('',#11171,#9085,#9086);
#7776=AXIS2_PLACEMENT_3D('',#11175,#9089,#9090);
#7777=AXIS2_PLACEMENT_3D('',#11177,#9092,#9093);
#7778=AXIS2_PLACEMENT_3D('',#11183,#9097,#9098);
#7779=AXIS2_PLACEMENT_3D('',#11187,#9101,#9102);
#7780=AXIS2_PLACEMENT_3D('',#11191,#9105,#9106);
#7781=AXIS2_PLACEMENT_3D('',#11193,#9108,#9109);
#7782=AXIS2_PLACEMENT_3D('',#11199,#9113,#9114);
#7783=AXIS2_PLACEMENT_3D('',#11203,#9117,#9118);
#7784=AXIS2_PLACEMENT_3D('',#11207,#9121,#9122);
#7785=AXIS2_PLACEMENT_3D('',#11209,#9124,#9125);
#7786=AXIS2_PLACEMENT_3D('',#11215,#9129,#9130);
#7787=AXIS2_PLACEMENT_3D('',#11219,#9133,#9134);
#7788=AXIS2_PLACEMENT_3D('',#11223,#9137,#9138);
#7789=AXIS2_PLACEMENT_3D('',#11225,#9140,#9141);
#7790=AXIS2_PLACEMENT_3D('',#11231,#9145,#9146);
#7791=AXIS2_PLACEMENT_3D('',#11235,#9149,#9150);
#7792=AXIS2_PLACEMENT_3D('',#11239,#9153,#9154);
#7793=AXIS2_PLACEMENT_3D('',#11241,#9156,#9157);
#7794=AXIS2_PLACEMENT_3D('',#11247,#9161,#9162);
#7795=AXIS2_PLACEMENT_3D('',#11251,#9165,#9166);
#7796=AXIS2_PLACEMENT_3D('',#11255,#9169,#9170);
#7797=AXIS2_PLACEMENT_3D('',#11257,#9172,#9173);
#7798=AXIS2_PLACEMENT_3D('',#11263,#9177,#9178);
#7799=AXIS2_PLACEMENT_3D('',#11267,#9181,#9182);
#7800=AXIS2_PLACEMENT_3D('',#11271,#9185,#9186);
#7801=AXIS2_PLACEMENT_3D('',#11273,#9188,#9189);
#7802=AXIS2_PLACEMENT_3D('',#11279,#9193,#9194);
#7803=AXIS2_PLACEMENT_3D('',#11283,#9197,#9198);
#7804=AXIS2_PLACEMENT_3D('',#11287,#9201,#9202);
#7805=AXIS2_PLACEMENT_3D('',#11289,#9204,#9205);
#7806=AXIS2_PLACEMENT_3D('',#11295,#9209,#9210);
#7807=AXIS2_PLACEMENT_3D('',#11299,#9213,#9214);
#7808=AXIS2_PLACEMENT_3D('',#11303,#9217,#9218);
#7809=AXIS2_PLACEMENT_3D('',#11305,#9220,#9221);
#7810=AXIS2_PLACEMENT_3D('',#11311,#9225,#9226);
#7811=AXIS2_PLACEMENT_3D('',#11315,#9229,#9230);
#7812=AXIS2_PLACEMENT_3D('',#11319,#9233,#9234);
#7813=AXIS2_PLACEMENT_3D('',#11321,#9236,#9237);
#7814=AXIS2_PLACEMENT_3D('',#11327,#9241,#9242);
#7815=AXIS2_PLACEMENT_3D('',#11331,#9245,#9246);
#7816=AXIS2_PLACEMENT_3D('',#11335,#9249,#9250);
#7817=AXIS2_PLACEMENT_3D('',#11337,#9252,#9253);
#7818=AXIS2_PLACEMENT_3D('',#11343,#9257,#9258);
#7819=AXIS2_PLACEMENT_3D('',#11347,#9261,#9262);
#7820=AXIS2_PLACEMENT_3D('',#11351,#9265,#9266);
#7821=AXIS2_PLACEMENT_3D('',#11353,#9268,#9269);
#7822=AXIS2_PLACEMENT_3D('',#11359,#9273,#9274);
#7823=AXIS2_PLACEMENT_3D('',#11363,#9277,#9278);
#7824=AXIS2_PLACEMENT_3D('',#11367,#9281,#9282);
#7825=AXIS2_PLACEMENT_3D('',#11369,#9284,#9285);
#7826=AXIS2_PLACEMENT_3D('',#11375,#9289,#9290);
#7827=AXIS2_PLACEMENT_3D('',#11379,#9293,#9294);
#7828=AXIS2_PLACEMENT_3D('',#11383,#9297,#9298);
#7829=AXIS2_PLACEMENT_3D('',#11385,#9300,#9301);
#7830=AXIS2_PLACEMENT_3D('',#11391,#9305,#9306);
#7831=AXIS2_PLACEMENT_3D('',#11395,#9309,#9310);
#7832=AXIS2_PLACEMENT_3D('',#11399,#9313,#9314);
#7833=AXIS2_PLACEMENT_3D('',#11401,#9316,#9317);
#7834=AXIS2_PLACEMENT_3D('',#11407,#9321,#9322);
#7835=AXIS2_PLACEMENT_3D('',#11411,#9325,#9326);
#7836=AXIS2_PLACEMENT_3D('',#11415,#9329,#9330);
#7837=AXIS2_PLACEMENT_3D('',#11417,#9332,#9333);
#7838=AXIS2_PLACEMENT_3D('',#11423,#9337,#9338);
#7839=AXIS2_PLACEMENT_3D('',#11427,#9341,#9342);
#7840=AXIS2_PLACEMENT_3D('',#11431,#9345,#9346);
#7841=AXIS2_PLACEMENT_3D('',#11433,#9348,#9349);
#7842=AXIS2_PLACEMENT_3D('',#11439,#9353,#9354);
#7843=AXIS2_PLACEMENT_3D('',#11443,#9357,#9358);
#7844=AXIS2_PLACEMENT_3D('',#11447,#9361,#9362);
#7845=AXIS2_PLACEMENT_3D('',#11449,#9364,#9365);
#7846=AXIS2_PLACEMENT_3D('',#11455,#9369,#9370);
#7847=AXIS2_PLACEMENT_3D('',#11459,#9373,#9374);
#7848=AXIS2_PLACEMENT_3D('',#11463,#9377,#9378);
#7849=AXIS2_PLACEMENT_3D('',#11465,#9380,#9381);
#7850=AXIS2_PLACEMENT_3D('',#11471,#9385,#9386);
#7851=AXIS2_PLACEMENT_3D('',#11475,#9389,#9390);
#7852=AXIS2_PLACEMENT_3D('',#11479,#9393,#9394);
#7853=AXIS2_PLACEMENT_3D('',#11481,#9396,#9397);
#7854=AXIS2_PLACEMENT_3D('',#11487,#9401,#9402);
#7855=AXIS2_PLACEMENT_3D('',#11491,#9405,#9406);
#7856=AXIS2_PLACEMENT_3D('',#11495,#9409,#9410);
#7857=AXIS2_PLACEMENT_3D('',#11497,#9412,#9413);
#7858=AXIS2_PLACEMENT_3D('',#11503,#9417,#9418);
#7859=AXIS2_PLACEMENT_3D('',#11507,#9421,#9422);
#7860=AXIS2_PLACEMENT_3D('',#11511,#9425,#9426);
#7861=AXIS2_PLACEMENT_3D('',#11513,#9428,#9429);
#7862=AXIS2_PLACEMENT_3D('',#11519,#9433,#9434);
#7863=AXIS2_PLACEMENT_3D('',#11523,#9437,#9438);
#7864=AXIS2_PLACEMENT_3D('',#11527,#9441,#9442);
#7865=AXIS2_PLACEMENT_3D('',#11529,#9444,#9445);
#7866=AXIS2_PLACEMENT_3D('',#11533,#9448,#9449);
#7867=AXIS2_PLACEMENT_3D('',#11537,#9452,#9453);
#7868=AXIS2_PLACEMENT_3D('',#11539,#9455,#9456);
#7869=AXIS2_PLACEMENT_3D('',#11540,#9457,#9458);
#7870=AXIS2_PLACEMENT_3D('',#11557,#9467,#9468);
#7871=AXIS2_PLACEMENT_3D('',#11563,#9472,#9473);
#7872=AXIS2_PLACEMENT_3D('',#11567,#9476,#9477);
#7873=AXIS2_PLACEMENT_3D('',#11571,#9480,#9481);
#7874=AXIS2_PLACEMENT_3D('',#11575,#9484,#9485);
#7875=AXIS2_PLACEMENT_3D('',#11578,#9486,#9487);
#7876=AXIS2_PLACEMENT_3D('',#11582,#9489,#9490);
#7877=AXIS2_PLACEMENT_3D('',#11586,#9492,#9493);
#7878=AXIS2_PLACEMENT_3D('',#11590,#9495,#9496);
#7879=AXIS2_PLACEMENT_3D('',#11593,#9498,#9499);
#7880=AXIS2_PLACEMENT_3D('',#11595,#9500,#9501);
#7881=AXIS2_PLACEMENT_3D('',#11597,#9502,#9503);
#7882=AXIS2_PLACEMENT_3D('',#11599,#9504,#9505);
#7883=AXIS2_PLACEMENT_3D('',#11601,#9506,#9507);
#7884=AXIS2_PLACEMENT_3D('',#11603,#9508,#9509);
#7885=AXIS2_PLACEMENT_3D('',#11605,#9510,#9511);
#7886=AXIS2_PLACEMENT_3D('',#11607,#9512,#9513);
#7887=AXIS2_PLACEMENT_3D('',#11608,#9514,#9515);
#7888=AXIS2_PLACEMENT_3D('',#11612,#9518,#9519);
#7889=AXIS2_PLACEMENT_3D('',#11618,#9523,#9524);
#7890=AXIS2_PLACEMENT_3D('',#11621,#9526,#9527);
#7891=AXIS2_PLACEMENT_3D('',#11622,#9528,#9529);
#7892=AXIS2_PLACEMENT_3D('',#11626,#9532,#9533);
#7893=AXIS2_PLACEMENT_3D('',#11629,#9535,#9536);
#7894=AXIS2_PLACEMENT_3D('',#11630,#9537,#9538);
#7895=AXIS2_PLACEMENT_3D('',#11634,#9540,#9541);
#7896=AXIS2_PLACEMENT_3D('',#11637,#9543,#9544);
#7897=AXIS2_PLACEMENT_3D('',#11644,#9548,#9549);
#7898=AXIS2_PLACEMENT_3D('',#11646,#9550,#9551);
#7899=AXIS2_PLACEMENT_3D('',#11648,#9552,#9553);
#7900=AXIS2_PLACEMENT_3D('',#11650,#9554,#9555);
#7901=AXIS2_PLACEMENT_3D('',#11652,#9556,#9557);
#7902=AXIS2_PLACEMENT_3D('',#11654,#9558,#9559);
#7903=AXIS2_PLACEMENT_3D('',#11656,#9560,#9561);
#7904=AXIS2_PLACEMENT_3D('',#11658,#9562,#9563);
#7905=AXIS2_PLACEMENT_3D('',#11659,#9564,#9565);
#7906=AXIS2_PLACEMENT_3D('',#11661,#9567,#9568);
#7907=AXIS2_PLACEMENT_3D('',#11664,#9571,#9572);
#7908=AXIS2_PLACEMENT_3D('',#11665,#9573,#9574);
#7909=AXIS2_PLACEMENT_3D('',#11667,#9576,#9577);
#7910=AXIS2_PLACEMENT_3D('',#11669,#9579,#9580);
#7911=AXIS2_PLACEMENT_3D('',#11671,#9582,#9583);
#7912=AXIS2_PLACEMENT_3D('',#11673,#9585,#9586);
#7913=AXIS2_PLACEMENT_3D('',#11675,#9588,#9589);
#7914=AXIS2_PLACEMENT_3D('',#11677,#9591,#9592);
#7915=AXIS2_PLACEMENT_3D('',#11679,#9594,#9595);
#7916=AXIS2_PLACEMENT_3D('',#11681,#9597,#9598);
#7917=AXIS2_PLACEMENT_3D('',#11683,#9600,#9601);
#7918=AXIS2_PLACEMENT_3D('',#11685,#9603,#9604);
#7919=AXIS2_PLACEMENT_3D('',#11686,#9605,#9606);
#7920=AXIS2_PLACEMENT_3D('',#11687,#9607,#9608);
#7921=AXIS2_PLACEMENT_3D('',#11690,#9609,#9610);
#7922=AXIS2_PLACEMENT_3D('',#11694,#9612,#9613);
#7923=AXIS2_PLACEMENT_3D('',#11696,#9615,#9616);
#7924=AXIS2_PLACEMENT_3D('',#11702,#9620,#9621);
#7925=AXIS2_PLACEMENT_3D('',#11704,#9622,#9623);
#7926=AXIS2_PLACEMENT_3D('',#11706,#9624,#9625);
#7927=AXIS2_PLACEMENT_3D('',#11708,#9627,#9628);
#7928=AXIS2_PLACEMENT_3D('',#11714,#9632,#9633);
#7929=AXIS2_PLACEMENT_3D('',#11716,#9634,#9635);
#7930=AXIS2_PLACEMENT_3D('',#11718,#9636,#9637);
#7931=AXIS2_PLACEMENT_3D('',#11720,#9639,#9640);
#7932=AXIS2_PLACEMENT_3D('',#11726,#9644,#9645);
#7933=AXIS2_PLACEMENT_3D('',#11728,#9646,#9647);
#7934=AXIS2_PLACEMENT_3D('',#11730,#9648,#9649);
#7935=AXIS2_PLACEMENT_3D('',#11732,#9651,#9652);
#7936=AXIS2_PLACEMENT_3D('',#11738,#9656,#9657);
#7937=AXIS2_PLACEMENT_3D('',#11740,#9658,#9659);
#7938=AXIS2_PLACEMENT_3D('',#11742,#9660,#9661);
#7939=AXIS2_PLACEMENT_3D('',#11744,#9663,#9664);
#7940=AXIS2_PLACEMENT_3D('',#11750,#9668,#9669);
#7941=AXIS2_PLACEMENT_3D('',#11752,#9670,#9671);
#7942=AXIS2_PLACEMENT_3D('',#11754,#9672,#9673);
#7943=AXIS2_PLACEMENT_3D('',#11756,#9675,#9676);
#7944=AXIS2_PLACEMENT_3D('',#11759,#9679,#9680);
#7945=AXIS2_PLACEMENT_3D('',#11762,#9681,#9682);
#7946=AXIS2_PLACEMENT_3D('',#11766,#9684,#9685);
#7947=AXIS2_PLACEMENT_3D('',#11768,#9687,#9688);
#7948=AXIS2_PLACEMENT_3D('',#11774,#9692,#9693);
#7949=AXIS2_PLACEMENT_3D('',#11778,#9695,#9696);
#7950=AXIS2_PLACEMENT_3D('',#11782,#9698,#9699);
#7951=AXIS2_PLACEMENT_3D('',#11785,#9701,#9702);
#7952=AXIS2_PLACEMENT_3D('',#11794,#9707,#9708);
#7953=AXIS2_PLACEMENT_3D('',#11798,#9710,#9711);
#7954=AXIS2_PLACEMENT_3D('',#11800,#9713,#9714);
#7955=AXIS2_PLACEMENT_3D('',#11804,#9717,#9718);
#7956=AXIS2_PLACEMENT_3D('',#11805,#9719,#9720);
#7957=AXIS2_PLACEMENT_3D('',#11806,#9721,#9722);
#7958=AXIS2_PLACEMENT_3D('',#11810,#9724,#9725);
#7959=AXIS2_PLACEMENT_3D('',#11812,#9727,#9728);
#7960=AXIS2_PLACEMENT_3D('',#11814,#9730,#9731);
#7961=AXIS2_PLACEMENT_3D('',#11816,#9732,#9733);
#7962=AXIS2_PLACEMENT_3D('',#11817,#9734,#9735);
#7963=AXIS2_PLACEMENT_3D('',#11819,#9736,#9737);
#7964=AXIS2_PLACEMENT_3D('',#11820,#9738,#9739);
#7965=AXIS2_PLACEMENT_3D('',#11822,#9740,#9741);
#7966=AXIS2_PLACEMENT_3D('',#11823,#9742,#9743);
#7967=AXIS2_PLACEMENT_3D('',#11825,#9744,#9745);
#7968=AXIS2_PLACEMENT_3D('',#11826,#9746,#9747);
#7969=AXIS2_PLACEMENT_3D('',#11843,#9756,#9757);
#7970=AXIS2_PLACEMENT_3D('',#11846,#9760,#9761);
#7971=AXIS2_PLACEMENT_3D('',#11848,#9763,#9764);
#7972=AXIS2_PLACEMENT_3D('',#11850,#9766,#9767);
#7973=AXIS2_PLACEMENT_3D('',#11851,#9768,#9769);
#7974=AXIS2_PLACEMENT_3D('',#11854,#9771,#9772);
#7975=AXIS2_PLACEMENT_3D('',#11855,#9773,#9774);
#7976=AXIS2_PLACEMENT_3D('',#11858,#9776,#9777);
#7977=AXIS2_PLACEMENT_3D('',#11859,#9778,#9779);
#7978=AXIS2_PLACEMENT_3D('',#11862,#9781,#9782);
#7979=AXIS2_PLACEMENT_3D('',#11863,#9783,#9784);
#7980=AXIS2_PLACEMENT_3D('',#11869,#9788,#9789);
#7981=AXIS2_PLACEMENT_3D('',#11873,#9792,#9793);
#7982=AXIS2_PLACEMENT_3D('',#11877,#9796,#9797);
#7983=AXIS2_PLACEMENT_3D('',#11879,#9799,#9800);
#7984=AXIS2_PLACEMENT_3D('',#11882,#9802,#9803);
#7985=AXIS2_PLACEMENT_3D('',#11883,#9804,#9805);
#7986=AXIS2_PLACEMENT_3D('',#11885,#9807,#9808);
#7987=DIRECTION('axis',(0.,0.,1.));
#7988=DIRECTION('refdir',(1.,0.,0.));
#7989=DIRECTION('center_axis',(0.,0.,1.));
#7990=DIRECTION('ref_axis',(1.,0.,0.));
#7991=DIRECTION('center_axis',(-6.89710523487901E-49,-9.62964972193618E-35,
1.));
#7992=DIRECTION('ref_axis',(1.,0.,0.));
#7993=DIRECTION('',(0.,0.,1.));
#7994=DIRECTION('center_axis',(6.89710523487901E-49,9.62964972193618E-35,
-1.));
#7995=DIRECTION('ref_axis',(1.,0.,0.));
#7996=DIRECTION('center_axis',(0.,0.,1.));
#7997=DIRECTION('ref_axis',(1.,0.,0.));
#7998=DIRECTION('center_axis',(-6.89710523487901E-49,-9.62964972193618E-35,
1.));
#7999=DIRECTION('ref_axis',(1.,0.,0.));
#8000=DIRECTION('',(0.,0.,1.));
#8001=DIRECTION('center_axis',(6.89710523487901E-49,9.62964972193618E-35,
-1.));
#8002=DIRECTION('ref_axis',(1.,0.,0.));
#8003=DIRECTION('center_axis',(0.,0.,1.));
#8004=DIRECTION('ref_axis',(1.,0.,0.));
#8005=DIRECTION('center_axis',(-6.89710523487901E-49,-9.62964972193618E-35,
1.));
#8006=DIRECTION('ref_axis',(1.,0.,0.));
#8007=DIRECTION('',(0.,0.,1.));
#8008=DIRECTION('center_axis',(6.89710523487901E-49,9.62964972193618E-35,
-1.));
#8009=DIRECTION('ref_axis',(1.,0.,0.));
#8010=DIRECTION('center_axis',(0.,0.,1.));
#8011=DIRECTION('ref_axis',(1.,0.,0.));
#8012=DIRECTION('center_axis',(-6.89710523487901E-49,-9.62964972193618E-35,
1.));
#8013=DIRECTION('ref_axis',(1.,0.,0.));
#8014=DIRECTION('',(0.,0.,1.));
#8015=DIRECTION('center_axis',(6.89710523487901E-49,9.62964972193618E-35,
-1.));
#8016=DIRECTION('ref_axis',(1.,0.,0.));
#8017=DIRECTION('center_axis',(-4.22604056368399E-32,-5.07530525542929E-16,
-1.));
#8018=DIRECTION('ref_axis',(0.707106781186541,-0.707106781186554,7.85046229341897E-16));
#8019=DIRECTION('center_axis',(-6.89710523487901E-49,-9.62964972193618E-35,
1.));
#8020=DIRECTION('ref_axis',(0.707106781186541,-0.707106781186554,7.85046229341897E-16));
#8021=DIRECTION('',(-4.22604056368399E-32,-5.07530525542929E-16,-1.));
#8022=DIRECTION('center_axis',(6.89710523487901E-49,9.62964972193618E-35,
-1.));
#8023=DIRECTION('ref_axis',(0.707106781186541,-0.707106781186554,7.85046229341897E-16));
#8024=DIRECTION('',(4.22604056368399E-32,5.07530525542929E-16,1.));
#8025=DIRECTION('center_axis',(1.,-8.32667268468873E-17,2.63202273210393E-46));
#8026=DIRECTION('ref_axis',(-8.32667268468873E-17,-1.,5.21023141602628E-16));
#8027=DIRECTION('',(-8.32667268468873E-17,-1.,-9.62964972193618E-35));
#8028=DIRECTION('',(4.22604056368399E-32,5.07530525542929E-16,1.));
#8029=DIRECTION('',(8.32667268468873E-17,1.,9.62964972193618E-35));
#8030=DIRECTION('center_axis',(-4.22604056368399E-32,-5.07530525542929E-16,
-1.));
#8031=DIRECTION('ref_axis',(-0.707106781186554,-0.707106781186541,-6.80919061883221E-35));
#8032=DIRECTION('center_axis',(-6.89710523487901E-49,-9.62964972193618E-35,
1.));
#8033=DIRECTION('ref_axis',(-0.707106781186554,-0.707106781186541,-6.80919061883221E-35));
#8034=DIRECTION('',(-4.22604056368399E-32,-5.07530525542929E-16,-1.));
#8035=DIRECTION('center_axis',(6.89710523487901E-49,9.62964972193618E-35,
-1.));
#8036=DIRECTION('ref_axis',(-0.707106781186554,-0.707106781186541,-6.80919061883221E-35));
#8037=DIRECTION('',(4.22604056368399E-32,5.07530525542929E-16,1.));
#8038=DIRECTION('center_axis',(-8.32667268468872E-17,-1.,5.07530525542929E-16));
#8039=DIRECTION('ref_axis',(-1.,8.32667268468868E-17,-9.45445371429338E-16));
#8040=DIRECTION('',(1.,-8.32667268468872E-17,6.81692229357624E-49));
#8041=DIRECTION('',(-1.,8.32667268468872E-17,-6.81692229357624E-49));
#8042=DIRECTION('center_axis',(-4.22604056368399E-32,-5.07530525542929E-16,
-1.));
#8043=DIRECTION('ref_axis',(-0.707106781186541,0.707106781186554,-7.85046229341897E-16));
#8044=DIRECTION('center_axis',(-6.89710523487901E-49,-9.62964972193618E-35,
1.));
#8045=DIRECTION('ref_axis',(-0.707106781186541,0.707106781186554,-7.85046229341897E-16));
#8046=DIRECTION('',(-4.22604056368399E-32,-5.07530525542929E-16,-1.));
#8047=DIRECTION('center_axis',(6.89710523487901E-49,9.62964972193618E-35,
-1.));
#8048=DIRECTION('ref_axis',(-0.707106781186541,0.707106781186554,-7.85046229341897E-16));
#8049=DIRECTION('',(4.22604056368399E-32,5.07530525542929E-16,1.));
#8050=DIRECTION('center_axis',(-1.,8.32667268468873E-17,-2.63202273210393E-46));
#8051=DIRECTION('ref_axis',(8.32667268468873E-17,1.,-5.21023141602628E-16));
#8052=DIRECTION('',(-8.32667268468873E-17,-1.,-9.62964972193618E-35));
#8053=DIRECTION('',(8.32667268468873E-17,1.,9.62964972193618E-35));
#8054=DIRECTION('center_axis',(-4.22604056368399E-32,-5.07530525542929E-16,
-1.));
#8055=DIRECTION('ref_axis',(0.707106781186554,0.707106781186541,6.80919061883221E-35));
#8056=DIRECTION('center_axis',(-6.89710523487901E-49,-9.62964972193618E-35,
1.));
#8057=DIRECTION('ref_axis',(0.707106781186554,0.707106781186541,6.80919061883221E-35));
#8058=DIRECTION('',(-4.22604056368399E-32,-5.07530525542929E-16,-1.));
#8059=DIRECTION('center_axis',(6.89710523487901E-49,9.62964972193618E-35,
-1.));
#8060=DIRECTION('ref_axis',(0.707106781186554,0.707106781186541,6.80919061883221E-35));
#8061=DIRECTION('center_axis',(8.32667268468872E-17,1.,-5.07530525542929E-16));
#8062=DIRECTION('ref_axis',(1.,-8.32667268468868E-17,9.45445371429338E-16));
#8063=DIRECTION('',(-1.,8.32667268468872E-17,-6.81692229357624E-49));
#8064=DIRECTION('',(1.,-8.32667268468872E-17,6.81692229357624E-49));
#8065=DIRECTION('center_axis',(-8.45208112736798E-32,-1.01506105108586E-15,
-1.));
#8066=DIRECTION('ref_axis',(-0.707106781186554,-0.707106781186541,7.85046229341884E-16));
#8067=DIRECTION('center_axis',(-6.89710523487901E-49,-9.62964972193618E-35,
1.));
#8068=DIRECTION('ref_axis',(-0.707106781186554,-0.707106781186541,7.85046229341884E-16));
#8069=DIRECTION('',(-8.45208112736798E-32,-1.01506105108586E-15,-1.));
#8070=DIRECTION('center_axis',(6.89710523487901E-49,9.62964972193618E-35,
-1.));
#8071=DIRECTION('ref_axis',(-0.707106781186554,-0.707106781186541,7.85046229341884E-16));
#8072=DIRECTION('',(8.45208112736798E-32,1.01506105108586E-15,1.));
#8073=DIRECTION('center_axis',(-8.32667268468877E-17,-1.,1.01506105108586E-15));
#8074=DIRECTION('ref_axis',(-1.,8.32667268468868E-17,-9.45445371429338E-16));
#8075=DIRECTION('',(-1.,8.32667268468877E-17,-6.81692229357624E-49));
#8076=DIRECTION('',(8.45208112736798E-32,1.01506105108586E-15,1.));
#8077=DIRECTION('',(1.,-8.32667268468877E-17,6.81692229357624E-49));
#8078=DIRECTION('center_axis',(-8.45208112736798E-32,-1.01506105108586E-15,
-1.));
#8079=DIRECTION('ref_axis',(0.707106781186541,-0.707106781186554,7.85046229341897E-16));
#8080=DIRECTION('center_axis',(-6.89710523487901E-49,-9.62964972193618E-35,
1.));
#8081=DIRECTION('ref_axis',(0.707106781186541,-0.707106781186554,7.85046229341897E-16));
#8082=DIRECTION('',(-8.45208112736798E-32,-1.01506105108586E-15,-1.));
#8083=DIRECTION('center_axis',(6.89710523487901E-49,9.62964972193618E-35,
-1.));
#8084=DIRECTION('ref_axis',(0.707106781186541,-0.707106781186554,7.85046229341897E-16));
#8085=DIRECTION('center_axis',(1.,-8.32667268468873E-17,5.25722854191428E-46));
#8086=DIRECTION('ref_axis',(-8.32667268468873E-17,-1.,5.21023141602628E-16));
#8087=DIRECTION('',(-8.32667268468873E-17,-1.,-9.62964972193618E-35));
#8088=DIRECTION('',(8.45208112736798E-32,1.01506105108586E-15,1.));
#8089=DIRECTION('',(8.32667268468873E-17,1.,9.62964972193618E-35));
#8090=DIRECTION('center_axis',(-8.45208112736798E-32,-1.01506105108586E-15,
-1.));
#8091=DIRECTION('ref_axis',(0.707106781186554,0.707106781186541,-7.85046229341884E-16));
#8092=DIRECTION('center_axis',(-6.89710523487901E-49,-9.62964972193618E-35,
1.));
#8093=DIRECTION('ref_axis',(0.707106781186554,0.707106781186541,-7.85046229341884E-16));
#8094=DIRECTION('',(-8.45208112736798E-32,-1.01506105108586E-15,-1.));
#8095=DIRECTION('center_axis',(6.89710523487901E-49,9.62964972193618E-35,
-1.));
#8096=DIRECTION('ref_axis',(0.707106781186554,0.707106781186541,-7.85046229341884E-16));
#8097=DIRECTION('center_axis',(8.32667268468877E-17,1.,-1.01506105108586E-15));
#8098=DIRECTION('ref_axis',(1.,-8.32667268468868E-17,9.45445371429338E-16));
#8099=DIRECTION('',(1.,-8.32667268468877E-17,6.81692229357624E-49));
#8100=DIRECTION('',(8.45208112736798E-32,1.01506105108586E-15,1.));
#8101=DIRECTION('',(-1.,8.32667268468877E-17,-6.81692229357624E-49));
#8102=DIRECTION('center_axis',(-8.45208112736798E-32,-1.01506105108586E-15,
-1.));
#8103=DIRECTION('ref_axis',(-0.707106781186541,0.707106781186554,-7.85046229341897E-16));
#8104=DIRECTION('center_axis',(-6.89710523487901E-49,-9.62964972193618E-35,
1.));
#8105=DIRECTION('ref_axis',(-0.707106781186541,0.707106781186554,-7.85046229341897E-16));
#8106=DIRECTION('',(-8.45208112736798E-32,-1.01506105108586E-15,-1.));
#8107=DIRECTION('center_axis',(6.89710523487901E-49,9.62964972193618E-35,
-1.));
#8108=DIRECTION('ref_axis',(-0.707106781186541,0.707106781186554,-7.85046229341897E-16));
#8109=DIRECTION('center_axis',(-1.,8.32667268468873E-17,-5.25722854191428E-46));
#8110=DIRECTION('ref_axis',(8.32667268468873E-17,1.,-5.21023141602628E-16));
#8111=DIRECTION('',(-8.32667268468873E-17,-1.,-9.62964972193618E-35));
#8112=DIRECTION('',(8.32667268468873E-17,1.,9.62964972193618E-35));
#8113=DIRECTION('center_axis',(1.,-8.32667268468867E-17,6.81692229357624E-49));
#8114=DIRECTION('ref_axis',(-8.32667268468867E-17,-1.,-9.62964972193618E-35));
#8115=DIRECTION('',(8.32667268468867E-17,1.,9.62964972193618E-35));
#8116=DIRECTION('',(-6.89710523487901E-49,-9.62964972193618E-35,1.));
#8117=DIRECTION('',(-8.32667268468867E-17,-1.,-9.62964972193618E-35));
#8118=DIRECTION('',(6.89710523487901E-49,9.62964972193618E-35,-1.));
#8119=DIRECTION('center_axis',(-1.,8.32667268468867E-17,-6.81692229357624E-49));
#8120=DIRECTION('ref_axis',(8.32667268468867E-17,1.,9.62964972193618E-35));
#8121=DIRECTION('',(-8.32667268468867E-17,-1.,-9.62964972193618E-35));
#8122=DIRECTION('',(-6.89710523487901E-49,-9.62964972193618E-35,1.));
#8123=DIRECTION('',(8.32667268468867E-17,1.,9.62964972193618E-35));
#8124=DIRECTION('',(6.89710523487901E-49,9.62964972193618E-35,-1.));
#8125=DIRECTION('center_axis',(-8.32667268468867E-17,-1.,-9.62964972193618E-35));
#8126=DIRECTION('ref_axis',(-1.,8.32667268468867E-17,-6.81692229357624E-49));
#8127=DIRECTION('',(1.,-8.32667268468867E-17,6.81692229357624E-49));
#8128=DIRECTION('',(-1.,8.32667268468867E-17,-6.81692229357624E-49));
#8129=DIRECTION('center_axis',(-6.89710523487901E-49,-9.62964972193618E-35,
1.));
#8130=DIRECTION('ref_axis',(1.,-8.32667268468867E-17,6.81692229357624E-49));
#8131=DIRECTION('',(1.,-8.32667268468867E-17,6.81692229357624E-49));
#8132=DIRECTION('',(8.32667268468867E-17,1.,9.62964972193618E-35));
#8133=DIRECTION('',(-1.,8.32667268468867E-17,-6.81692229357624E-49));
#8134=DIRECTION('',(-8.32667268468867E-17,-1.,-9.62964972193618E-35));
#8135=DIRECTION('',(1.,-8.32667268468867E-17,6.81692229357624E-49));
#8136=DIRECTION('',(-8.3266726846887E-17,-1.,-9.62964972193618E-35));
#8137=DIRECTION('',(-1.,8.32667268468876E-17,-6.81692229357624E-49));
#8138=DIRECTION('',(8.3266726846887E-17,1.,9.62964972193618E-35));
#8139=DIRECTION('',(1.,-8.32667268468876E-17,6.81692229357624E-49));
#8140=DIRECTION('',(-8.32667268468868E-17,-1.,-9.62964972193618E-35));
#8141=DIRECTION('',(-1.,8.32667268468876E-17,-6.81692229357624E-49));
#8142=DIRECTION('',(8.32667268468868E-17,1.,9.62964972193618E-35));
#8143=DIRECTION('',(1.,-8.32667268468876E-17,6.81692229357624E-49));
#8144=DIRECTION('',(-8.32667268468868E-17,-1.,-9.62964972193618E-35));
#8145=DIRECTION('',(-1.,8.32667268468876E-17,-6.81692229357624E-49));
#8146=DIRECTION('',(8.32667268468868E-17,1.,9.62964972193618E-35));
#8147=DIRECTION('',(1.,-8.32667268468876E-17,6.81692229357624E-49));
#8148=DIRECTION('',(-8.32667268468868E-17,-1.,-9.62964972193618E-35));
#8149=DIRECTION('',(-1.,8.32667268468876E-17,-6.81692229357624E-49));
#8150=DIRECTION('',(8.32667268468868E-17,1.,9.62964972193618E-35));
#8151=DIRECTION('',(1.,-8.32667268468876E-17,6.81692229357624E-49));
#8152=DIRECTION('',(-8.32667268468871E-17,-1.,-9.62964972193618E-35));
#8153=DIRECTION('',(-1.,8.32667268468876E-17,-6.81692229357624E-49));
#8154=DIRECTION('',(8.32667268468873E-17,1.,9.62964972193618E-35));
#8155=DIRECTION('',(1.,-8.32667268468877E-17,6.81692229357624E-49));
#8156=DIRECTION('',(-8.32667268468873E-17,-1.,-9.62964972193618E-35));
#8157=DIRECTION('',(-1.,8.32667268468876E-17,-6.81692229357624E-49));
#8158=DIRECTION('',(8.32667268468873E-17,1.,9.62964972193618E-35));
#8159=DIRECTION('',(1.,-8.32667268468876E-17,6.81692229357624E-49));
#8160=DIRECTION('',(-8.32667268468868E-17,-1.,-9.62964972193618E-35));
#8161=DIRECTION('',(-1.,8.32667268468876E-17,-6.81692229357624E-49));
#8162=DIRECTION('',(8.32667268468868E-17,1.,9.62964972193618E-35));
#8163=DIRECTION('',(1.,-8.32667268468876E-17,6.81692229357624E-49));
#8164=DIRECTION('',(-8.32667268468868E-17,-1.,-9.62964972193618E-35));
#8165=DIRECTION('',(-1.,8.32667268468876E-17,-6.81692229357624E-49));
#8166=DIRECTION('',(8.32667268468868E-17,1.,9.62964972193618E-35));
#8167=DIRECTION('',(1.,-8.32667268468876E-17,6.81692229357624E-49));
#8168=DIRECTION('',(-8.32667268468871E-17,-1.,-9.62964972193618E-35));
#8169=DIRECTION('',(-1.,8.32667268468876E-17,-6.81692229357624E-49));
#8170=DIRECTION('',(8.3266726846887E-17,1.,9.62964972193618E-35));
#8171=DIRECTION('',(1.,-8.32667268468876E-17,6.81692229357624E-49));
#8172=DIRECTION('',(-8.32667268468871E-17,-1.,-9.62964972193618E-35));
#8173=DIRECTION('',(-1.,8.32667268468876E-17,-6.81692229357624E-49));
#8174=DIRECTION('',(8.3266726846887E-17,1.,9.62964972193618E-35));
#8175=DIRECTION('',(1.,-8.32667268468876E-17,6.81692229357624E-49));
#8176=DIRECTION('',(-8.32667268468868E-17,-1.,-9.62964972193618E-35));
#8177=DIRECTION('',(-1.,8.32667268468876E-17,-6.81692229357624E-49));
#8178=DIRECTION('',(8.32667268468868E-17,1.,9.62964972193618E-35));
#8179=DIRECTION('',(1.,-8.32667268468876E-17,6.81692229357624E-49));
#8180=DIRECTION('',(-8.32667268468868E-17,-1.,-9.62964972193618E-35));
#8181=DIRECTION('',(-1.,8.32667268468876E-17,-6.81692229357624E-49));
#8182=DIRECTION('',(8.32667268468868E-17,1.,9.62964972193618E-35));
#8183=DIRECTION('',(1.,-8.32667268468876E-17,6.81692229357624E-49));
#8184=DIRECTION('',(-8.32667268468873E-17,-1.,-9.62964972193618E-35));
#8185=DIRECTION('',(-1.,8.32667268468876E-17,-6.81692229357624E-49));
#8186=DIRECTION('',(8.32667268468873E-17,1.,9.62964972193618E-35));
#8187=DIRECTION('',(1.,-8.32667268468876E-17,6.81692229357624E-49));
#8188=DIRECTION('',(-8.32667268468868E-17,-1.,-9.62964972193618E-35));
#8189=DIRECTION('',(-1.,8.32667268468876E-17,-6.81692229357624E-49));
#8190=DIRECTION('',(8.32667268468868E-17,1.,9.62964972193618E-35));
#8191=DIRECTION('',(1.,-8.32667268468876E-17,6.81692229357624E-49));
#8192=DIRECTION('',(-8.32667268468868E-17,-1.,-9.62964972193618E-35));
#8193=DIRECTION('',(-1.,8.32667268468876E-17,-6.81692229357624E-49));
#8194=DIRECTION('',(8.32667268468868E-17,1.,9.62964972193618E-35));
#8195=DIRECTION('',(1.,-8.32667268468876E-17,6.81692229357624E-49));
#8196=DIRECTION('',(-8.32667268468871E-17,-1.,-9.62964972193618E-35));
#8197=DIRECTION('',(-1.,8.32667268468876E-17,-6.81692229357624E-49));
#8198=DIRECTION('',(8.3266726846887E-17,1.,9.62964972193618E-35));
#8199=DIRECTION('',(1.,-8.32667268468876E-17,6.81692229357624E-49));
#8200=DIRECTION('',(-8.32667268468871E-17,-1.,-9.62964972193618E-35));
#8201=DIRECTION('',(-1.,8.32667268468876E-17,-6.81692229357624E-49));
#8202=DIRECTION('',(8.3266726846887E-17,1.,9.62964972193618E-35));
#8203=DIRECTION('',(1.,-8.32667268468876E-17,6.81692229357624E-49));
#8204=DIRECTION('',(-8.32667268468868E-17,-1.,-9.62964972193618E-35));
#8205=DIRECTION('',(-1.,8.32667268468876E-17,-6.81692229357624E-49));
#8206=DIRECTION('',(8.32667268468868E-17,1.,9.62964972193618E-35));
#8207=DIRECTION('',(1.,-8.32667268468876E-17,6.81692229357624E-49));
#8208=DIRECTION('',(-8.32667268468868E-17,-1.,-9.62964972193618E-35));
#8209=DIRECTION('',(-1.,8.32667268468876E-17,-6.81692229357624E-49));
#8210=DIRECTION('',(8.32667268468868E-17,1.,9.62964972193618E-35));
#8211=DIRECTION('',(1.,-8.32667268468876E-17,6.81692229357624E-49));
#8212=DIRECTION('',(-8.32667268468873E-17,-1.,-9.62964972193618E-35));
#8213=DIRECTION('',(-1.,8.32667268468876E-17,-6.81692229357624E-49));
#8214=DIRECTION('',(8.32667268468873E-17,1.,9.62964972193618E-35));
#8215=DIRECTION('',(1.,-8.32667268468876E-17,6.81692229357624E-49));
#8216=DIRECTION('',(-8.32667268468868E-17,-1.,-9.62964972193618E-35));
#8217=DIRECTION('',(-1.,8.32667268468876E-17,-6.81692229357624E-49));
#8218=DIRECTION('',(8.32667268468868E-17,1.,9.62964972193618E-35));
#8219=DIRECTION('',(1.,-8.32667268468876E-17,6.81692229357624E-49));
#8220=DIRECTION('',(-8.32667268468868E-17,-1.,-9.62964972193618E-35));
#8221=DIRECTION('',(-1.,8.32667268468876E-17,-6.81692229357624E-49));
#8222=DIRECTION('',(8.32667268468868E-17,1.,9.62964972193618E-35));
#8223=DIRECTION('',(1.,-8.32667268468876E-17,6.81692229357624E-49));
#8224=DIRECTION('',(-8.32667268468871E-17,-1.,-9.62964972193618E-35));
#8225=DIRECTION('',(-1.,8.32667268468876E-17,-6.81692229357624E-49));
#8226=DIRECTION('',(8.3266726846887E-17,1.,9.62964972193618E-35));
#8227=DIRECTION('',(1.,-8.32667268468876E-17,6.81692229357624E-49));
#8228=DIRECTION('',(-8.32667268468871E-17,-1.,-9.62964972193618E-35));
#8229=DIRECTION('',(-1.,8.32667268468876E-17,-6.81692229357624E-49));
#8230=DIRECTION('',(8.3266726846887E-17,1.,9.62964972193618E-35));
#8231=DIRECTION('',(1.,-8.32667268468876E-17,6.81692229357624E-49));
#8232=DIRECTION('',(-8.32667268468868E-17,-1.,-9.62964972193618E-35));
#8233=DIRECTION('',(-1.,8.32667268468876E-17,-6.81692229357624E-49));
#8234=DIRECTION('',(8.32667268468868E-17,1.,9.62964972193618E-35));
#8235=DIRECTION('',(1.,-8.32667268468876E-17,6.81692229357624E-49));
#8236=DIRECTION('',(-8.32667268468868E-17,-1.,-9.62964972193618E-35));
#8237=DIRECTION('',(-1.,8.32667268468876E-17,-6.81692229357624E-49));
#8238=DIRECTION('',(8.32667268468868E-17,1.,9.62964972193618E-35));
#8239=DIRECTION('',(1.,-8.32667268468876E-17,6.81692229357624E-49));
#8240=DIRECTION('',(-8.32667268468873E-17,-1.,-9.62964972193618E-35));
#8241=DIRECTION('',(-1.,8.32667268468876E-17,-6.81692229357624E-49));
#8242=DIRECTION('',(8.32667268468873E-17,1.,9.62964972193618E-35));
#8243=DIRECTION('',(1.,-8.32667268468876E-17,6.81692229357624E-49));
#8244=DIRECTION('',(-8.32667268468872E-17,-1.,-9.62964972193618E-35));
#8245=DIRECTION('',(-1.,8.32667268468876E-17,-6.81692229357624E-49));
#8246=DIRECTION('',(8.32667268468873E-17,1.,9.62964972193618E-35));
#8247=DIRECTION('',(1.,-8.32667268468876E-17,6.81692229357624E-49));
#8248=DIRECTION('',(-8.32667268468871E-17,-1.,-9.62964972193618E-35));
#8249=DIRECTION('',(-1.,8.32667268468876E-17,-6.81692229357624E-49));
#8250=DIRECTION('',(8.32667268468873E-17,1.,9.62964972193618E-35));
#8251=DIRECTION('',(1.,-8.32667268468877E-17,6.81692229357624E-49));
#8252=DIRECTION('',(-8.32667268468868E-17,-1.,-9.62964972193618E-35));
#8253=DIRECTION('',(-1.,8.32667268468876E-17,-6.81692229357624E-49));
#8254=DIRECTION('',(8.32667268468868E-17,1.,9.62964972193618E-35));
#8255=DIRECTION('',(1.,-8.32667268468876E-17,6.81692229357624E-49));
#8256=DIRECTION('',(-8.32667268468868E-17,-1.,-9.62964972193618E-35));
#8257=DIRECTION('',(-1.,8.32667268468876E-17,-6.81692229357624E-49));
#8258=DIRECTION('',(8.32667268468868E-17,1.,9.62964972193618E-35));
#8259=DIRECTION('',(1.,-8.32667268468876E-17,6.81692229357624E-49));
#8260=DIRECTION('',(-8.32667268468872E-17,-1.,-9.62964972193618E-35));
#8261=DIRECTION('',(-1.,8.32667268468876E-17,-6.81692229357624E-49));
#8262=DIRECTION('',(8.3266726846887E-17,1.,9.62964972193618E-35));
#8263=DIRECTION('',(1.,-8.32667268468875E-17,6.81692229357624E-49));
#8264=DIRECTION('',(-8.32667268468872E-17,-1.,-9.62964972193618E-35));
#8265=DIRECTION('',(-1.,8.32667268468876E-17,-6.81692229357624E-49));
#8266=DIRECTION('',(8.3266726846887E-17,1.,9.62964972193618E-35));
#8267=DIRECTION('',(1.,-8.32667268468875E-17,6.81692229357624E-49));
#8268=DIRECTION('',(-8.32667268468871E-17,-1.,-9.62964972193618E-35));
#8269=DIRECTION('',(-1.,8.32667268468876E-17,-6.81692229357624E-49));
#8270=DIRECTION('',(8.3266726846887E-17,1.,9.62964972193618E-35));
#8271=DIRECTION('',(1.,-8.32667268468876E-17,6.81692229357624E-49));
#8272=DIRECTION('',(-8.32667268468868E-17,-1.,-9.62964972193618E-35));
#8273=DIRECTION('',(-1.,8.32667268468876E-17,-6.81692229357624E-49));
#8274=DIRECTION('',(8.32667268468868E-17,1.,9.62964972193618E-35));
#8275=DIRECTION('',(1.,-8.32667268468876E-17,6.81692229357624E-49));
#8276=DIRECTION('',(-8.32667268468868E-17,-1.,-9.62964972193618E-35));
#8277=DIRECTION('',(-1.,8.32667268468876E-17,-6.81692229357624E-49));
#8278=DIRECTION('',(8.32667268468868E-17,1.,9.62964972193618E-35));
#8279=DIRECTION('',(1.,-8.32667268468876E-17,6.81692229357624E-49));
#8280=DIRECTION('',(-8.32667268468871E-17,-1.,-9.62964972193618E-35));
#8281=DIRECTION('',(-1.,8.32667268468876E-17,-6.81692229357624E-49));
#8282=DIRECTION('',(8.32667268468873E-17,1.,9.62964972193618E-35));
#8283=DIRECTION('',(1.,-8.32667268468877E-17,6.81692229357624E-49));
#8284=DIRECTION('',(-8.32667268468872E-17,-1.,-9.62964972193618E-35));
#8285=DIRECTION('',(-1.,8.32667268468876E-17,-6.81692229357624E-49));
#8286=DIRECTION('',(8.32667268468873E-17,1.,9.62964972193618E-35));
#8287=DIRECTION('',(1.,-8.32667268468876E-17,6.81692229357624E-49));
#8288=DIRECTION('',(-8.32667268468873E-17,-1.,-9.62964972193618E-35));
#8289=DIRECTION('',(-1.,8.32667268468876E-17,-6.81692229357624E-49));
#8290=DIRECTION('',(8.32667268468873E-17,1.,9.62964972193618E-35));
#8291=DIRECTION('',(1.,-8.32667268468876E-17,6.81692229357624E-49));
#8292=DIRECTION('',(-8.32667268468868E-17,-1.,-9.62964972193618E-35));
#8293=DIRECTION('',(-1.,8.32667268468876E-17,-6.81692229357624E-49));
#8294=DIRECTION('',(8.32667268468868E-17,1.,9.62964972193618E-35));
#8295=DIRECTION('',(1.,-8.32667268468876E-17,6.81692229357624E-49));
#8296=DIRECTION('',(-8.32667268468868E-17,-1.,-9.62964972193618E-35));
#8297=DIRECTION('',(-1.,8.32667268468876E-17,-6.81692229357624E-49));
#8298=DIRECTION('',(8.32667268468868E-17,1.,9.62964972193618E-35));
#8299=DIRECTION('',(1.,-8.32667268468876E-17,6.81692229357624E-49));
#8300=DIRECTION('',(-8.32667268468871E-17,-1.,-9.62964972193618E-35));
#8301=DIRECTION('',(-1.,8.32667268468876E-17,-6.81692229357624E-49));
#8302=DIRECTION('',(8.3266726846887E-17,1.,9.62964972193618E-35));
#8303=DIRECTION('',(1.,-8.32667268468876E-17,6.81692229357624E-49));
#8304=DIRECTION('',(-8.32667268468868E-17,-1.,-9.62964972193618E-35));
#8305=DIRECTION('',(-1.,8.32667268468876E-17,-6.81692229357624E-49));
#8306=DIRECTION('',(8.32667268468868E-17,1.,9.62964972193618E-35));
#8307=DIRECTION('',(1.,-8.32667268468876E-17,6.81692229357624E-49));
#8308=DIRECTION('',(-8.32667268468868E-17,-1.,-9.62964972193618E-35));
#8309=DIRECTION('',(-1.,8.32667268468876E-17,-6.81692229357624E-49));
#8310=DIRECTION('',(8.32667268468868E-17,1.,9.62964972193618E-35));
#8311=DIRECTION('',(1.,-8.32667268468876E-17,6.81692229357624E-49));
#8312=DIRECTION('',(-8.32667268468873E-17,-1.,-9.62964972193618E-35));
#8313=DIRECTION('',(-1.,8.32667268468876E-17,-6.81692229357624E-49));
#8314=DIRECTION('',(8.32667268468873E-17,1.,9.62964972193618E-35));
#8315=DIRECTION('',(1.,-8.32667268468876E-17,6.81692229357624E-49));
#8316=DIRECTION('',(-8.32667268468873E-17,-1.,-9.62964972193618E-35));
#8317=DIRECTION('',(-1.,8.32667268468876E-17,-6.81692229357624E-49));
#8318=DIRECTION('',(8.32667268468873E-17,1.,9.62964972193618E-35));
#8319=DIRECTION('',(1.,-8.32667268468876E-17,6.81692229357624E-49));
#8320=DIRECTION('',(-8.32667268468868E-17,-1.,-9.62964972193618E-35));
#8321=DIRECTION('',(-1.,8.32667268468876E-17,-6.81692229357624E-49));
#8322=DIRECTION('',(8.32667268468868E-17,1.,9.62964972193618E-35));
#8323=DIRECTION('',(1.,-8.32667268468876E-17,6.81692229357624E-49));
#8324=DIRECTION('',(-8.32667268468868E-17,-1.,-9.62964972193618E-35));
#8325=DIRECTION('',(-1.,8.32667268468876E-17,-6.81692229357624E-49));
#8326=DIRECTION('',(8.32667268468868E-17,1.,9.62964972193618E-35));
#8327=DIRECTION('',(1.,-8.32667268468876E-17,6.81692229357624E-49));
#8328=DIRECTION('',(-1.,8.32667268468876E-17,-6.81692229357624E-49));
#8329=DIRECTION('',(8.3266726846887E-17,1.,9.62964972193618E-35));
#8330=DIRECTION('',(1.,-8.32667268468876E-17,6.81692229357624E-49));
#8331=DIRECTION('',(-8.3266726846887E-17,-1.,-9.62964972193618E-35));
#8332=DIRECTION('',(-8.32667268468868E-17,-1.,-9.62964972193618E-35));
#8333=DIRECTION('',(-1.,8.32667268468876E-17,-6.81692229357624E-49));
#8334=DIRECTION('',(8.32667268468868E-17,1.,9.62964972193618E-35));
#8335=DIRECTION('',(1.,-8.32667268468876E-17,6.81692229357624E-49));
#8336=DIRECTION('',(-8.32667268468868E-17,-1.,-9.62964972193618E-35));
#8337=DIRECTION('',(-1.,8.32667268468876E-17,-6.81692229357624E-49));
#8338=DIRECTION('',(8.32667268468868E-17,1.,9.62964972193618E-35));
#8339=DIRECTION('',(1.,-8.32667268468876E-17,6.81692229357624E-49));
#8340=DIRECTION('',(-8.32667268468873E-17,-1.,-9.62964972193618E-35));
#8341=DIRECTION('',(-1.,8.32667268468876E-17,-6.81692229357624E-49));
#8342=DIRECTION('',(8.32667268468873E-17,1.,9.62964972193618E-35));
#8343=DIRECTION('',(1.,-8.32667268468876E-17,6.81692229357624E-49));
#8344=DIRECTION('',(-8.32667268468873E-17,-1.,-9.62964972193618E-35));
#8345=DIRECTION('',(-1.,8.32667268468876E-17,-6.81692229357624E-49));
#8346=DIRECTION('',(8.32667268468873E-17,1.,9.62964972193618E-35));
#8347=DIRECTION('',(1.,-8.32667268468876E-17,6.81692229357624E-49));
#8348=DIRECTION('',(-8.32667268468868E-17,-1.,-9.62964972193618E-35));
#8349=DIRECTION('',(-1.,8.32667268468876E-17,-6.81692229357624E-49));
#8350=DIRECTION('',(8.32667268468868E-17,1.,9.62964972193618E-35));
#8351=DIRECTION('',(1.,-8.32667268468876E-17,6.81692229357624E-49));
#8352=DIRECTION('',(-8.32667268468868E-17,-1.,-9.62964972193618E-35));
#8353=DIRECTION('',(-1.,8.32667268468876E-17,-6.81692229357624E-49));
#8354=DIRECTION('',(8.32667268468868E-17,1.,9.62964972193618E-35));
#8355=DIRECTION('',(1.,-8.32667268468876E-17,6.81692229357624E-49));
#8356=DIRECTION('',(-8.32667268468871E-17,-1.,-9.62964972193618E-35));
#8357=DIRECTION('',(-1.,8.32667268468876E-17,-6.81692229357624E-49));
#8358=DIRECTION('',(8.3266726846887E-17,1.,9.62964972193618E-35));
#8359=DIRECTION('',(1.,-8.32667268468876E-17,6.81692229357624E-49));
#8360=DIRECTION('',(-8.32667268468868E-17,-1.,-9.62964972193618E-35));
#8361=DIRECTION('',(-1.,8.32667268468876E-17,-6.81692229357624E-49));
#8362=DIRECTION('',(8.32667268468868E-17,1.,9.62964972193618E-35));
#8363=DIRECTION('',(1.,-8.32667268468876E-17,6.81692229357624E-49));
#8364=DIRECTION('',(-8.32667268468868E-17,-1.,-9.62964972193618E-35));
#8365=DIRECTION('',(-1.,8.32667268468876E-17,-6.81692229357624E-49));
#8366=DIRECTION('',(8.32667268468868E-17,1.,9.62964972193618E-35));
#8367=DIRECTION('',(1.,-8.32667268468876E-17,6.81692229357624E-49));
#8368=DIRECTION('',(-8.32667268468873E-17,-1.,-9.62964972193618E-35));
#8369=DIRECTION('',(-1.,8.32667268468876E-17,-6.81692229357624E-49));
#8370=DIRECTION('',(8.32667268468873E-17,1.,9.62964972193618E-35));
#8371=DIRECTION('',(1.,-8.32667268468876E-17,6.81692229357624E-49));
#8372=DIRECTION('',(-8.32667268468872E-17,-1.,-9.62964972193618E-35));
#8373=DIRECTION('',(-1.,8.32667268468876E-17,-6.81692229357624E-49));
#8374=DIRECTION('',(8.32667268468873E-17,1.,9.62964972193618E-35));
#8375=DIRECTION('',(1.,-8.32667268468876E-17,6.81692229357624E-49));
#8376=DIRECTION('',(-8.32667268468871E-17,-1.,-9.62964972193618E-35));
#8377=DIRECTION('',(-1.,8.32667268468876E-17,-6.81692229357624E-49));
#8378=DIRECTION('',(8.32667268468873E-17,1.,9.62964972193618E-35));
#8379=DIRECTION('',(1.,-8.32667268468877E-17,6.81692229357624E-49));
#8380=DIRECTION('',(-8.32667268468868E-17,-1.,-9.62964972193618E-35));
#8381=DIRECTION('',(-1.,8.32667268468876E-17,-6.81692229357624E-49));
#8382=DIRECTION('',(8.32667268468868E-17,1.,9.62964972193618E-35));
#8383=DIRECTION('',(1.,-8.32667268468876E-17,6.81692229357624E-49));
#8384=DIRECTION('',(-8.32667268468868E-17,-1.,-9.62964972193618E-35));
#8385=DIRECTION('',(-1.,8.32667268468876E-17,-6.81692229357624E-49));
#8386=DIRECTION('',(8.32667268468868E-17,1.,9.62964972193618E-35));
#8387=DIRECTION('',(1.,-8.32667268468875E-17,6.81692229357624E-49));
#8388=DIRECTION('',(-8.32667268468872E-17,-1.,-9.62964972193618E-35));
#8389=DIRECTION('',(-1.,8.32667268468876E-17,-6.81692229357624E-49));
#8390=DIRECTION('',(8.3266726846887E-17,1.,9.62964972193618E-35));
#8391=DIRECTION('',(1.,-8.32667268468875E-17,6.81692229357624E-49));
#8392=DIRECTION('',(-8.32667268468868E-17,-1.,-9.62964972193618E-35));
#8393=DIRECTION('',(-1.,8.32667268468876E-17,-6.81692229357624E-49));
#8394=DIRECTION('',(8.32667268468868E-17,1.,9.62964972193618E-35));
#8395=DIRECTION('',(1.,-8.32667268468876E-17,6.81692229357624E-49));
#8396=DIRECTION('center_axis',(8.32667268468867E-17,1.,9.62964972193618E-35));
#8397=DIRECTION('ref_axis',(1.,-8.32667268468867E-17,6.81692229357624E-49));
#8398=DIRECTION('',(-1.,8.32667268468867E-17,-6.81692229357624E-49));
#8399=DIRECTION('',(6.89710523487901E-49,9.62964972193618E-35,-1.));
#8400=DIRECTION('center_axis',(8.32667268468867E-17,1.,9.62964972193618E-35));
#8401=DIRECTION('ref_axis',(1.,-8.32667268468867E-17,6.81692229357624E-49));
#8402=DIRECTION('',(-6.89710523487901E-49,-9.62964972193618E-35,1.));
#8403=DIRECTION('',(-1.,8.32667268468867E-17,-6.81692229357624E-49));
#8404=DIRECTION('center_axis',(-1.,8.3266726846887E-17,-4.44089209850063E-16));
#8405=DIRECTION('ref_axis',(8.32667268468873E-17,1.,-5.21023141602628E-16));
#8406=DIRECTION('',(4.44089209850063E-16,-8.88178419700125E-16,-1.));
#8407=DIRECTION('',(-8.3266726846887E-17,-1.,-9.62964972193618E-35));
#8408=DIRECTION('',(4.44089209850063E-16,-8.88178419700125E-16,-1.));
#8409=DIRECTION('center_axis',(8.32667268468876E-17,1.,-8.88178419700125E-16));
#8410=DIRECTION('ref_axis',(1.,-8.32667268468868E-17,9.05737824053617E-16));
#8411=DIRECTION('',(-1.,8.32667268468876E-17,-6.81692229357624E-49));
#8412=DIRECTION('',(4.44089209850063E-16,-8.88178419700125E-16,-1.));
#8413=DIRECTION('center_axis',(1.,-8.3266726846887E-17,4.44089209850063E-16));
#8414=DIRECTION('ref_axis',(-8.32667268468873E-17,-1.,5.60730688978349E-16));
#8415=DIRECTION('',(8.3266726846887E-17,1.,9.62964972193618E-35));
#8416=DIRECTION('',(4.44089209850063E-16,-8.88178419700125E-16,-1.));
#8417=DIRECTION('center_axis',(-8.32667268468876E-17,-1.,8.88178419700125E-16));
#8418=DIRECTION('ref_axis',(-1.,8.32667268468868E-17,-9.45445371429338E-16));
#8419=DIRECTION('',(1.,-8.32667268468876E-17,6.81692229357624E-49));
#8420=DIRECTION('center_axis',(-1.,8.32667268468868E-17,-8.88178419700125E-16));
#8421=DIRECTION('ref_axis',(8.32667268468873E-17,1.,-5.21023141602628E-16));
#8422=DIRECTION('',(8.88178419700125E-16,-8.88178419700125E-16,-1.));
#8423=DIRECTION('',(-8.32667268468868E-17,-1.,-9.62964972193618E-35));
#8424=DIRECTION('',(8.88178419700125E-16,-8.88178419700125E-16,-1.));
#8425=DIRECTION('center_axis',(8.32667268468876E-17,1.,-8.88178419700125E-16));
#8426=DIRECTION('ref_axis',(1.,-8.32667268468868E-17,8.66030276677896E-16));
#8427=DIRECTION('',(-1.,8.32667268468876E-17,-6.81692229357624E-49));
#8428=DIRECTION('',(8.88178419700125E-16,-8.88178419700125E-16,-1.));
#8429=DIRECTION('center_axis',(1.,-8.32667268468868E-17,8.88178419700125E-16));
#8430=DIRECTION('ref_axis',(-8.32667268468873E-17,-1.,6.0043823635407E-16));
#8431=DIRECTION('',(8.32667268468868E-17,1.,9.62964972193618E-35));
#8432=DIRECTION('',(8.88178419700125E-16,-8.88178419700125E-16,-1.));
#8433=DIRECTION('center_axis',(-8.32667268468876E-17,-1.,8.88178419700125E-16));
#8434=DIRECTION('ref_axis',(-1.,8.32667268468868E-17,-9.45445371429338E-16));
#8435=DIRECTION('',(1.,-8.32667268468876E-17,6.81692229357624E-49));
#8436=DIRECTION('center_axis',(-1.,8.32667268468868E-17,-8.88178419700125E-16));
#8437=DIRECTION('ref_axis',(8.32667268468873E-17,1.,-5.21023141602628E-16));
#8438=DIRECTION('',(8.88178419700125E-16,-8.88178419700125E-16,-1.));
#8439=DIRECTION('',(-8.32667268468868E-17,-1.,-9.62964972193618E-35));
#8440=DIRECTION('',(8.88178419700125E-16,-8.88178419700125E-16,-1.));
#8441=DIRECTION('center_axis',(8.32667268468876E-17,1.,-8.88178419700125E-16));
#8442=DIRECTION('ref_axis',(1.,-8.32667268468868E-17,8.66030276677895E-16));
#8443=DIRECTION('',(-1.,8.32667268468876E-17,-6.81692229357624E-49));
#8444=DIRECTION('',(8.88178419700125E-16,-8.88178419700125E-16,-1.));
#8445=DIRECTION('center_axis',(1.,-8.32667268468868E-17,8.88178419700125E-16));
#8446=DIRECTION('ref_axis',(-8.32667268468873E-17,-1.,6.0043823635407E-16));
#8447=DIRECTION('',(8.32667268468868E-17,1.,9.62964972193618E-35));
#8448=DIRECTION('',(8.88178419700125E-16,-8.88178419700125E-16,-1.));
#8449=DIRECTION('center_axis',(-8.32667268468876E-17,-1.,8.88178419700125E-16));
#8450=DIRECTION('ref_axis',(-1.,8.32667268468868E-17,-9.45445371429338E-16));
#8451=DIRECTION('',(1.,-8.32667268468876E-17,6.81692229357624E-49));
#8452=DIRECTION('center_axis',(-1.,8.32667268468868E-17,-8.88178419700125E-16));
#8453=DIRECTION('ref_axis',(8.32667268468873E-17,1.,-5.21023141602628E-16));
#8454=DIRECTION('',(8.88178419700125E-16,-8.88178419700125E-16,-1.));
#8455=DIRECTION('',(-8.32667268468868E-17,-1.,-9.62964972193618E-35));
#8456=DIRECTION('',(8.88178419700125E-16,-8.88178419700125E-16,-1.));
#8457=DIRECTION('center_axis',(8.32667268468876E-17,1.,-8.88178419700125E-16));
#8458=DIRECTION('ref_axis',(1.,-8.32667268468868E-17,8.66030276677896E-16));
#8459=DIRECTION('',(-1.,8.32667268468876E-17,-6.81692229357624E-49));
#8460=DIRECTION('',(8.88178419700125E-16,-8.88178419700125E-16,-1.));
#8461=DIRECTION('center_axis',(1.,-8.32667268468868E-17,8.88178419700125E-16));
#8462=DIRECTION('ref_axis',(-8.32667268468873E-17,-1.,6.0043823635407E-16));
#8463=DIRECTION('',(8.32667268468868E-17,1.,9.62964972193618E-35));
#8464=DIRECTION('',(8.88178419700125E-16,-8.88178419700125E-16,-1.));
#8465=DIRECTION('center_axis',(-8.32667268468876E-17,-1.,8.88178419700125E-16));
#8466=DIRECTION('ref_axis',(-1.,8.32667268468868E-17,-9.45445371429338E-16));
#8467=DIRECTION('',(1.,-8.32667268468876E-17,6.81692229357624E-49));
#8468=DIRECTION('center_axis',(-1.,8.32667268468873E-17,-4.6009270894617E-46));
#8469=DIRECTION('ref_axis',(8.32667268468873E-17,1.,-5.21023141602628E-16));
#8470=DIRECTION('',(-7.39557098644699E-32,-8.88178419700125E-16,-1.));
#8471=DIRECTION('',(-8.32667268468873E-17,-1.,-9.62964972193618E-35));
#8472=DIRECTION('',(-7.39557098644699E-32,-8.88178419700125E-16,-1.));
#8473=DIRECTION('center_axis',(8.32667268468877E-17,1.,-8.88178419700125E-16));
#8474=DIRECTION('ref_axis',(1.,-8.32667268468867E-17,1.14398310830794E-15));
#8475=DIRECTION('',(-1.,8.32667268468877E-17,-6.81692229357624E-49));
#8476=DIRECTION('',(-7.39557098644699E-32,-8.88178419700125E-16,-1.));
#8477=DIRECTION('center_axis',(1.,-8.32667268468871E-17,2.93375771458964E-46));
#8478=DIRECTION('ref_axis',(-8.32667268468871E-17,-1.,3.22485404724024E-16));
#8479=DIRECTION('',(8.32667268468871E-17,1.,9.62964972193618E-35));
#8480=DIRECTION('',(-7.39557098644699E-32,-8.88178419700125E-16,-1.));
#8481=DIRECTION('center_axis',(-8.32667268468876E-17,-1.,8.88178419700125E-16));
#8482=DIRECTION('ref_axis',(-1.,8.32667268468868E-17,-9.45445371429338E-16));
#8483=DIRECTION('',(1.,-8.32667268468876E-17,6.81692229357624E-49));
#8484=DIRECTION('center_axis',(-1.,8.32667268468873E-17,-4.6009270894617E-46));
#8485=DIRECTION('ref_axis',(8.32667268468873E-17,1.,-5.21023141602628E-16));
#8486=DIRECTION('',(-7.39557098644699E-32,-8.88178419700125E-16,-1.));
#8487=DIRECTION('',(-8.32667268468873E-17,-1.,-9.62964972193618E-35));
#8488=DIRECTION('',(-7.39557098644699E-32,-8.88178419700125E-16,-1.));
#8489=DIRECTION('center_axis',(8.32667268468876E-17,1.,-8.88178419700125E-16));
#8490=DIRECTION('ref_axis',(1.,-8.32667268468868E-17,8.66030276677895E-16));
#8491=DIRECTION('',(-1.,8.32667268468876E-17,-6.81692229357624E-49));
#8492=DIRECTION('',(-7.39557098644699E-32,-8.88178419700125E-16,-1.));
#8493=DIRECTION('center_axis',(1.,-8.32667268468873E-17,5.26779483941052E-46));
#8494=DIRECTION('ref_axis',(-8.32667268468873E-17,-1.,6.0043823635407E-16));
#8495=DIRECTION('',(8.32667268468873E-17,1.,9.62964972193618E-35));
#8496=DIRECTION('',(-7.39557098644699E-32,-8.88178419700125E-16,-1.));
#8497=DIRECTION('center_axis',(-8.32667268468876E-17,-1.,8.88178419700125E-16));
#8498=DIRECTION('ref_axis',(-1.,8.32667268468868E-17,-9.45445371429338E-16));
#8499=DIRECTION('',(1.,-8.32667268468876E-17,6.81692229357624E-49));
#8500=DIRECTION('center_axis',(-1.,8.32667268468868E-17,-8.88178419700125E-16));
#8501=DIRECTION('ref_axis',(8.32667268468873E-17,1.,-5.21023141602628E-16));
#8502=DIRECTION('',(8.88178419700125E-16,-8.88178419700125E-16,-1.));
#8503=DIRECTION('',(-8.32667268468868E-17,-1.,-9.62964972193618E-35));
#8504=DIRECTION('',(8.88178419700125E-16,-8.88178419700125E-16,-1.));
#8505=DIRECTION('center_axis',(8.32667268468876E-17,1.,-8.88178419700125E-16));
#8506=DIRECTION('ref_axis',(1.,-8.32667268468868E-17,8.66030276677896E-16));
#8507=DIRECTION('',(-1.,8.32667268468876E-17,-6.81692229357624E-49));
#8508=DIRECTION('',(8.88178419700125E-16,-8.88178419700125E-16,-1.));
#8509=DIRECTION('center_axis',(1.,-8.32667268468868E-17,8.88178419700125E-16));
#8510=DIRECTION('ref_axis',(-8.32667268468873E-17,-1.,6.0043823635407E-16));
#8511=DIRECTION('',(8.32667268468868E-17,1.,9.62964972193618E-35));
#8512=DIRECTION('',(8.88178419700125E-16,-8.88178419700125E-16,-1.));
#8513=DIRECTION('center_axis',(-8.32667268468876E-17,-1.,8.88178419700125E-16));
#8514=DIRECTION('ref_axis',(-1.,8.32667268468868E-17,-9.45445371429338E-16));
#8515=DIRECTION('',(1.,-8.32667268468876E-17,6.81692229357624E-49));
#8516=DIRECTION('center_axis',(-1.,8.32667268468868E-17,-8.88178419700125E-16));
#8517=DIRECTION('ref_axis',(8.32667268468873E-17,1.,-5.21023141602628E-16));
#8518=DIRECTION('',(8.88178419700125E-16,-8.88178419700125E-16,-1.));
#8519=DIRECTION('',(-8.32667268468868E-17,-1.,-9.62964972193618E-35));
#8520=DIRECTION('',(8.88178419700125E-16,-8.88178419700125E-16,-1.));
#8521=DIRECTION('center_axis',(8.32667268468876E-17,1.,-8.88178419700125E-16));
#8522=DIRECTION('ref_axis',(1.,-8.32667268468868E-17,8.66030276677896E-16));
#8523=DIRECTION('',(-1.,8.32667268468876E-17,-6.81692229357624E-49));
#8524=DIRECTION('',(8.88178419700125E-16,-8.88178419700125E-16,-1.));
#8525=DIRECTION('center_axis',(1.,-8.32667268468868E-17,8.88178419700125E-16));
#8526=DIRECTION('ref_axis',(-8.32667268468873E-17,-1.,6.0043823635407E-16));
#8527=DIRECTION('',(8.32667268468868E-17,1.,9.62964972193618E-35));
#8528=DIRECTION('',(8.88178419700125E-16,-8.88178419700125E-16,-1.));
#8529=DIRECTION('center_axis',(-8.32667268468876E-17,-1.,8.88178419700125E-16));
#8530=DIRECTION('ref_axis',(-1.,8.32667268468868E-17,-9.45445371429338E-16));
#8531=DIRECTION('',(1.,-8.32667268468876E-17,6.81692229357624E-49));
#8532=DIRECTION('center_axis',(-1.,8.3266726846887E-17,-4.44089209850063E-16));
#8533=DIRECTION('ref_axis',(8.32667268468873E-17,1.,-5.21023141602628E-16));
#8534=DIRECTION('',(4.44089209850063E-16,-8.88178419700125E-16,-1.));
#8535=DIRECTION('',(-8.3266726846887E-17,-1.,-9.62964972193618E-35));
#8536=DIRECTION('',(4.44089209850063E-16,-8.88178419700125E-16,-1.));
#8537=DIRECTION('center_axis',(8.32667268468876E-17,1.,-8.88178419700125E-16));
#8538=DIRECTION('ref_axis',(1.,-8.32667268468868E-17,8.66030276677896E-16));
#8539=DIRECTION('',(-1.,8.32667268468876E-17,-6.81692229357624E-49));
#8540=DIRECTION('',(4.44089209850063E-16,-8.88178419700125E-16,-1.));
#8541=DIRECTION('center_axis',(1.,-8.32667268468871E-17,4.44089209850063E-16));
#8542=DIRECTION('ref_axis',(-8.32667268468873E-17,-1.,6.0043823635407E-16));
#8543=DIRECTION('',(8.32667268468871E-17,1.,9.62964972193618E-35));
#8544=DIRECTION('',(4.44089209850063E-16,-8.88178419700125E-16,-1.));
#8545=DIRECTION('center_axis',(-8.32667268468876E-17,-1.,8.88178419700125E-16));
#8546=DIRECTION('ref_axis',(-1.,8.32667268468868E-17,-9.45445371429338E-16));
#8547=DIRECTION('',(1.,-8.32667268468876E-17,6.81692229357624E-49));
#8548=DIRECTION('center_axis',(-1.,8.3266726846887E-17,-4.44089209850063E-16));
#8549=DIRECTION('ref_axis',(8.32667268468873E-17,1.,-5.21023141602628E-16));
#8550=DIRECTION('',(4.44089209850063E-16,-8.88178419700125E-16,-1.));
#8551=DIRECTION('',(-8.3266726846887E-17,-1.,-9.62964972193618E-35));
#8552=DIRECTION('',(4.44089209850063E-16,-8.88178419700125E-16,-1.));
#8553=DIRECTION('center_axis',(8.32667268468876E-17,1.,-8.88178419700125E-16));
#8554=DIRECTION('ref_axis',(1.,-8.32667268468868E-17,8.66030276677896E-16));
#8555=DIRECTION('',(-1.,8.32667268468876E-17,-6.81692229357624E-49));
#8556=DIRECTION('',(4.44089209850063E-16,-8.88178419700125E-16,-1.));
#8557=DIRECTION('center_axis',(1.,-8.32667268468871E-17,4.44089209850063E-16));
#8558=DIRECTION('ref_axis',(-8.32667268468873E-17,-1.,6.0043823635407E-16));
#8559=DIRECTION('',(8.32667268468871E-17,1.,9.62964972193618E-35));
#8560=DIRECTION('',(4.44089209850063E-16,-8.88178419700125E-16,-1.));
#8561=DIRECTION('center_axis',(-8.32667268468876E-17,-1.,8.88178419700125E-16));
#8562=DIRECTION('ref_axis',(-1.,8.32667268468868E-17,-9.45445371429338E-16));
#8563=DIRECTION('',(1.,-8.32667268468876E-17,6.81692229357624E-49));
#8564=DIRECTION('center_axis',(-1.,8.32667268468868E-17,-8.88178419700125E-16));
#8565=DIRECTION('ref_axis',(8.32667268468873E-17,1.,-5.21023141602628E-16));
#8566=DIRECTION('',(8.88178419700125E-16,-8.88178419700125E-16,-1.));
#8567=DIRECTION('',(-8.32667268468868E-17,-1.,-9.62964972193618E-35));
#8568=DIRECTION('',(8.88178419700125E-16,-8.88178419700125E-16,-1.));
#8569=DIRECTION('center_axis',(8.32667268468876E-17,1.,-8.88178419700125E-16));
#8570=DIRECTION('ref_axis',(1.,-8.32667268468868E-17,8.66030276677896E-16));
#8571=DIRECTION('',(-1.,8.32667268468876E-17,-6.81692229357624E-49));
#8572=DIRECTION('',(8.88178419700125E-16,-8.88178419700125E-16,-1.));
#8573=DIRECTION('center_axis',(1.,-8.32667268468868E-17,8.88178419700125E-16));
#8574=DIRECTION('ref_axis',(-8.32667268468873E-17,-1.,6.0043823635407E-16));
#8575=DIRECTION('',(8.32667268468868E-17,1.,9.62964972193618E-35));
#8576=DIRECTION('',(8.88178419700125E-16,-8.88178419700125E-16,-1.));
#8577=DIRECTION('center_axis',(-8.32667268468876E-17,-1.,8.88178419700125E-16));
#8578=DIRECTION('ref_axis',(-1.,8.32667268468868E-17,-9.45445371429338E-16));
#8579=DIRECTION('',(1.,-8.32667268468876E-17,6.81692229357624E-49));
#8580=DIRECTION('center_axis',(-1.,8.32667268468868E-17,-8.88178419700125E-16));
#8581=DIRECTION('ref_axis',(8.32667268468873E-17,1.,-5.21023141602628E-16));
#8582=DIRECTION('',(8.88178419700125E-16,-8.88178419700125E-16,-1.));
#8583=DIRECTION('',(-8.32667268468868E-17,-1.,-9.62964972193618E-35));
#8584=DIRECTION('',(8.88178419700125E-16,-8.88178419700125E-16,-1.));
#8585=DIRECTION('center_axis',(8.32667268468876E-17,1.,-8.88178419700125E-16));
#8586=DIRECTION('ref_axis',(1.,-8.32667268468868E-17,8.66030276677896E-16));
#8587=DIRECTION('',(-1.,8.32667268468876E-17,-6.81692229357624E-49));
#8588=DIRECTION('',(8.88178419700125E-16,-8.88178419700125E-16,-1.));
#8589=DIRECTION('center_axis',(1.,-8.32667268468868E-17,8.88178419700125E-16));
#8590=DIRECTION('ref_axis',(-8.32667268468873E-17,-1.,6.0043823635407E-16));
#8591=DIRECTION('',(8.32667268468868E-17,1.,9.62964972193618E-35));
#8592=DIRECTION('',(8.88178419700125E-16,-8.88178419700125E-16,-1.));
#8593=DIRECTION('center_axis',(-8.32667268468876E-17,-1.,8.88178419700125E-16));
#8594=DIRECTION('ref_axis',(-1.,8.32667268468868E-17,-9.45445371429338E-16));
#8595=DIRECTION('',(1.,-8.32667268468876E-17,6.81692229357624E-49));
#8596=DIRECTION('center_axis',(-1.,8.32667268468873E-17,-4.6009270894617E-46));
#8597=DIRECTION('ref_axis',(8.32667268468873E-17,1.,-5.21023141602628E-16));
#8598=DIRECTION('',(-7.39557098644699E-32,-8.88178419700125E-16,-1.));
#8599=DIRECTION('',(-8.32667268468873E-17,-1.,-9.62964972193618E-35));
#8600=DIRECTION('',(-7.39557098644699E-32,-8.88178419700125E-16,-1.));
#8601=DIRECTION('center_axis',(8.32667268468876E-17,1.,-8.88178419700125E-16));
#8602=DIRECTION('ref_axis',(1.,-8.32667268468868E-17,8.66030276677895E-16));
#8603=DIRECTION('',(-1.,8.32667268468876E-17,-6.81692229357624E-49));
#8604=DIRECTION('',(-7.39557098644699E-32,-8.88178419700125E-16,-1.));
#8605=DIRECTION('center_axis',(1.,-8.32667268468873E-17,5.26779483941052E-46));
#8606=DIRECTION('ref_axis',(-8.32667268468873E-17,-1.,6.0043823635407E-16));
#8607=DIRECTION('',(8.32667268468873E-17,1.,9.62964972193618E-35));
#8608=DIRECTION('',(-7.39557098644699E-32,-8.88178419700125E-16,-1.));
#8609=DIRECTION('center_axis',(-8.32667268468876E-17,-1.,8.88178419700125E-16));
#8610=DIRECTION('ref_axis',(-1.,8.32667268468868E-17,-9.45445371429338E-16));
#8611=DIRECTION('',(1.,-8.32667268468876E-17,6.81692229357624E-49));
#8612=DIRECTION('center_axis',(-1.,8.32667268468868E-17,-8.88178419700125E-16));
#8613=DIRECTION('ref_axis',(8.32667268468873E-17,1.,-5.21023141602628E-16));
#8614=DIRECTION('',(8.88178419700125E-16,-8.88178419700125E-16,-1.));
#8615=DIRECTION('',(-8.32667268468868E-17,-1.,-9.62964972193618E-35));
#8616=DIRECTION('',(8.88178419700125E-16,-8.88178419700125E-16,-1.));
#8617=DIRECTION('center_axis',(8.32667268468876E-17,1.,-8.88178419700125E-16));
#8618=DIRECTION('ref_axis',(1.,-8.32667268468868E-17,8.66030276677896E-16));
#8619=DIRECTION('',(-1.,8.32667268468876E-17,-6.81692229357624E-49));
#8620=DIRECTION('',(8.88178419700125E-16,-8.88178419700125E-16,-1.));
#8621=DIRECTION('center_axis',(1.,-8.32667268468868E-17,8.88178419700125E-16));
#8622=DIRECTION('ref_axis',(-8.32667268468873E-17,-1.,6.0043823635407E-16));
#8623=DIRECTION('',(8.32667268468868E-17,1.,9.62964972193618E-35));
#8624=DIRECTION('',(8.88178419700125E-16,-8.88178419700125E-16,-1.));
#8625=DIRECTION('center_axis',(-8.32667268468876E-17,-1.,8.88178419700125E-16));
#8626=DIRECTION('ref_axis',(-1.,8.32667268468868E-17,-9.45445371429338E-16));
#8627=DIRECTION('',(1.,-8.32667268468876E-17,6.81692229357624E-49));
#8628=DIRECTION('center_axis',(-1.,8.32667268468868E-17,-8.88178419700125E-16));
#8629=DIRECTION('ref_axis',(8.32667268468873E-17,1.,-5.21023141602628E-16));
#8630=DIRECTION('',(8.88178419700125E-16,-8.88178419700125E-16,-1.));
#8631=DIRECTION('',(-8.32667268468868E-17,-1.,-9.62964972193618E-35));
#8632=DIRECTION('',(8.88178419700125E-16,-8.88178419700125E-16,-1.));
#8633=DIRECTION('center_axis',(8.32667268468876E-17,1.,-8.88178419700125E-16));
#8634=DIRECTION('ref_axis',(1.,-8.32667268468868E-17,8.66030276677896E-16));
#8635=DIRECTION('',(-1.,8.32667268468876E-17,-6.81692229357624E-49));
#8636=DIRECTION('',(8.88178419700125E-16,-8.88178419700125E-16,-1.));
#8637=DIRECTION('center_axis',(1.,-8.32667268468868E-17,8.88178419700125E-16));
#8638=DIRECTION('ref_axis',(-8.32667268468873E-17,-1.,6.0043823635407E-16));
#8639=DIRECTION('',(8.32667268468868E-17,1.,9.62964972193618E-35));
#8640=DIRECTION('',(8.88178419700125E-16,-8.88178419700125E-16,-1.));
#8641=DIRECTION('center_axis',(-8.32667268468876E-17,-1.,8.88178419700125E-16));
#8642=DIRECTION('ref_axis',(-1.,8.32667268468868E-17,-9.45445371429338E-16));
#8643=DIRECTION('',(1.,-8.32667268468876E-17,6.81692229357624E-49));
#8644=DIRECTION('center_axis',(-1.,8.3266726846887E-17,-4.44089209850063E-16));
#8645=DIRECTION('ref_axis',(8.32667268468873E-17,1.,-5.21023141602628E-16));
#8646=DIRECTION('',(4.44089209850063E-16,-8.88178419700125E-16,-1.));
#8647=DIRECTION('',(-8.3266726846887E-17,-1.,-9.62964972193618E-35));
#8648=DIRECTION('',(4.44089209850063E-16,-8.88178419700125E-16,-1.));
#8649=DIRECTION('center_axis',(8.32667268468876E-17,1.,-8.88178419700125E-16));
#8650=DIRECTION('ref_axis',(1.,-8.32667268468868E-17,8.66030276677896E-16));
#8651=DIRECTION('',(-1.,8.32667268468876E-17,-6.81692229357624E-49));
#8652=DIRECTION('',(4.44089209850063E-16,-8.88178419700125E-16,-1.));
#8653=DIRECTION('center_axis',(1.,-8.32667268468871E-17,4.44089209850063E-16));
#8654=DIRECTION('ref_axis',(-8.32667268468873E-17,-1.,6.0043823635407E-16));
#8655=DIRECTION('',(8.32667268468871E-17,1.,9.62964972193618E-35));
#8656=DIRECTION('',(4.44089209850063E-16,-8.88178419700125E-16,-1.));
#8657=DIRECTION('center_axis',(-8.32667268468876E-17,-1.,8.88178419700125E-16));
#8658=DIRECTION('ref_axis',(-1.,8.32667268468868E-17,-9.45445371429338E-16));
#8659=DIRECTION('',(1.,-8.32667268468876E-17,6.81692229357624E-49));
#8660=DIRECTION('center_axis',(-1.,8.3266726846887E-17,-4.44089209850063E-16));
#8661=DIRECTION('ref_axis',(8.32667268468873E-17,1.,-5.21023141602628E-16));
#8662=DIRECTION('',(4.44089209850063E-16,-8.88178419700125E-16,-1.));
#8663=DIRECTION('',(-8.3266726846887E-17,-1.,-9.62964972193618E-35));
#8664=DIRECTION('',(4.44089209850063E-16,-8.88178419700125E-16,-1.));
#8665=DIRECTION('center_axis',(8.32667268468876E-17,1.,-8.88178419700125E-16));
#8666=DIRECTION('ref_axis',(1.,-8.32667268468868E-17,8.66030276677896E-16));
#8667=DIRECTION('',(-1.,8.32667268468876E-17,-6.81692229357624E-49));
#8668=DIRECTION('',(4.44089209850063E-16,-8.88178419700125E-16,-1.));
#8669=DIRECTION('center_axis',(1.,-8.32667268468871E-17,4.44089209850063E-16));
#8670=DIRECTION('ref_axis',(-8.32667268468873E-17,-1.,6.0043823635407E-16));
#8671=DIRECTION('',(8.32667268468871E-17,1.,9.62964972193618E-35));
#8672=DIRECTION('',(4.44089209850063E-16,-8.88178419700125E-16,-1.));
#8673=DIRECTION('center_axis',(-8.32667268468876E-17,-1.,8.88178419700125E-16));
#8674=DIRECTION('ref_axis',(-1.,8.32667268468868E-17,-9.45445371429338E-16));
#8675=DIRECTION('',(1.,-8.32667268468876E-17,6.81692229357624E-49));
#8676=DIRECTION('center_axis',(-1.,8.32667268468868E-17,-8.88178419700125E-16));
#8677=DIRECTION('ref_axis',(8.32667268468873E-17,1.,-5.21023141602628E-16));
#8678=DIRECTION('',(8.88178419700125E-16,-8.88178419700125E-16,-1.));
#8679=DIRECTION('',(-8.32667268468868E-17,-1.,-9.62964972193618E-35));
#8680=DIRECTION('',(8.88178419700125E-16,-8.88178419700125E-16,-1.));
#8681=DIRECTION('center_axis',(8.32667268468876E-17,1.,-8.88178419700125E-16));
#8682=DIRECTION('ref_axis',(1.,-8.32667268468868E-17,8.66030276677896E-16));
#8683=DIRECTION('',(-1.,8.32667268468876E-17,-6.81692229357624E-49));
#8684=DIRECTION('',(8.88178419700125E-16,-8.88178419700125E-16,-1.));
#8685=DIRECTION('center_axis',(1.,-8.32667268468868E-17,8.88178419700125E-16));
#8686=DIRECTION('ref_axis',(-8.32667268468873E-17,-1.,6.0043823635407E-16));
#8687=DIRECTION('',(8.32667268468868E-17,1.,9.62964972193618E-35));
#8688=DIRECTION('',(8.88178419700125E-16,-8.88178419700125E-16,-1.));
#8689=DIRECTION('center_axis',(-8.32667268468876E-17,-1.,8.88178419700125E-16));
#8690=DIRECTION('ref_axis',(-1.,8.32667268468868E-17,-9.45445371429338E-16));
#8691=DIRECTION('',(1.,-8.32667268468876E-17,6.81692229357624E-49));
#8692=DIRECTION('center_axis',(-1.,8.32667268468868E-17,-8.88178419700125E-16));
#8693=DIRECTION('ref_axis',(8.32667268468873E-17,1.,-5.21023141602628E-16));
#8694=DIRECTION('',(8.88178419700125E-16,-8.88178419700125E-16,-1.));
#8695=DIRECTION('',(-8.32667268468868E-17,-1.,-9.62964972193618E-35));
#8696=DIRECTION('',(8.88178419700125E-16,-8.88178419700125E-16,-1.));
#8697=DIRECTION('center_axis',(8.32667268468876E-17,1.,-8.88178419700125E-16));
#8698=DIRECTION('ref_axis',(1.,-8.32667268468868E-17,8.66030276677896E-16));
#8699=DIRECTION('',(-1.,8.32667268468876E-17,-6.81692229357624E-49));
#8700=DIRECTION('',(8.88178419700125E-16,-8.88178419700125E-16,-1.));
#8701=DIRECTION('center_axis',(1.,-8.32667268468868E-17,8.88178419700125E-16));
#8702=DIRECTION('ref_axis',(-8.32667268468873E-17,-1.,6.0043823635407E-16));
#8703=DIRECTION('',(8.32667268468868E-17,1.,9.62964972193618E-35));
#8704=DIRECTION('',(8.88178419700125E-16,-8.88178419700125E-16,-1.));
#8705=DIRECTION('center_axis',(-8.32667268468876E-17,-1.,8.88178419700125E-16));
#8706=DIRECTION('ref_axis',(-1.,8.32667268468868E-17,-9.45445371429338E-16));
#8707=DIRECTION('',(1.,-8.32667268468876E-17,6.81692229357624E-49));
#8708=DIRECTION('center_axis',(-1.,8.32667268468873E-17,-4.6009270894617E-46));
#8709=DIRECTION('ref_axis',(8.32667268468873E-17,1.,-5.21023141602628E-16));
#8710=DIRECTION('',(-7.39557098644699E-32,-8.88178419700125E-16,-1.));
#8711=DIRECTION('',(-8.32667268468873E-17,-1.,-9.62964972193618E-35));
#8712=DIRECTION('',(-7.39557098644699E-32,-8.88178419700125E-16,-1.));
#8713=DIRECTION('center_axis',(8.32667268468876E-17,1.,-8.88178419700125E-16));
#8714=DIRECTION('ref_axis',(1.,-8.32667268468868E-17,8.66030276677895E-16));
#8715=DIRECTION('',(-1.,8.32667268468876E-17,-6.81692229357624E-49));
#8716=DIRECTION('',(-7.39557098644699E-32,-8.88178419700125E-16,-1.));
#8717=DIRECTION('center_axis',(1.,-8.32667268468873E-17,5.26779483941052E-46));
#8718=DIRECTION('ref_axis',(-8.32667268468873E-17,-1.,6.0043823635407E-16));
#8719=DIRECTION('',(8.32667268468873E-17,1.,9.62964972193618E-35));
#8720=DIRECTION('',(-7.39557098644699E-32,-8.88178419700125E-16,-1.));
#8721=DIRECTION('center_axis',(-8.32667268468876E-17,-1.,8.88178419700125E-16));
#8722=DIRECTION('ref_axis',(-1.,8.32667268468868E-17,-9.45445371429338E-16));
#8723=DIRECTION('',(1.,-8.32667268468876E-17,6.81692229357624E-49));
#8724=DIRECTION('center_axis',(-1.,8.32667268468868E-17,-8.88178419700125E-16));
#8725=DIRECTION('ref_axis',(8.32667268468873E-17,1.,-5.21023141602628E-16));
#8726=DIRECTION('',(8.88178419700125E-16,-8.88178419700125E-16,-1.));
#8727=DIRECTION('',(-8.32667268468868E-17,-1.,-9.62964972193618E-35));
#8728=DIRECTION('',(8.88178419700125E-16,-8.88178419700125E-16,-1.));
#8729=DIRECTION('center_axis',(8.32667268468876E-17,1.,-8.88178419700125E-16));
#8730=DIRECTION('ref_axis',(1.,-8.32667268468868E-17,8.66030276677896E-16));
#8731=DIRECTION('',(-1.,8.32667268468876E-17,-6.81692229357624E-49));
#8732=DIRECTION('',(8.88178419700125E-16,-8.88178419700125E-16,-1.));
#8733=DIRECTION('center_axis',(1.,-8.32667268468868E-17,8.88178419700125E-16));
#8734=DIRECTION('ref_axis',(-8.32667268468873E-17,-1.,6.0043823635407E-16));
#8735=DIRECTION('',(8.32667268468868E-17,1.,9.62964972193618E-35));
#8736=DIRECTION('',(8.88178419700125E-16,-8.88178419700125E-16,-1.));
#8737=DIRECTION('center_axis',(-8.32667268468876E-17,-1.,8.88178419700125E-16));
#8738=DIRECTION('ref_axis',(-1.,8.32667268468868E-17,-9.45445371429338E-16));
#8739=DIRECTION('',(1.,-8.32667268468876E-17,6.81692229357624E-49));
#8740=DIRECTION('center_axis',(-1.,8.32667268468868E-17,-8.88178419700125E-16));
#8741=DIRECTION('ref_axis',(8.32667268468873E-17,1.,-5.21023141602628E-16));
#8742=DIRECTION('',(8.88178419700125E-16,-8.88178419700125E-16,-1.));
#8743=DIRECTION('',(-8.32667268468868E-17,-1.,-9.62964972193618E-35));
#8744=DIRECTION('',(8.88178419700125E-16,-8.88178419700125E-16,-1.));
#8745=DIRECTION('center_axis',(8.32667268468876E-17,1.,-8.88178419700125E-16));
#8746=DIRECTION('ref_axis',(1.,-8.32667268468868E-17,8.66030276677896E-16));
#8747=DIRECTION('',(-1.,8.32667268468876E-17,-6.81692229357624E-49));
#8748=DIRECTION('',(8.88178419700125E-16,-8.88178419700125E-16,-1.));
#8749=DIRECTION('center_axis',(1.,-8.32667268468868E-17,8.88178419700125E-16));
#8750=DIRECTION('ref_axis',(-8.32667268468873E-17,-1.,6.0043823635407E-16));
#8751=DIRECTION('',(8.32667268468868E-17,1.,9.62964972193618E-35));
#8752=DIRECTION('',(8.88178419700125E-16,-8.88178419700125E-16,-1.));
#8753=DIRECTION('center_axis',(-8.32667268468876E-17,-1.,8.88178419700125E-16));
#8754=DIRECTION('ref_axis',(-1.,8.32667268468868E-17,-9.45445371429338E-16));
#8755=DIRECTION('',(1.,-8.32667268468876E-17,6.81692229357624E-49));
#8756=DIRECTION('center_axis',(-1.,8.3266726846887E-17,-4.44089209850063E-16));
#8757=DIRECTION('ref_axis',(8.32667268468873E-17,1.,-5.21023141602628E-16));
#8758=DIRECTION('',(4.44089209850063E-16,-8.88178419700125E-16,-1.));
#8759=DIRECTION('',(-8.3266726846887E-17,-1.,-9.62964972193618E-35));
#8760=DIRECTION('',(4.44089209850063E-16,-8.88178419700125E-16,-1.));
#8761=DIRECTION('center_axis',(8.32667268468876E-17,1.,-8.88178419700125E-16));
#8762=DIRECTION('ref_axis',(1.,-8.32667268468868E-17,8.66030276677896E-16));
#8763=DIRECTION('',(-1.,8.32667268468876E-17,-6.81692229357624E-49));
#8764=DIRECTION('',(4.44089209850063E-16,-8.88178419700125E-16,-1.));
#8765=DIRECTION('center_axis',(1.,-8.32667268468871E-17,4.44089209850063E-16));
#8766=DIRECTION('ref_axis',(-8.32667268468873E-17,-1.,6.0043823635407E-16));
#8767=DIRECTION('',(8.32667268468871E-17,1.,9.62964972193618E-35));
#8768=DIRECTION('',(4.44089209850063E-16,-8.88178419700125E-16,-1.));
#8769=DIRECTION('center_axis',(-8.32667268468876E-17,-1.,8.88178419700125E-16));
#8770=DIRECTION('ref_axis',(-1.,8.32667268468868E-17,-9.45445371429338E-16));
#8771=DIRECTION('',(1.,-8.32667268468876E-17,6.81692229357624E-49));
#8772=DIRECTION('center_axis',(-1.,8.3266726846887E-17,-4.44089209850063E-16));
#8773=DIRECTION('ref_axis',(8.32667268468873E-17,1.,-5.21023141602628E-16));
#8774=DIRECTION('',(4.44089209850063E-16,-8.88178419700125E-16,-1.));
#8775=DIRECTION('',(-8.3266726846887E-17,-1.,-9.62964972193618E-35));
#8776=DIRECTION('',(4.44089209850063E-16,-8.88178419700125E-16,-1.));
#8777=DIRECTION('center_axis',(8.32667268468876E-17,1.,-8.88178419700125E-16));
#8778=DIRECTION('ref_axis',(1.,-8.32667268468868E-17,8.66030276677896E-16));
#8779=DIRECTION('',(-1.,8.32667268468876E-17,-6.81692229357624E-49));
#8780=DIRECTION('',(4.44089209850063E-16,-8.88178419700125E-16,-1.));
#8781=DIRECTION('center_axis',(1.,-8.32667268468871E-17,4.44089209850063E-16));
#8782=DIRECTION('ref_axis',(-8.32667268468873E-17,-1.,6.0043823635407E-16));
#8783=DIRECTION('',(8.32667268468871E-17,1.,9.62964972193618E-35));
#8784=DIRECTION('',(4.44089209850063E-16,-8.88178419700125E-16,-1.));
#8785=DIRECTION('center_axis',(-8.32667268468876E-17,-1.,8.88178419700125E-16));
#8786=DIRECTION('ref_axis',(-1.,8.32667268468868E-17,-9.45445371429338E-16));
#8787=DIRECTION('',(1.,-8.32667268468876E-17,6.81692229357624E-49));
#8788=DIRECTION('center_axis',(-1.,8.32667268468868E-17,-8.88178419700125E-16));
#8789=DIRECTION('ref_axis',(8.32667268468873E-17,1.,-5.21023141602628E-16));
#8790=DIRECTION('',(8.88178419700125E-16,-8.88178419700125E-16,-1.));
#8791=DIRECTION('',(-8.32667268468868E-17,-1.,-9.62964972193618E-35));
#8792=DIRECTION('',(8.88178419700125E-16,-8.88178419700125E-16,-1.));
#8793=DIRECTION('center_axis',(8.32667268468876E-17,1.,-8.88178419700125E-16));
#8794=DIRECTION('ref_axis',(1.,-8.32667268468868E-17,8.66030276677896E-16));
#8795=DIRECTION('',(-1.,8.32667268468876E-17,-6.81692229357624E-49));
#8796=DIRECTION('',(8.88178419700125E-16,-8.88178419700125E-16,-1.));
#8797=DIRECTION('center_axis',(1.,-8.32667268468868E-17,8.88178419700125E-16));
#8798=DIRECTION('ref_axis',(-8.32667268468873E-17,-1.,6.0043823635407E-16));
#8799=DIRECTION('',(8.32667268468868E-17,1.,9.62964972193618E-35));
#8800=DIRECTION('',(8.88178419700125E-16,-8.88178419700125E-16,-1.));
#8801=DIRECTION('center_axis',(-8.32667268468876E-17,-1.,8.88178419700125E-16));
#8802=DIRECTION('ref_axis',(-1.,8.32667268468868E-17,-9.45445371429338E-16));
#8803=DIRECTION('',(1.,-8.32667268468876E-17,6.81692229357624E-49));
#8804=DIRECTION('center_axis',(-1.,8.32667268468868E-17,-8.88178419700125E-16));
#8805=DIRECTION('ref_axis',(8.32667268468873E-17,1.,-5.21023141602628E-16));
#8806=DIRECTION('',(8.88178419700125E-16,-8.88178419700125E-16,-1.));
#8807=DIRECTION('',(-8.32667268468868E-17,-1.,-9.62964972193618E-35));
#8808=DIRECTION('',(8.88178419700125E-16,-8.88178419700125E-16,-1.));
#8809=DIRECTION('center_axis',(8.32667268468876E-17,1.,-8.88178419700125E-16));
#8810=DIRECTION('ref_axis',(1.,-8.32667268468868E-17,8.66030276677896E-16));
#8811=DIRECTION('',(-1.,8.32667268468876E-17,-6.81692229357624E-49));
#8812=DIRECTION('',(8.88178419700125E-16,-8.88178419700125E-16,-1.));
#8813=DIRECTION('center_axis',(1.,-8.32667268468868E-17,8.88178419700125E-16));
#8814=DIRECTION('ref_axis',(-8.32667268468873E-17,-1.,6.0043823635407E-16));
#8815=DIRECTION('',(8.32667268468868E-17,1.,9.62964972193618E-35));
#8816=DIRECTION('',(8.88178419700125E-16,-8.88178419700125E-16,-1.));
#8817=DIRECTION('center_axis',(-8.32667268468876E-17,-1.,8.88178419700125E-16));
#8818=DIRECTION('ref_axis',(-1.,8.32667268468868E-17,-9.45445371429338E-16));
#8819=DIRECTION('',(1.,-8.32667268468876E-17,6.81692229357624E-49));
#8820=DIRECTION('center_axis',(-1.,8.32667268468873E-17,-4.6009270894617E-46));
#8821=DIRECTION('ref_axis',(8.32667268468873E-17,1.,-5.21023141602628E-16));
#8822=DIRECTION('',(-7.39557098644699E-32,-8.88178419700125E-16,-1.));
#8823=DIRECTION('',(-8.32667268468873E-17,-1.,-9.62964972193618E-35));
#8824=DIRECTION('',(-7.39557098644699E-32,-8.88178419700125E-16,-1.));
#8825=DIRECTION('center_axis',(8.32667268468876E-17,1.,-8.88178419700125E-16));
#8826=DIRECTION('ref_axis',(1.,-8.32667268468868E-17,9.05737824053617E-16));
#8827=DIRECTION('',(-1.,8.32667268468876E-17,-6.81692229357624E-49));
#8828=DIRECTION('',(-7.39557098644699E-32,-8.88178419700125E-16,-1.));
#8829=DIRECTION('center_axis',(1.,-8.32667268468873E-17,4.93436096443611E-46));
#8830=DIRECTION('ref_axis',(-8.32667268468873E-17,-1.,5.60730688978349E-16));
#8831=DIRECTION('',(8.32667268468873E-17,1.,9.62964972193618E-35));
#8832=DIRECTION('',(-7.39557098644699E-32,-8.88178419700125E-16,-1.));
#8833=DIRECTION('center_axis',(-8.32667268468876E-17,-1.,8.88178419700125E-16));
#8834=DIRECTION('ref_axis',(-1.,8.32667268468868E-17,-9.45445371429338E-16));
#8835=DIRECTION('',(1.,-8.32667268468876E-17,6.81692229357624E-49));
#8836=DIRECTION('center_axis',(-1.,8.32667268468873E-17,-4.6009270894617E-46));
#8837=DIRECTION('ref_axis',(8.32667268468873E-17,1.,-5.21023141602628E-16));
#8838=DIRECTION('',(-7.39557098644699E-32,-8.88178419700125E-16,-1.));
#8839=DIRECTION('',(-8.32667268468873E-17,-1.,-9.62964972193618E-35));
#8840=DIRECTION('',(-7.39557098644699E-32,-8.88178419700125E-16,-1.));
#8841=DIRECTION('center_axis',(8.32667268468876E-17,1.,-8.88178419700125E-16));
#8842=DIRECTION('ref_axis',(1.,-8.32667268468867E-17,9.85152918805058E-16));
#8843=DIRECTION('',(-1.,8.32667268468876E-17,-6.81692229357624E-49));
#8844=DIRECTION('',(-7.39557098644699E-32,-8.88178419700125E-16,-1.));
#8845=DIRECTION('center_axis',(1.,-8.32667268468872E-17,4.26749321448729E-46));
#8846=DIRECTION('ref_axis',(-8.32667268468872E-17,-1.,4.81315594226907E-16));
#8847=DIRECTION('',(8.32667268468872E-17,1.,9.62964972193618E-35));
#8848=DIRECTION('',(-7.39557098644699E-32,-8.88178419700125E-16,-1.));
#8849=DIRECTION('center_axis',(-8.32667268468876E-17,-1.,8.88178419700125E-16));
#8850=DIRECTION('ref_axis',(-1.,8.32667268468868E-17,-9.45445371429338E-16));
#8851=DIRECTION('',(1.,-8.32667268468876E-17,6.81692229357624E-49));
#8852=DIRECTION('center_axis',(-1.,8.32667268468873E-17,-4.6009270894617E-46));
#8853=DIRECTION('ref_axis',(8.32667268468873E-17,1.,-5.21023141602628E-16));
#8854=DIRECTION('',(-7.39557098644699E-32,-8.88178419700125E-16,-1.));
#8855=DIRECTION('',(-8.32667268468873E-17,-1.,-9.62964972193618E-35));
#8856=DIRECTION('',(-7.39557098644699E-32,-8.88178419700125E-16,-1.));
#8857=DIRECTION('center_axis',(8.32667268468877E-17,1.,-8.88178419700125E-16));
#8858=DIRECTION('ref_axis',(1.,-8.32667268468867E-17,1.14398310830794E-15));
#8859=DIRECTION('',(-1.,8.32667268468877E-17,-6.81692229357624E-49));
#8860=DIRECTION('',(-7.39557098644699E-32,-8.88178419700125E-16,-1.));
#8861=DIRECTION('center_axis',(1.,-8.32667268468871E-17,2.93375771458964E-46));
#8862=DIRECTION('ref_axis',(-8.32667268468871E-17,-1.,3.22485404724024E-16));
#8863=DIRECTION('',(8.32667268468871E-17,1.,9.62964972193618E-35));
#8864=DIRECTION('',(-7.39557098644699E-32,-8.88178419700125E-16,-1.));
#8865=DIRECTION('center_axis',(-8.32667268468876E-17,-1.,8.88178419700125E-16));
#8866=DIRECTION('ref_axis',(-1.,8.32667268468868E-17,-9.45445371429338E-16));
#8867=DIRECTION('',(1.,-8.32667268468876E-17,6.81692229357624E-49));
#8868=DIRECTION('center_axis',(-1.,8.32667268468868E-17,-8.88178419700125E-16));
#8869=DIRECTION('ref_axis',(8.32667268468873E-17,1.,-5.21023141602628E-16));
#8870=DIRECTION('',(8.88178419700125E-16,-8.88178419700125E-16,-1.));
#8871=DIRECTION('',(-8.32667268468868E-17,-1.,-9.62964972193618E-35));
#8872=DIRECTION('',(8.88178419700125E-16,-8.88178419700125E-16,-1.));
#8873=DIRECTION('center_axis',(8.32667268468876E-17,1.,-8.88178419700125E-16));
#8874=DIRECTION('ref_axis',(1.,-8.32667268468868E-17,8.66030276677895E-16));
#8875=DIRECTION('',(-1.,8.32667268468876E-17,-6.81692229357624E-49));
#8876=DIRECTION('',(8.88178419700125E-16,-8.88178419700125E-16,-1.));
#8877=DIRECTION('center_axis',(1.,-8.32667268468868E-17,8.88178419700125E-16));
#8878=DIRECTION('ref_axis',(-8.32667268468873E-17,-1.,6.0043823635407E-16));
#8879=DIRECTION('',(8.32667268468868E-17,1.,9.62964972193618E-35));
#8880=DIRECTION('',(8.88178419700125E-16,-8.88178419700125E-16,-1.));
#8881=DIRECTION('center_axis',(-8.32667268468876E-17,-1.,8.88178419700125E-16));
#8882=DIRECTION('ref_axis',(-1.,8.32667268468868E-17,-9.45445371429338E-16));
#8883=DIRECTION('',(1.,-8.32667268468876E-17,6.81692229357624E-49));
#8884=DIRECTION('center_axis',(-1.,8.32667268468868E-17,-8.88178419700125E-16));
#8885=DIRECTION('ref_axis',(8.32667268468873E-17,1.,-5.21023141602628E-16));
#8886=DIRECTION('',(8.88178419700125E-16,-8.88178419700125E-16,-1.));
#8887=DIRECTION('',(-8.32667268468868E-17,-1.,-9.62964972193618E-35));
#8888=DIRECTION('',(8.88178419700125E-16,-8.88178419700125E-16,-1.));
#8889=DIRECTION('center_axis',(8.32667268468876E-17,1.,-8.88178419700125E-16));
#8890=DIRECTION('ref_axis',(1.,-8.32667268468868E-17,8.66030276677896E-16));
#8891=DIRECTION('',(-1.,8.32667268468876E-17,-6.81692229357624E-49));
#8892=DIRECTION('',(8.88178419700125E-16,-8.88178419700125E-16,-1.));
#8893=DIRECTION('center_axis',(1.,-8.32667268468868E-17,8.88178419700125E-16));
#8894=DIRECTION('ref_axis',(-8.32667268468873E-17,-1.,6.0043823635407E-16));
#8895=DIRECTION('',(8.32667268468868E-17,1.,9.62964972193618E-35));
#8896=DIRECTION('',(8.88178419700125E-16,-8.88178419700125E-16,-1.));
#8897=DIRECTION('center_axis',(-8.32667268468876E-17,-1.,8.88178419700125E-16));
#8898=DIRECTION('ref_axis',(-1.,8.32667268468868E-17,-9.45445371429338E-16));
#8899=DIRECTION('',(1.,-8.32667268468876E-17,6.81692229357624E-49));
#8900=DIRECTION('center_axis',(-1.,8.3266726846887E-17,-4.44089209850063E-16));
#8901=DIRECTION('ref_axis',(8.32667268468873E-17,1.,-5.21023141602628E-16));
#8902=DIRECTION('',(4.44089209850063E-16,-8.88178419700125E-16,-1.));
#8903=DIRECTION('',(-8.3266726846887E-17,-1.,-9.62964972193618E-35));
#8904=DIRECTION('',(4.44089209850063E-16,-8.88178419700125E-16,-1.));
#8905=DIRECTION('center_axis',(8.32667268468875E-17,1.,-8.88178419700125E-16));
#8906=DIRECTION('ref_axis',(1.,-8.32667268468869E-17,6.27784992423571E-16));
#8907=DIRECTION('',(-1.,8.32667268468875E-17,-6.81692229357624E-49));
#8908=DIRECTION('',(4.44089209850063E-16,-8.88178419700125E-16,-1.));
#8909=DIRECTION('center_axis',(1.,-8.32667268468872E-17,4.44089209850063E-16));
#8910=DIRECTION('ref_axis',(-8.32667268468876E-17,-1.,8.38683520608395E-16));
#8911=DIRECTION('',(8.32667268468872E-17,1.,9.62964972193618E-35));
#8912=DIRECTION('',(4.44089209850063E-16,-8.88178419700125E-16,-1.));
#8913=DIRECTION('center_axis',(-8.32667268468876E-17,-1.,8.88178419700125E-16));
#8914=DIRECTION('ref_axis',(-1.,8.32667268468868E-17,-9.45445371429338E-16));
#8915=DIRECTION('',(1.,-8.32667268468876E-17,6.81692229357624E-49));
#8916=DIRECTION('center_axis',(-1.,8.3266726846887E-17,-4.44089209850063E-16));
#8917=DIRECTION('ref_axis',(8.32667268468873E-17,1.,-5.21023141602628E-16));
#8918=DIRECTION('',(4.44089209850063E-16,-8.88178419700125E-16,-1.));
#8919=DIRECTION('',(-8.3266726846887E-17,-1.,-9.62964972193618E-35));
#8920=DIRECTION('',(4.44089209850063E-16,-8.88178419700125E-16,-1.));
#8921=DIRECTION('center_axis',(8.32667268468875E-17,1.,-8.88178419700125E-16));
#8922=DIRECTION('ref_axis',(1.,-8.32667268468869E-17,6.27784992423571E-16));
#8923=DIRECTION('',(-1.,8.32667268468875E-17,-6.81692229357624E-49));
#8924=DIRECTION('',(4.44089209850063E-16,-8.88178419700125E-16,-1.));
#8925=DIRECTION('center_axis',(1.,-8.32667268468872E-17,4.44089209850063E-16));
#8926=DIRECTION('ref_axis',(-8.32667268468876E-17,-1.,8.38683520608395E-16));
#8927=DIRECTION('',(8.32667268468872E-17,1.,9.62964972193618E-35));
#8928=DIRECTION('',(4.44089209850063E-16,-8.88178419700125E-16,-1.));
#8929=DIRECTION('center_axis',(-8.32667268468876E-17,-1.,8.88178419700125E-16));
#8930=DIRECTION('ref_axis',(-1.,8.32667268468868E-17,-9.45445371429338E-16));
#8931=DIRECTION('',(1.,-8.32667268468876E-17,6.81692229357624E-49));
#8932=DIRECTION('center_axis',(-1.,8.3266726846887E-17,-4.44089209850063E-16));
#8933=DIRECTION('ref_axis',(8.32667268468873E-17,1.,-5.21023141602628E-16));
#8934=DIRECTION('',(4.44089209850063E-16,-8.88178419700125E-16,-1.));
#8935=DIRECTION('',(-8.3266726846887E-17,-1.,-9.62964972193618E-35));
#8936=DIRECTION('',(4.44089209850063E-16,-8.88178419700125E-16,-1.));
#8937=DIRECTION('center_axis',(8.32667268468876E-17,1.,-8.88178419700125E-16));
#8938=DIRECTION('ref_axis',(1.,-8.32667268468868E-17,8.66030276677896E-16));
#8939=DIRECTION('',(-1.,8.32667268468876E-17,-6.81692229357624E-49));
#8940=DIRECTION('',(4.44089209850063E-16,-8.88178419700125E-16,-1.));
#8941=DIRECTION('center_axis',(1.,-8.32667268468871E-17,4.44089209850063E-16));
#8942=DIRECTION('ref_axis',(-8.32667268468873E-17,-1.,6.0043823635407E-16));
#8943=DIRECTION('',(8.32667268468871E-17,1.,9.62964972193618E-35));
#8944=DIRECTION('',(4.44089209850063E-16,-8.88178419700125E-16,-1.));
#8945=DIRECTION('center_axis',(-8.32667268468876E-17,-1.,8.88178419700125E-16));
#8946=DIRECTION('ref_axis',(-1.,8.32667268468868E-17,-9.45445371429338E-16));
#8947=DIRECTION('',(1.,-8.32667268468876E-17,6.81692229357624E-49));
#8948=DIRECTION('center_axis',(-1.,8.32667268468868E-17,-8.88178419700125E-16));
#8949=DIRECTION('ref_axis',(8.32667268468873E-17,1.,-5.21023141602628E-16));
#8950=DIRECTION('',(8.88178419700125E-16,-8.88178419700125E-16,-1.));
#8951=DIRECTION('',(-8.32667268468868E-17,-1.,-9.62964972193618E-35));
#8952=DIRECTION('',(8.88178419700125E-16,-8.88178419700125E-16,-1.));
#8953=DIRECTION('center_axis',(8.32667268468876E-17,1.,-8.88178419700125E-16));
#8954=DIRECTION('ref_axis',(1.,-8.32667268468868E-17,8.66030276677895E-16));
#8955=DIRECTION('',(-1.,8.32667268468876E-17,-6.81692229357624E-49));
#8956=DIRECTION('',(8.88178419700125E-16,-8.88178419700125E-16,-1.));
#8957=DIRECTION('center_axis',(1.,-8.32667268468868E-17,8.88178419700125E-16));
#8958=DIRECTION('ref_axis',(-8.32667268468873E-17,-1.,6.0043823635407E-16));
#8959=DIRECTION('',(8.32667268468868E-17,1.,9.62964972193618E-35));
#8960=DIRECTION('',(8.88178419700125E-16,-8.88178419700125E-16,-1.));
#8961=DIRECTION('center_axis',(-8.32667268468876E-17,-1.,8.88178419700125E-16));
#8962=DIRECTION('ref_axis',(-1.,8.32667268468868E-17,-9.45445371429338E-16));
#8963=DIRECTION('',(1.,-8.32667268468876E-17,6.81692229357624E-49));
#8964=DIRECTION('center_axis',(-1.,8.32667268468868E-17,-8.88178419700125E-16));
#8965=DIRECTION('ref_axis',(8.32667268468873E-17,1.,-5.21023141602628E-16));
#8966=DIRECTION('',(8.88178419700125E-16,-8.88178419700125E-16,-1.));
#8967=DIRECTION('',(-8.32667268468868E-17,-1.,-9.62964972193618E-35));
#8968=DIRECTION('',(8.88178419700125E-16,-8.88178419700125E-16,-1.));
#8969=DIRECTION('center_axis',(8.32667268468876E-17,1.,-8.88178419700125E-16));
#8970=DIRECTION('ref_axis',(1.,-8.32667268468867E-17,9.85152918805058E-16));
#8971=DIRECTION('',(-1.,8.32667268468876E-17,-6.81692229357624E-49));
#8972=DIRECTION('',(8.88178419700125E-16,-8.88178419700125E-16,-1.));
#8973=DIRECTION('center_axis',(1.,-8.32667268468868E-17,8.88178419700125E-16));
#8974=DIRECTION('ref_axis',(-8.32667268468872E-17,-1.,4.81315594226907E-16));
#8975=DIRECTION('',(8.32667268468868E-17,1.,9.62964972193618E-35));
#8976=DIRECTION('',(8.88178419700125E-16,-8.88178419700125E-16,-1.));
#8977=DIRECTION('center_axis',(-8.32667268468876E-17,-1.,8.88178419700125E-16));
#8978=DIRECTION('ref_axis',(-1.,8.32667268468868E-17,-9.45445371429338E-16));
#8979=DIRECTION('',(1.,-8.32667268468876E-17,6.81692229357624E-49));
#8980=DIRECTION('center_axis',(-1.,8.32667268468873E-17,-4.6009270894617E-46));
#8981=DIRECTION('ref_axis',(8.32667268468873E-17,1.,-5.21023141602628E-16));
#8982=DIRECTION('',(-7.39557098644699E-32,-8.88178419700125E-16,-1.));
#8983=DIRECTION('',(-8.32667268468873E-17,-1.,-9.62964972193618E-35));
#8984=DIRECTION('',(-7.39557098644699E-32,-8.88178419700125E-16,-1.));
#8985=DIRECTION('center_axis',(8.32667268468877E-17,1.,-8.88178419700125E-16));
#8986=DIRECTION('ref_axis',(1.,-8.32667268468867E-17,1.14398310830794E-15));
#8987=DIRECTION('',(-1.,8.32667268468877E-17,-6.81692229357624E-49));
#8988=DIRECTION('',(-7.39557098644699E-32,-8.88178419700125E-16,-1.));
#8989=DIRECTION('center_axis',(1.,-8.32667268468871E-17,2.93375771458964E-46));
#8990=DIRECTION('ref_axis',(-8.32667268468871E-17,-1.,3.22485404724024E-16));
#8991=DIRECTION('',(8.32667268468871E-17,1.,9.62964972193618E-35));
#8992=DIRECTION('',(-7.39557098644699E-32,-8.88178419700125E-16,-1.));
#8993=DIRECTION('center_axis',(-8.32667268468876E-17,-1.,8.88178419700125E-16));
#8994=DIRECTION('ref_axis',(-1.,8.32667268468868E-17,-9.45445371429338E-16));
#8995=DIRECTION('',(1.,-8.32667268468876E-17,6.81692229357624E-49));
#8996=DIRECTION('center_axis',(-1.,8.32667268468873E-17,-4.6009270894617E-46));
#8997=DIRECTION('ref_axis',(8.32667268468873E-17,1.,-5.21023141602628E-16));
#8998=DIRECTION('',(-7.39557098644699E-32,-8.88178419700125E-16,-1.));
#8999=DIRECTION('',(-8.32667268468873E-17,-1.,-9.62964972193618E-35));
#9000=DIRECTION('',(-7.39557098644699E-32,-8.88178419700125E-16,-1.));
#9001=DIRECTION('center_axis',(8.32667268468876E-17,1.,-8.88178419700125E-16));
#9002=DIRECTION('ref_axis',(1.,-8.32667268468867E-17,9.85152918805058E-16));
#9003=DIRECTION('',(-1.,8.32667268468876E-17,-6.81692229357624E-49));
#9004=DIRECTION('',(-7.39557098644699E-32,-8.88178419700125E-16,-1.));
#9005=DIRECTION('center_axis',(1.,-8.32667268468872E-17,4.26749321448729E-46));
#9006=DIRECTION('ref_axis',(-8.32667268468872E-17,-1.,4.81315594226907E-16));
#9007=DIRECTION('',(8.32667268468872E-17,1.,9.62964972193618E-35));
#9008=DIRECTION('',(-7.39557098644699E-32,-8.88178419700125E-16,-1.));
#9009=DIRECTION('center_axis',(-8.32667268468876E-17,-1.,8.88178419700125E-16));
#9010=DIRECTION('ref_axis',(-1.,8.32667268468868E-17,-9.45445371429338E-16));
#9011=DIRECTION('',(1.,-8.32667268468876E-17,6.81692229357624E-49));
#9012=DIRECTION('center_axis',(-1.,8.32667268468873E-17,-4.6009270894617E-46));
#9013=DIRECTION('ref_axis',(8.32667268468873E-17,1.,-5.21023141602628E-16));
#9014=DIRECTION('',(-7.39557098644699E-32,-8.88178419700125E-16,-1.));
#9015=DIRECTION('',(-8.32667268468873E-17,-1.,-9.62964972193618E-35));
#9016=DIRECTION('',(-7.39557098644699E-32,-8.88178419700125E-16,-1.));
#9017=DIRECTION('center_axis',(8.32667268468876E-17,1.,-8.88178419700125E-16));
#9018=DIRECTION('ref_axis',(1.,-8.32667268468868E-17,8.66030276677895E-16));
#9019=DIRECTION('',(-1.,8.32667268468876E-17,-6.81692229357624E-49));
#9020=DIRECTION('',(-7.39557098644699E-32,-8.88178419700125E-16,-1.));
#9021=DIRECTION('center_axis',(1.,-8.32667268468873E-17,5.26779483941052E-46));
#9022=DIRECTION('ref_axis',(-8.32667268468873E-17,-1.,6.0043823635407E-16));
#9023=DIRECTION('',(8.32667268468873E-17,1.,9.62964972193618E-35));
#9024=DIRECTION('',(-7.39557098644699E-32,-8.88178419700125E-16,-1.));
#9025=DIRECTION('center_axis',(-8.32667268468876E-17,-1.,8.88178419700125E-16));
#9026=DIRECTION('ref_axis',(-1.,8.32667268468868E-17,-9.45445371429338E-16));
#9027=DIRECTION('',(1.,-8.32667268468876E-17,6.81692229357624E-49));
#9028=DIRECTION('center_axis',(-1.,8.32667268468868E-17,-8.88178419700125E-16));
#9029=DIRECTION('ref_axis',(8.32667268468873E-17,1.,-5.21023141602628E-16));
#9030=DIRECTION('',(8.88178419700125E-16,-8.88178419700125E-16,-1.));
#9031=DIRECTION('',(-8.32667268468868E-17,-1.,-9.62964972193618E-35));
#9032=DIRECTION('',(8.88178419700125E-16,-8.88178419700125E-16,-1.));
#9033=DIRECTION('center_axis',(8.32667268468876E-17,1.,-8.88178419700125E-16));
#9034=DIRECTION('ref_axis',(1.,-8.32667268468868E-17,8.66030276677896E-16));
#9035=DIRECTION('',(-1.,8.32667268468876E-17,-6.81692229357624E-49));
#9036=DIRECTION('',(8.88178419700125E-16,-8.88178419700125E-16,-1.));
#9037=DIRECTION('center_axis',(1.,-8.32667268468868E-17,8.88178419700125E-16));
#9038=DIRECTION('ref_axis',(-8.32667268468873E-17,-1.,6.0043823635407E-16));
#9039=DIRECTION('',(8.32667268468868E-17,1.,9.62964972193618E-35));
#9040=DIRECTION('',(8.88178419700125E-16,-8.88178419700125E-16,-1.));
#9041=DIRECTION('center_axis',(-8.32667268468876E-17,-1.,8.88178419700125E-16));
#9042=DIRECTION('ref_axis',(-1.,8.32667268468868E-17,-9.45445371429338E-16));
#9043=DIRECTION('',(1.,-8.32667268468876E-17,6.81692229357624E-49));
#9044=DIRECTION('center_axis',(-1.,8.32667268468868E-17,-8.88178419700125E-16));
#9045=DIRECTION('ref_axis',(8.32667268468873E-17,1.,-5.21023141602628E-16));
#9046=DIRECTION('',(8.88178419700125E-16,-8.88178419700125E-16,-1.));
#9047=DIRECTION('',(-8.32667268468868E-17,-1.,-9.62964972193618E-35));
#9048=DIRECTION('',(8.88178419700125E-16,-8.88178419700125E-16,-1.));
#9049=DIRECTION('center_axis',(8.32667268468876E-17,1.,-8.88178419700125E-16));
#9050=DIRECTION('ref_axis',(1.,-8.32667268468868E-17,8.66030276677896E-16));
#9051=DIRECTION('',(-1.,8.32667268468876E-17,-6.81692229357624E-49));
#9052=DIRECTION('',(8.88178419700125E-16,-8.88178419700125E-16,-1.));
#9053=DIRECTION('center_axis',(1.,-8.32667268468868E-17,8.88178419700125E-16));
#9054=DIRECTION('ref_axis',(-8.32667268468873E-17,-1.,6.0043823635407E-16));
#9055=DIRECTION('',(8.32667268468868E-17,1.,9.62964972193618E-35));
#9056=DIRECTION('',(8.88178419700125E-16,-8.88178419700125E-16,-1.));
#9057=DIRECTION('center_axis',(-8.32667268468876E-17,-1.,8.88178419700125E-16));
#9058=DIRECTION('ref_axis',(-1.,8.32667268468868E-17,-9.45445371429338E-16));
#9059=DIRECTION('',(1.,-8.32667268468876E-17,6.81692229357624E-49));
#9060=DIRECTION('center_axis',(-1.,8.3266726846887E-17,-4.44089209850063E-16));
#9061=DIRECTION('ref_axis',(8.32667268468873E-17,1.,-5.21023141602628E-16));
#9062=DIRECTION('',(4.44089209850063E-16,-8.88178419700125E-16,-1.));
#9063=DIRECTION('',(-8.3266726846887E-17,-1.,-9.62964972193618E-35));
#9064=DIRECTION('',(4.44089209850063E-16,-8.88178419700125E-16,-1.));
#9065=DIRECTION('center_axis',(8.32667268468876E-17,1.,-8.88178419700125E-16));
#9066=DIRECTION('ref_axis',(1.,-8.32667268468868E-17,8.66030276677896E-16));
#9067=DIRECTION('',(-1.,8.32667268468876E-17,-6.81692229357624E-49));
#9068=DIRECTION('',(4.44089209850063E-16,-8.88178419700125E-16,-1.));
#9069=DIRECTION('center_axis',(1.,-8.32667268468871E-17,4.44089209850063E-16));
#9070=DIRECTION('ref_axis',(-8.32667268468873E-17,-1.,6.0043823635407E-16));
#9071=DIRECTION('',(8.32667268468871E-17,1.,9.62964972193618E-35));
#9072=DIRECTION('',(4.44089209850063E-16,-8.88178419700125E-16,-1.));
#9073=DIRECTION('center_axis',(-8.32667268468876E-17,-1.,8.88178419700125E-16));
#9074=DIRECTION('ref_axis',(-1.,8.32667268468868E-17,-9.45445371429338E-16));
#9075=DIRECTION('',(1.,-8.32667268468876E-17,6.81692229357624E-49));
#9076=DIRECTION('center_axis',(-1.,8.32667268468868E-17,-8.88178419700125E-16));
#9077=DIRECTION('ref_axis',(8.32667268468873E-17,1.,-5.21023141602628E-16));
#9078=DIRECTION('',(8.88178419700125E-16,-8.88178419700125E-16,-1.));
#9079=DIRECTION('',(-8.32667268468868E-17,-1.,-9.62964972193618E-35));
#9080=DIRECTION('',(8.88178419700125E-16,-8.88178419700125E-16,-1.));
#9081=DIRECTION('center_axis',(8.32667268468876E-17,1.,-8.88178419700125E-16));
#9082=DIRECTION('ref_axis',(1.,-8.32667268468868E-17,8.66030276677896E-16));
#9083=DIRECTION('',(-1.,8.32667268468876E-17,-6.81692229357624E-49));
#9084=DIRECTION('',(8.88178419700125E-16,-8.88178419700125E-16,-1.));
#9085=DIRECTION('center_axis',(1.,-8.32667268468868E-17,8.88178419700125E-16));
#9086=DIRECTION('ref_axis',(-8.32667268468873E-17,-1.,6.0043823635407E-16));
#9087=DIRECTION('',(8.32667268468868E-17,1.,9.62964972193618E-35));
#9088=DIRECTION('',(8.88178419700125E-16,-8.88178419700125E-16,-1.));
#9089=DIRECTION('center_axis',(-8.32667268468876E-17,-1.,8.88178419700125E-16));
#9090=DIRECTION('ref_axis',(-1.,8.32667268468868E-17,-9.45445371429338E-16));
#9091=DIRECTION('',(1.,-8.32667268468876E-17,6.81692229357624E-49));
#9092=DIRECTION('center_axis',(-1.,8.32667268468868E-17,-8.88178419700125E-16));
#9093=DIRECTION('ref_axis',(8.32667268468873E-17,1.,-5.21023141602628E-16));
#9094=DIRECTION('',(8.88178419700125E-16,-8.88178419700125E-16,-1.));
#9095=DIRECTION('',(-8.32667268468868E-17,-1.,-9.62964972193618E-35));
#9096=DIRECTION('',(8.88178419700125E-16,-8.88178419700125E-16,-1.));
#9097=DIRECTION('center_axis',(8.32667268468876E-17,1.,-8.88178419700125E-16));
#9098=DIRECTION('ref_axis',(1.,-8.32667268468868E-17,8.66030276677896E-16));
#9099=DIRECTION('',(-1.,8.32667268468876E-17,-6.81692229357624E-49));
#9100=DIRECTION('',(8.88178419700125E-16,-8.88178419700125E-16,-1.));
#9101=DIRECTION('center_axis',(1.,-8.32667268468868E-17,8.88178419700125E-16));
#9102=DIRECTION('ref_axis',(-8.32667268468873E-17,-1.,6.0043823635407E-16));
#9103=DIRECTION('',(8.32667268468868E-17,1.,9.62964972193618E-35));
#9104=DIRECTION('',(8.88178419700125E-16,-8.88178419700125E-16,-1.));
#9105=DIRECTION('center_axis',(-8.32667268468876E-17,-1.,8.88178419700125E-16));
#9106=DIRECTION('ref_axis',(-1.,8.32667268468868E-17,-9.45445371429338E-16));
#9107=DIRECTION('',(1.,-8.32667268468876E-17,6.81692229357624E-49));
#9108=DIRECTION('center_axis',(-1.,8.32667268468873E-17,-4.6009270894617E-46));
#9109=DIRECTION('ref_axis',(8.32667268468873E-17,1.,-5.21023141602628E-16));
#9110=DIRECTION('',(-7.39557098644699E-32,-8.88178419700125E-16,-1.));
#9111=DIRECTION('',(-8.32667268468873E-17,-1.,-9.62964972193618E-35));
#9112=DIRECTION('',(-7.39557098644699E-32,-8.88178419700125E-16,-1.));
#9113=DIRECTION('center_axis',(8.32667268468876E-17,1.,-8.88178419700125E-16));
#9114=DIRECTION('ref_axis',(1.,-8.32667268468868E-17,8.66030276677895E-16));
#9115=DIRECTION('',(-1.,8.32667268468876E-17,-6.81692229357624E-49));
#9116=DIRECTION('',(-7.39557098644699E-32,-8.88178419700125E-16,-1.));
#9117=DIRECTION('center_axis',(1.,-8.32667268468873E-17,5.26779483941052E-46));
#9118=DIRECTION('ref_axis',(-8.32667268468873E-17,-1.,6.0043823635407E-16));
#9119=DIRECTION('',(8.32667268468873E-17,1.,9.62964972193618E-35));
#9120=DIRECTION('',(-7.39557098644699E-32,-8.88178419700125E-16,-1.));
#9121=DIRECTION('center_axis',(-8.32667268468876E-17,-1.,8.88178419700125E-16));
#9122=DIRECTION('ref_axis',(-1.,8.32667268468868E-17,-9.45445371429338E-16));
#9123=DIRECTION('',(1.,-8.32667268468876E-17,6.81692229357624E-49));
#9124=DIRECTION('center_axis',(-1.,8.32667268468873E-17,-4.6009270894617E-46));
#9125=DIRECTION('ref_axis',(8.32667268468873E-17,1.,-5.21023141602628E-16));
#9126=DIRECTION('',(-7.39557098644699E-32,-8.88178419700125E-16,-1.));
#9127=DIRECTION('',(-8.32667268468873E-17,-1.,-9.62964972193618E-35));
#9128=DIRECTION('',(-7.39557098644699E-32,-8.88178419700125E-16,-1.));
#9129=DIRECTION('center_axis',(8.32667268468876E-17,1.,-8.88178419700125E-16));
#9130=DIRECTION('ref_axis',(1.,-8.32667268468868E-17,8.66030276677895E-16));
#9131=DIRECTION('',(-1.,8.32667268468876E-17,-6.81692229357624E-49));
#9132=DIRECTION('',(-7.39557098644699E-32,-8.88178419700125E-16,-1.));
#9133=DIRECTION('center_axis',(1.,-8.32667268468873E-17,5.26779483941052E-46));
#9134=DIRECTION('ref_axis',(-8.32667268468873E-17,-1.,6.0043823635407E-16));
#9135=DIRECTION('',(8.32667268468873E-17,1.,9.62964972193618E-35));
#9136=DIRECTION('',(-7.39557098644699E-32,-8.88178419700125E-16,-1.));
#9137=DIRECTION('center_axis',(-8.32667268468876E-17,-1.,8.88178419700125E-16));
#9138=DIRECTION('ref_axis',(-1.,8.32667268468868E-17,-9.45445371429338E-16));
#9139=DIRECTION('',(1.,-8.32667268468876E-17,6.81692229357624E-49));
#9140=DIRECTION('center_axis',(-1.,8.32667268468868E-17,-8.88178419700125E-16));
#9141=DIRECTION('ref_axis',(8.32667268468873E-17,1.,-5.21023141602628E-16));
#9142=DIRECTION('',(8.88178419700125E-16,-8.88178419700125E-16,-1.));
#9143=DIRECTION('',(-8.32667268468868E-17,-1.,-9.62964972193618E-35));
#9144=DIRECTION('',(8.88178419700125E-16,-8.88178419700125E-16,-1.));
#9145=DIRECTION('center_axis',(8.32667268468876E-17,1.,-8.88178419700125E-16));
#9146=DIRECTION('ref_axis',(1.,-8.32667268468868E-17,8.66030276677896E-16));
#9147=DIRECTION('',(-1.,8.32667268468876E-17,-6.81692229357624E-49));
#9148=DIRECTION('',(8.88178419700125E-16,-8.88178419700125E-16,-1.));
#9149=DIRECTION('center_axis',(1.,-8.32667268468868E-17,8.88178419700125E-16));
#9150=DIRECTION('ref_axis',(-8.32667268468873E-17,-1.,6.0043823635407E-16));
#9151=DIRECTION('',(8.32667268468868E-17,1.,9.62964972193618E-35));
#9152=DIRECTION('',(8.88178419700125E-16,-8.88178419700125E-16,-1.));
#9153=DIRECTION('center_axis',(-8.32667268468876E-17,-1.,8.88178419700125E-16));
#9154=DIRECTION('ref_axis',(-1.,8.32667268468868E-17,-9.45445371429338E-16));
#9155=DIRECTION('',(1.,-8.32667268468876E-17,6.81692229357624E-49));
#9156=DIRECTION('center_axis',(-1.,8.32667268468868E-17,-8.88178419700125E-16));
#9157=DIRECTION('ref_axis',(8.32667268468873E-17,1.,-5.21023141602628E-16));
#9158=DIRECTION('',(8.88178419700125E-16,-8.88178419700125E-16,-1.));
#9159=DIRECTION('',(-8.32667268468868E-17,-1.,-9.62964972193618E-35));
#9160=DIRECTION('',(8.88178419700125E-16,-8.88178419700125E-16,-1.));
#9161=DIRECTION('center_axis',(8.32667268468876E-17,1.,-8.88178419700125E-16));
#9162=DIRECTION('ref_axis',(1.,-8.32667268468868E-17,8.66030276677896E-16));
#9163=DIRECTION('',(-1.,8.32667268468876E-17,-6.81692229357624E-49));
#9164=DIRECTION('',(8.88178419700125E-16,-8.88178419700125E-16,-1.));
#9165=DIRECTION('center_axis',(1.,-8.32667268468868E-17,8.88178419700125E-16));
#9166=DIRECTION('ref_axis',(-8.32667268468873E-17,-1.,6.0043823635407E-16));
#9167=DIRECTION('',(8.32667268468868E-17,1.,9.62964972193618E-35));
#9168=DIRECTION('',(8.88178419700125E-16,-8.88178419700125E-16,-1.));
#9169=DIRECTION('center_axis',(-8.32667268468876E-17,-1.,8.88178419700125E-16));
#9170=DIRECTION('ref_axis',(-1.,8.32667268468868E-17,-9.45445371429338E-16));
#9171=DIRECTION('',(1.,-8.32667268468876E-17,6.81692229357624E-49));
#9172=DIRECTION('center_axis',(8.32667268468876E-17,1.,-8.88178419700125E-16));
#9173=DIRECTION('ref_axis',(1.,-8.32667268468868E-17,9.45445371429338E-16));
#9174=DIRECTION('',(4.44089209850063E-16,-8.88178419700125E-16,-1.));
#9175=DIRECTION('',(-1.,8.32667268468876E-17,-6.81692229357624E-49));
#9176=DIRECTION('',(4.44089209850063E-16,-8.88178419700125E-16,-1.));
#9177=DIRECTION('center_axis',(1.,-8.3266726846887E-17,4.44089209850063E-16));
#9178=DIRECTION('ref_axis',(-8.32667268468873E-17,-1.,5.21023141602628E-16));
#9179=DIRECTION('',(8.3266726846887E-17,1.,9.62964972193618E-35));
#9180=DIRECTION('',(4.44089209850063E-16,-8.88178419700125E-16,-1.));
#9181=DIRECTION('center_axis',(-8.32667268468876E-17,-1.,8.88178419700125E-16));
#9182=DIRECTION('ref_axis',(-1.,8.32667268468868E-17,-9.45445371429338E-16));
#9183=DIRECTION('',(1.,-8.32667268468876E-17,6.81692229357624E-49));
#9184=DIRECTION('',(4.44089209850063E-16,-8.88178419700125E-16,-1.));
#9185=DIRECTION('center_axis',(-1.,8.3266726846887E-17,-4.44089209850063E-16));
#9186=DIRECTION('ref_axis',(8.32667268468873E-17,1.,-5.21023141602628E-16));
#9187=DIRECTION('',(-8.3266726846887E-17,-1.,-9.62964972193618E-35));
#9188=DIRECTION('center_axis',(-1.,8.32667268468868E-17,-8.88178419700125E-16));
#9189=DIRECTION('ref_axis',(8.32667268468873E-17,1.,-5.21023141602628E-16));
#9190=DIRECTION('',(8.88178419700125E-16,-8.88178419700125E-16,-1.));
#9191=DIRECTION('',(-8.32667268468868E-17,-1.,-9.62964972193618E-35));
#9192=DIRECTION('',(8.88178419700125E-16,-8.88178419700125E-16,-1.));
#9193=DIRECTION('center_axis',(8.32667268468876E-17,1.,-8.88178419700125E-16));
#9194=DIRECTION('ref_axis',(1.,-8.32667268468868E-17,8.66030276677896E-16));
#9195=DIRECTION('',(-1.,8.32667268468876E-17,-6.81692229357624E-49));
#9196=DIRECTION('',(8.88178419700125E-16,-8.88178419700125E-16,-1.));
#9197=DIRECTION('center_axis',(1.,-8.32667268468868E-17,8.88178419700125E-16));
#9198=DIRECTION('ref_axis',(-8.32667268468873E-17,-1.,6.0043823635407E-16));
#9199=DIRECTION('',(8.32667268468868E-17,1.,9.62964972193618E-35));
#9200=DIRECTION('',(8.88178419700125E-16,-8.88178419700125E-16,-1.));
#9201=DIRECTION('center_axis',(-8.32667268468876E-17,-1.,8.88178419700125E-16));
#9202=DIRECTION('ref_axis',(-1.,8.32667268468868E-17,-9.45445371429338E-16));
#9203=DIRECTION('',(1.,-8.32667268468876E-17,6.81692229357624E-49));
#9204=DIRECTION('center_axis',(-1.,8.32667268468868E-17,-8.88178419700125E-16));
#9205=DIRECTION('ref_axis',(8.32667268468873E-17,1.,-5.21023141602628E-16));
#9206=DIRECTION('',(8.88178419700125E-16,-8.88178419700125E-16,-1.));
#9207=DIRECTION('',(-8.32667268468868E-17,-1.,-9.62964972193618E-35));
#9208=DIRECTION('',(8.88178419700125E-16,-8.88178419700125E-16,-1.));
#9209=DIRECTION('center_axis',(8.32667268468876E-17,1.,-8.88178419700125E-16));
#9210=DIRECTION('ref_axis',(1.,-8.32667268468868E-17,8.66030276677896E-16));
#9211=DIRECTION('',(-1.,8.32667268468876E-17,-6.81692229357624E-49));
#9212=DIRECTION('',(8.88178419700125E-16,-8.88178419700125E-16,-1.));
#9213=DIRECTION('center_axis',(1.,-8.32667268468868E-17,8.88178419700125E-16));
#9214=DIRECTION('ref_axis',(-8.32667268468873E-17,-1.,6.0043823635407E-16));
#9215=DIRECTION('',(8.32667268468868E-17,1.,9.62964972193618E-35));
#9216=DIRECTION('',(8.88178419700125E-16,-8.88178419700125E-16,-1.));
#9217=DIRECTION('center_axis',(-8.32667268468876E-17,-1.,8.88178419700125E-16));
#9218=DIRECTION('ref_axis',(-1.,8.32667268468868E-17,-9.45445371429338E-16));
#9219=DIRECTION('',(1.,-8.32667268468876E-17,6.81692229357624E-49));
#9220=DIRECTION('center_axis',(-1.,8.32667268468873E-17,-4.6009270894617E-46));
#9221=DIRECTION('ref_axis',(8.32667268468873E-17,1.,-5.21023141602628E-16));
#9222=DIRECTION('',(-7.39557098644699E-32,-8.88178419700125E-16,-1.));
#9223=DIRECTION('',(-8.32667268468873E-17,-1.,-9.62964972193618E-35));
#9224=DIRECTION('',(-7.39557098644699E-32,-8.88178419700125E-16,-1.));
#9225=DIRECTION('center_axis',(8.32667268468876E-17,1.,-8.88178419700125E-16));
#9226=DIRECTION('ref_axis',(1.,-8.32667268468868E-17,8.66030276677895E-16));
#9227=DIRECTION('',(-1.,8.32667268468876E-17,-6.81692229357624E-49));
#9228=DIRECTION('',(-7.39557098644699E-32,-8.88178419700125E-16,-1.));
#9229=DIRECTION('center_axis',(1.,-8.32667268468873E-17,5.26779483941052E-46));
#9230=DIRECTION('ref_axis',(-8.32667268468873E-17,-1.,6.0043823635407E-16));
#9231=DIRECTION('',(8.32667268468873E-17,1.,9.62964972193618E-35));
#9232=DIRECTION('',(-7.39557098644699E-32,-8.88178419700125E-16,-1.));
#9233=DIRECTION('center_axis',(-8.32667268468876E-17,-1.,8.88178419700125E-16));
#9234=DIRECTION('ref_axis',(-1.,8.32667268468868E-17,-9.45445371429338E-16));
#9235=DIRECTION('',(1.,-8.32667268468876E-17,6.81692229357624E-49));
#9236=DIRECTION('center_axis',(-1.,8.32667268468873E-17,-4.6009270894617E-46));
#9237=DIRECTION('ref_axis',(8.32667268468873E-17,1.,-5.21023141602628E-16));
#9238=DIRECTION('',(-7.39557098644699E-32,-8.88178419700125E-16,-1.));
#9239=DIRECTION('',(-8.32667268468873E-17,-1.,-9.62964972193618E-35));
#9240=DIRECTION('',(-7.39557098644699E-32,-8.88178419700125E-16,-1.));
#9241=DIRECTION('center_axis',(8.32667268468876E-17,1.,-8.88178419700125E-16));
#9242=DIRECTION('ref_axis',(1.,-8.32667268468868E-17,8.66030276677895E-16));
#9243=DIRECTION('',(-1.,8.32667268468876E-17,-6.81692229357624E-49));
#9244=DIRECTION('',(-7.39557098644699E-32,-8.88178419700125E-16,-1.));
#9245=DIRECTION('center_axis',(1.,-8.32667268468873E-17,5.26779483941052E-46));
#9246=DIRECTION('ref_axis',(-8.32667268468873E-17,-1.,6.0043823635407E-16));
#9247=DIRECTION('',(8.32667268468873E-17,1.,9.62964972193618E-35));
#9248=DIRECTION('',(-7.39557098644699E-32,-8.88178419700125E-16,-1.));
#9249=DIRECTION('center_axis',(-8.32667268468876E-17,-1.,8.88178419700125E-16));
#9250=DIRECTION('ref_axis',(-1.,8.32667268468868E-17,-9.45445371429338E-16));
#9251=DIRECTION('',(1.,-8.32667268468876E-17,6.81692229357624E-49));
#9252=DIRECTION('center_axis',(-1.,8.32667268468868E-17,-8.88178419700125E-16));
#9253=DIRECTION('ref_axis',(8.32667268468873E-17,1.,-5.21023141602628E-16));
#9254=DIRECTION('',(8.88178419700125E-16,-8.88178419700125E-16,-1.));
#9255=DIRECTION('',(-8.32667268468868E-17,-1.,-9.62964972193618E-35));
#9256=DIRECTION('',(8.88178419700125E-16,-8.88178419700125E-16,-1.));
#9257=DIRECTION('center_axis',(8.32667268468876E-17,1.,-8.88178419700125E-16));
#9258=DIRECTION('ref_axis',(1.,-8.32667268468868E-17,8.66030276677896E-16));
#9259=DIRECTION('',(-1.,8.32667268468876E-17,-6.81692229357624E-49));
#9260=DIRECTION('',(8.88178419700125E-16,-8.88178419700125E-16,-1.));
#9261=DIRECTION('center_axis',(1.,-8.32667268468868E-17,8.88178419700125E-16));
#9262=DIRECTION('ref_axis',(-8.32667268468873E-17,-1.,6.0043823635407E-16));
#9263=DIRECTION('',(8.32667268468868E-17,1.,9.62964972193618E-35));
#9264=DIRECTION('',(8.88178419700125E-16,-8.88178419700125E-16,-1.));
#9265=DIRECTION('center_axis',(-8.32667268468876E-17,-1.,8.88178419700125E-16));
#9266=DIRECTION('ref_axis',(-1.,8.32667268468868E-17,-9.45445371429338E-16));
#9267=DIRECTION('',(1.,-8.32667268468876E-17,6.81692229357624E-49));
#9268=DIRECTION('center_axis',(-1.,8.32667268468868E-17,-8.88178419700125E-16));
#9269=DIRECTION('ref_axis',(8.32667268468873E-17,1.,-5.21023141602628E-16));
#9270=DIRECTION('',(8.88178419700125E-16,-8.88178419700125E-16,-1.));
#9271=DIRECTION('',(-8.32667268468868E-17,-1.,-9.62964972193618E-35));
#9272=DIRECTION('',(8.88178419700125E-16,-8.88178419700125E-16,-1.));
#9273=DIRECTION('center_axis',(8.32667268468876E-17,1.,-8.88178419700125E-16));
#9274=DIRECTION('ref_axis',(1.,-8.32667268468868E-17,8.66030276677896E-16));
#9275=DIRECTION('',(-1.,8.32667268468876E-17,-6.81692229357624E-49));
#9276=DIRECTION('',(8.88178419700125E-16,-8.88178419700125E-16,-1.));
#9277=DIRECTION('center_axis',(1.,-8.32667268468868E-17,8.88178419700125E-16));
#9278=DIRECTION('ref_axis',(-8.32667268468873E-17,-1.,6.0043823635407E-16));
#9279=DIRECTION('',(8.32667268468868E-17,1.,9.62964972193618E-35));
#9280=DIRECTION('',(8.88178419700125E-16,-8.88178419700125E-16,-1.));
#9281=DIRECTION('center_axis',(-8.32667268468876E-17,-1.,8.88178419700125E-16));
#9282=DIRECTION('ref_axis',(-1.,8.32667268468868E-17,-9.45445371429338E-16));
#9283=DIRECTION('',(1.,-8.32667268468876E-17,6.81692229357624E-49));
#9284=DIRECTION('center_axis',(-1.,8.3266726846887E-17,-4.44089209850063E-16));
#9285=DIRECTION('ref_axis',(8.32667268468873E-17,1.,-5.21023141602628E-16));
#9286=DIRECTION('',(4.44089209850063E-16,-8.88178419700125E-16,-1.));
#9287=DIRECTION('',(-8.3266726846887E-17,-1.,-9.62964972193618E-35));
#9288=DIRECTION('',(4.44089209850063E-16,-8.88178419700125E-16,-1.));
#9289=DIRECTION('center_axis',(8.32667268468876E-17,1.,-8.88178419700125E-16));
#9290=DIRECTION('ref_axis',(1.,-8.32667268468868E-17,8.66030276677896E-16));
#9291=DIRECTION('',(-1.,8.32667268468876E-17,-6.81692229357624E-49));
#9292=DIRECTION('',(4.44089209850063E-16,-8.88178419700125E-16,-1.));
#9293=DIRECTION('center_axis',(1.,-8.32667268468871E-17,4.44089209850063E-16));
#9294=DIRECTION('ref_axis',(-8.32667268468873E-17,-1.,6.0043823635407E-16));
#9295=DIRECTION('',(8.32667268468871E-17,1.,9.62964972193618E-35));
#9296=DIRECTION('',(4.44089209850063E-16,-8.88178419700125E-16,-1.));
#9297=DIRECTION('center_axis',(-8.32667268468876E-17,-1.,8.88178419700125E-16));
#9298=DIRECTION('ref_axis',(-1.,8.32667268468868E-17,-9.45445371429338E-16));
#9299=DIRECTION('',(1.,-8.32667268468876E-17,6.81692229357624E-49));
#9300=DIRECTION('center_axis',(-1.,8.32667268468868E-17,-8.88178419700125E-16));
#9301=DIRECTION('ref_axis',(8.32667268468873E-17,1.,-5.21023141602628E-16));
#9302=DIRECTION('',(8.88178419700125E-16,-8.88178419700125E-16,-1.));
#9303=DIRECTION('',(-8.32667268468868E-17,-1.,-9.62964972193618E-35));
#9304=DIRECTION('',(8.88178419700125E-16,-8.88178419700125E-16,-1.));
#9305=DIRECTION('center_axis',(8.32667268468876E-17,1.,-8.88178419700125E-16));
#9306=DIRECTION('ref_axis',(1.,-8.32667268468868E-17,8.66030276677896E-16));
#9307=DIRECTION('',(-1.,8.32667268468876E-17,-6.81692229357624E-49));
#9308=DIRECTION('',(8.88178419700125E-16,-8.88178419700125E-16,-1.));
#9309=DIRECTION('center_axis',(1.,-8.32667268468868E-17,8.88178419700125E-16));
#9310=DIRECTION('ref_axis',(-8.32667268468873E-17,-1.,6.0043823635407E-16));
#9311=DIRECTION('',(8.32667268468868E-17,1.,9.62964972193618E-35));
#9312=DIRECTION('',(8.88178419700125E-16,-8.88178419700125E-16,-1.));
#9313=DIRECTION('center_axis',(-8.32667268468876E-17,-1.,8.88178419700125E-16));
#9314=DIRECTION('ref_axis',(-1.,8.32667268468868E-17,-9.45445371429338E-16));
#9315=DIRECTION('',(1.,-8.32667268468876E-17,6.81692229357624E-49));
#9316=DIRECTION('center_axis',(-1.,8.32667268468868E-17,-8.88178419700125E-16));
#9317=DIRECTION('ref_axis',(8.32667268468873E-17,1.,-5.21023141602628E-16));
#9318=DIRECTION('',(8.88178419700125E-16,-8.88178419700125E-16,-1.));
#9319=DIRECTION('',(-8.32667268468868E-17,-1.,-9.62964972193618E-35));
#9320=DIRECTION('',(8.88178419700125E-16,-8.88178419700125E-16,-1.));
#9321=DIRECTION('center_axis',(8.32667268468876E-17,1.,-8.88178419700125E-16));
#9322=DIRECTION('ref_axis',(1.,-8.32667268468868E-17,8.66030276677896E-16));
#9323=DIRECTION('',(-1.,8.32667268468876E-17,-6.81692229357624E-49));
#9324=DIRECTION('',(8.88178419700125E-16,-8.88178419700125E-16,-1.));
#9325=DIRECTION('center_axis',(1.,-8.32667268468868E-17,8.88178419700125E-16));
#9326=DIRECTION('ref_axis',(-8.32667268468873E-17,-1.,6.0043823635407E-16));
#9327=DIRECTION('',(8.32667268468868E-17,1.,9.62964972193618E-35));
#9328=DIRECTION('',(8.88178419700125E-16,-8.88178419700125E-16,-1.));
#9329=DIRECTION('center_axis',(-8.32667268468876E-17,-1.,8.88178419700125E-16));
#9330=DIRECTION('ref_axis',(-1.,8.32667268468868E-17,-9.45445371429338E-16));
#9331=DIRECTION('',(1.,-8.32667268468876E-17,6.81692229357624E-49));
#9332=DIRECTION('center_axis',(-1.,8.32667268468873E-17,-4.6009270894617E-46));
#9333=DIRECTION('ref_axis',(8.32667268468873E-17,1.,-5.21023141602628E-16));
#9334=DIRECTION('',(-7.39557098644699E-32,-8.88178419700125E-16,-1.));
#9335=DIRECTION('',(-8.32667268468873E-17,-1.,-9.62964972193618E-35));
#9336=DIRECTION('',(-7.39557098644699E-32,-8.88178419700125E-16,-1.));
#9337=DIRECTION('center_axis',(8.32667268468876E-17,1.,-8.88178419700125E-16));
#9338=DIRECTION('ref_axis',(1.,-8.32667268468868E-17,9.05737824053617E-16));
#9339=DIRECTION('',(-1.,8.32667268468876E-17,-6.81692229357624E-49));
#9340=DIRECTION('',(-7.39557098644699E-32,-8.88178419700125E-16,-1.));
#9341=DIRECTION('center_axis',(1.,-8.32667268468873E-17,4.93436096443611E-46));
#9342=DIRECTION('ref_axis',(-8.32667268468873E-17,-1.,5.60730688978349E-16));
#9343=DIRECTION('',(8.32667268468873E-17,1.,9.62964972193618E-35));
#9344=DIRECTION('',(-7.39557098644699E-32,-8.88178419700125E-16,-1.));
#9345=DIRECTION('center_axis',(-8.32667268468876E-17,-1.,8.88178419700125E-16));
#9346=DIRECTION('ref_axis',(-1.,8.32667268468868E-17,-9.45445371429338E-16));
#9347=DIRECTION('',(1.,-8.32667268468876E-17,6.81692229357624E-49));
#9348=DIRECTION('center_axis',(-1.,8.32667268468873E-17,-4.6009270894617E-46));
#9349=DIRECTION('ref_axis',(8.32667268468873E-17,1.,-5.21023141602628E-16));
#9350=DIRECTION('',(-7.39557098644699E-32,-8.88178419700125E-16,-1.));
#9351=DIRECTION('',(-8.32667268468873E-17,-1.,-9.62964972193618E-35));
#9352=DIRECTION('',(-7.39557098644699E-32,-8.88178419700125E-16,-1.));
#9353=DIRECTION('center_axis',(8.32667268468876E-17,1.,-8.88178419700125E-16));
#9354=DIRECTION('ref_axis',(1.,-8.32667268468867E-17,9.85152918805058E-16));
#9355=DIRECTION('',(-1.,8.32667268468876E-17,-6.81692229357624E-49));
#9356=DIRECTION('',(-7.39557098644699E-32,-8.88178419700125E-16,-1.));
#9357=DIRECTION('center_axis',(1.,-8.32667268468872E-17,4.26749321448729E-46));
#9358=DIRECTION('ref_axis',(-8.32667268468872E-17,-1.,4.81315594226907E-16));
#9359=DIRECTION('',(8.32667268468872E-17,1.,9.62964972193618E-35));
#9360=DIRECTION('',(-7.39557098644699E-32,-8.88178419700125E-16,-1.));
#9361=DIRECTION('center_axis',(-8.32667268468876E-17,-1.,8.88178419700125E-16));
#9362=DIRECTION('ref_axis',(-1.,8.32667268468868E-17,-9.45445371429338E-16));
#9363=DIRECTION('',(1.,-8.32667268468876E-17,6.81692229357624E-49));
#9364=DIRECTION('center_axis',(-1.,8.32667268468873E-17,-4.6009270894617E-46));
#9365=DIRECTION('ref_axis',(8.32667268468873E-17,1.,-5.21023141602628E-16));
#9366=DIRECTION('',(-7.39557098644699E-32,-8.88178419700125E-16,-1.));
#9367=DIRECTION('',(-8.32667268468873E-17,-1.,-9.62964972193618E-35));
#9368=DIRECTION('',(-7.39557098644699E-32,-8.88178419700125E-16,-1.));
#9369=DIRECTION('center_axis',(8.32667268468877E-17,1.,-8.88178419700125E-16));
#9370=DIRECTION('ref_axis',(1.,-8.32667268468867E-17,1.14398310830794E-15));
#9371=DIRECTION('',(-1.,8.32667268468877E-17,-6.81692229357624E-49));
#9372=DIRECTION('',(-7.39557098644699E-32,-8.88178419700125E-16,-1.));
#9373=DIRECTION('center_axis',(1.,-8.32667268468871E-17,2.93375771458964E-46));
#9374=DIRECTION('ref_axis',(-8.32667268468871E-17,-1.,3.22485404724024E-16));
#9375=DIRECTION('',(8.32667268468871E-17,1.,9.62964972193618E-35));
#9376=DIRECTION('',(-7.39557098644699E-32,-8.88178419700125E-16,-1.));
#9377=DIRECTION('center_axis',(-8.32667268468876E-17,-1.,8.88178419700125E-16));
#9378=DIRECTION('ref_axis',(-1.,8.32667268468868E-17,-9.45445371429338E-16));
#9379=DIRECTION('',(1.,-8.32667268468876E-17,6.81692229357624E-49));
#9380=DIRECTION('center_axis',(-1.,8.32667268468868E-17,-8.88178419700125E-16));
#9381=DIRECTION('ref_axis',(8.32667268468873E-17,1.,-5.21023141602628E-16));
#9382=DIRECTION('',(8.88178419700125E-16,-8.88178419700125E-16,-1.));
#9383=DIRECTION('',(-8.32667268468868E-17,-1.,-9.62964972193618E-35));
#9384=DIRECTION('',(8.88178419700125E-16,-8.88178419700125E-16,-1.));
#9385=DIRECTION('center_axis',(8.32667268468876E-17,1.,-8.88178419700125E-16));
#9386=DIRECTION('ref_axis',(1.,-8.32667268468868E-17,8.66030276677895E-16));
#9387=DIRECTION('',(-1.,8.32667268468876E-17,-6.81692229357624E-49));
#9388=DIRECTION('',(8.88178419700125E-16,-8.88178419700125E-16,-1.));
#9389=DIRECTION('center_axis',(1.,-8.32667268468868E-17,8.88178419700125E-16));
#9390=DIRECTION('ref_axis',(-8.32667268468873E-17,-1.,6.0043823635407E-16));
#9391=DIRECTION('',(8.32667268468868E-17,1.,9.62964972193618E-35));
#9392=DIRECTION('',(8.88178419700125E-16,-8.88178419700125E-16,-1.));
#9393=DIRECTION('center_axis',(-8.32667268468876E-17,-1.,8.88178419700125E-16));
#9394=DIRECTION('ref_axis',(-1.,8.32667268468868E-17,-9.45445371429338E-16));
#9395=DIRECTION('',(1.,-8.32667268468876E-17,6.81692229357624E-49));
#9396=DIRECTION('center_axis',(-1.,8.32667268468868E-17,-8.88178419700125E-16));
#9397=DIRECTION('ref_axis',(8.32667268468873E-17,1.,-5.21023141602628E-16));
#9398=DIRECTION('',(8.88178419700125E-16,-8.88178419700125E-16,-1.));
#9399=DIRECTION('',(-8.32667268468868E-17,-1.,-9.62964972193618E-35));
#9400=DIRECTION('',(8.88178419700125E-16,-8.88178419700125E-16,-1.));
#9401=DIRECTION('center_axis',(8.32667268468875E-17,1.,-8.88178419700125E-16));
#9402=DIRECTION('ref_axis',(1.,-8.32667268468869E-17,6.27784992423571E-16));
#9403=DIRECTION('',(-1.,8.32667268468875E-17,-6.81692229357624E-49));
#9404=DIRECTION('',(8.88178419700125E-16,-8.88178419700125E-16,-1.));
#9405=DIRECTION('center_axis',(1.,-8.32667268468868E-17,8.88178419700125E-16));
#9406=DIRECTION('ref_axis',(-8.32667268468876E-17,-1.,8.38683520608395E-16));
#9407=DIRECTION('',(8.32667268468868E-17,1.,9.62964972193618E-35));
#9408=DIRECTION('',(8.88178419700125E-16,-8.88178419700125E-16,-1.));
#9409=DIRECTION('center_axis',(-8.32667268468876E-17,-1.,8.88178419700125E-16));
#9410=DIRECTION('ref_axis',(-1.,8.32667268468868E-17,-9.45445371429338E-16));
#9411=DIRECTION('',(1.,-8.32667268468876E-17,6.81692229357624E-49));
#9412=DIRECTION('center_axis',(-1.,8.3266726846887E-17,-4.44089209850063E-16));
#9413=DIRECTION('ref_axis',(8.32667268468873E-17,1.,-5.21023141602628E-16));
#9414=DIRECTION('',(4.44089209850063E-16,-8.88178419700125E-16,-1.));
#9415=DIRECTION('',(-8.3266726846887E-17,-1.,-9.62964972193618E-35));
#9416=DIRECTION('',(4.44089209850063E-16,-8.88178419700125E-16,-1.));
#9417=DIRECTION('center_axis',(8.32667268468875E-17,1.,-8.88178419700125E-16));
#9418=DIRECTION('ref_axis',(1.,-8.32667268468869E-17,6.27784992423571E-16));
#9419=DIRECTION('',(-1.,8.32667268468875E-17,-6.81692229357624E-49));
#9420=DIRECTION('',(4.44089209850063E-16,-8.88178419700125E-16,-1.));
#9421=DIRECTION('center_axis',(1.,-8.32667268468872E-17,4.44089209850063E-16));
#9422=DIRECTION('ref_axis',(-8.32667268468876E-17,-1.,8.38683520608395E-16));
#9423=DIRECTION('',(8.32667268468872E-17,1.,9.62964972193618E-35));
#9424=DIRECTION('',(4.44089209850063E-16,-8.88178419700125E-16,-1.));
#9425=DIRECTION('center_axis',(-8.32667268468876E-17,-1.,8.88178419700125E-16));
#9426=DIRECTION('ref_axis',(-1.,8.32667268468868E-17,-9.45445371429338E-16));
#9427=DIRECTION('',(1.,-8.32667268468876E-17,6.81692229357624E-49));
#9428=DIRECTION('center_axis',(-1.,8.32667268468868E-17,-8.88178419700125E-16));
#9429=DIRECTION('ref_axis',(8.32667268468873E-17,1.,-5.21023141602628E-16));
#9430=DIRECTION('',(8.88178419700125E-16,-8.88178419700125E-16,-1.));
#9431=DIRECTION('',(-8.32667268468868E-17,-1.,-9.62964972193618E-35));
#9432=DIRECTION('',(8.88178419700125E-16,-8.88178419700125E-16,-1.));
#9433=DIRECTION('center_axis',(8.32667268468876E-17,1.,-8.88178419700125E-16));
#9434=DIRECTION('ref_axis',(1.,-8.32667268468868E-17,8.66030276677896E-16));
#9435=DIRECTION('',(-1.,8.32667268468876E-17,-6.81692229357624E-49));
#9436=DIRECTION('',(8.88178419700125E-16,-8.88178419700125E-16,-1.));
#9437=DIRECTION('center_axis',(1.,-8.32667268468868E-17,8.88178419700125E-16));
#9438=DIRECTION('ref_axis',(-8.32667268468873E-17,-1.,6.0043823635407E-16));
#9439=DIRECTION('',(8.32667268468868E-17,1.,9.62964972193618E-35));
#9440=DIRECTION('',(8.88178419700125E-16,-8.88178419700125E-16,-1.));
#9441=DIRECTION('center_axis',(-8.32667268468876E-17,-1.,8.88178419700125E-16));
#9442=DIRECTION('ref_axis',(-1.,8.32667268468868E-17,-9.45445371429338E-16));
#9443=DIRECTION('',(1.,-8.32667268468876E-17,6.81692229357624E-49));
#9444=DIRECTION('center_axis',(1.,-8.32667268468867E-17,6.81692229357624E-49));
#9445=DIRECTION('ref_axis',(-8.32667268468867E-17,-1.,-9.62964972193618E-35));
#9446=DIRECTION('',(-6.89710523487901E-49,-9.62964972193618E-35,1.));
#9447=DIRECTION('',(8.32667268468867E-17,1.,9.62964972193618E-35));
#9448=DIRECTION('center_axis',(-1.,8.32667268468867E-17,-6.81692229357624E-49));
#9449=DIRECTION('ref_axis',(8.32667268468867E-17,1.,9.62964972193618E-35));
#9450=DIRECTION('',(-8.32667268468867E-17,-1.,-9.62964972193618E-35));
#9451=DIRECTION('',(6.89710523487901E-49,9.62964972193618E-35,-1.));
#9452=DIRECTION('center_axis',(-8.32667268468867E-17,-1.,-9.62964972193618E-35));
#9453=DIRECTION('ref_axis',(-1.,8.32667268468867E-17,-6.81692229357624E-49));
#9454=DIRECTION('',(1.,-8.32667268468867E-17,6.81692229357624E-49));
#9455=DIRECTION('center_axis',(6.89710523487901E-49,9.62964972193618E-35,
-1.));
#9456=DIRECTION('ref_axis',(-1.,8.32667268468867E-17,-6.81692229357624E-49));
#9457=DIRECTION('center_axis',(0.,0.,1.));
#9458=DIRECTION('ref_axis',(1.,0.,0.));
#9459=DIRECTION('',(-0.685659380301175,-0.727922533107067,0.));
#9460=DIRECTION('',(0.,-1.,0.));
#9461=DIRECTION('',(0.685659380301175,-0.727922533107067,0.));
#9462=DIRECTION('',(1.,0.,0.));
#9463=DIRECTION('',(0.685659380301175,0.727922533107067,0.));
#9464=DIRECTION('',(0.,1.,0.));
#9465=DIRECTION('',(-0.685659380301175,0.727922533107067,0.));
#9466=DIRECTION('',(-1.,0.,0.));
#9467=DIRECTION('center_axis',(0.,-1.,0.));
#9468=DIRECTION('ref_axis',(-1.,0.,0.));
#9469=DIRECTION('',(0.,0.,1.));
#9470=DIRECTION('',(-1.,0.,0.));
#9471=DIRECTION('',(0.,0.,-1.));
#9472=DIRECTION('center_axis',(-0.727922533107067,-0.685659380301175,0.));
#9473=DIRECTION('ref_axis',(-0.685659380301175,0.727922533107067,0.));
#9474=DIRECTION('',(0.,0.,-1.));
#9475=DIRECTION('',(-0.685659380301175,0.727922533107067,0.));
#9476=DIRECTION('center_axis',(-1.,0.,0.));
#9477=DIRECTION('ref_axis',(0.,1.,0.));
#9478=DIRECTION('',(0.,0.,1.));
#9479=DIRECTION('',(0.,1.,0.));
#9480=DIRECTION('center_axis',(-0.727922533107067,0.685659380301175,0.));
#9481=DIRECTION('ref_axis',(0.685659380301175,0.727922533107067,0.));
#9482=DIRECTION('',(0.,0.,-1.));
#9483=DIRECTION('',(-0.685659380301175,-0.727922533107067,0.));
#9484=DIRECTION('center_axis',(0.,0.,-1.));
#9485=DIRECTION('ref_axis',(-1.,0.,0.));
#9486=DIRECTION('center_axis',(0.,0.,1.));
#9487=DIRECTION('ref_axis',(-0.707106781186547,0.707106781186547,0.));
#9488=DIRECTION('',(-1.,0.,0.));
#9489=DIRECTION('center_axis',(0.,0.,1.));
#9490=DIRECTION('ref_axis',(0.707106781186547,0.707106781186547,0.));
#9491=DIRECTION('',(0.,1.,0.));
#9492=DIRECTION('center_axis',(0.,0.,1.));
#9493=DIRECTION('ref_axis',(0.707106781186547,-0.707106781186547,0.));
#9494=DIRECTION('',(1.,0.,0.));
#9495=DIRECTION('center_axis',(0.,0.,1.));
#9496=DIRECTION('ref_axis',(-0.707106781186547,-0.707106781186547,0.));
#9497=DIRECTION('',(0.,-1.,0.));
#9498=DIRECTION('center_axis',(0.,0.,-1.));
#9499=DIRECTION('ref_axis',(1.,0.,0.));
#9500=DIRECTION('center_axis',(0.,0.,-1.));
#9501=DIRECTION('ref_axis',(1.,0.,0.));
#9502=DIRECTION('center_axis',(0.,0.,-1.));
#9503=DIRECTION('ref_axis',(1.,0.,0.));
#9504=DIRECTION('center_axis',(0.,0.,-1.));
#9505=DIRECTION('ref_axis',(1.,0.,0.));
#9506=DIRECTION('center_axis',(0.,0.,-1.));
#9507=DIRECTION('ref_axis',(1.,0.,0.));
#9508=DIRECTION('center_axis',(0.,0.,-1.));
#9509=DIRECTION('ref_axis',(1.,0.,0.));
#9510=DIRECTION('center_axis',(0.,0.,-1.));
#9511=DIRECTION('ref_axis',(1.,0.,0.));
#9512=DIRECTION('center_axis',(0.,0.,-1.));
#9513=DIRECTION('ref_axis',(1.,0.,0.));
#9514=DIRECTION('center_axis',(0.,1.,0.));
#9515=DIRECTION('ref_axis',(1.,0.,0.));
#9516=DIRECTION('',(0.,0.,1.));
#9517=DIRECTION('',(1.,0.,0.));
#9518=DIRECTION('center_axis',(1.,0.,0.));
#9519=DIRECTION('ref_axis',(0.,-1.,0.));
#9520=DIRECTION('',(0.,0.,-1.));
#9521=DIRECTION('',(0.,1.,0.));
#9522=DIRECTION('',(0.,0.,1.));
#9523=DIRECTION('center_axis',(0.,0.,-1.));
#9524=DIRECTION('ref_axis',(0.707106781186547,0.707106781186547,0.));
#9525=DIRECTION('',(0.,0.,1.));
#9526=DIRECTION('center_axis',(0.,0.,-1.));
#9527=DIRECTION('ref_axis',(0.707106781186547,0.707106781186547,0.));
#9528=DIRECTION('center_axis',(0.,1.,0.));
#9529=DIRECTION('ref_axis',(1.,0.,0.));
#9530=DIRECTION('',(0.,0.,-1.));
#9531=DIRECTION('',(-1.,0.,0.));
#9532=DIRECTION('center_axis',(0.,0.,-1.));
#9533=DIRECTION('ref_axis',(-0.707106781186547,0.707106781186547,0.));
#9534=DIRECTION('',(0.,0.,1.));
#9535=DIRECTION('center_axis',(0.,0.,-1.));
#9536=DIRECTION('ref_axis',(-0.707106781186547,0.707106781186547,0.));
#9537=DIRECTION('center_axis',(0.,0.,-1.));
#9538=DIRECTION('ref_axis',(1.,0.,0.));
#9539=DIRECTION('',(0.,-1.,0.));
#9540=DIRECTION('center_axis',(0.,0.,-1.));
#9541=DIRECTION('ref_axis',(-0.707106781186547,-0.707106781186547,0.));
#9542=DIRECTION('',(1.,0.,0.));
#9543=DIRECTION('center_axis',(0.,0.,-1.));
#9544=DIRECTION('ref_axis',(0.707106781186547,-0.707106781186547,0.));
#9545=DIRECTION('',(0.685659380301175,-0.727922533107067,0.));
#9546=DIRECTION('',(0.,-1.,0.));
#9547=DIRECTION('',(0.685659380301175,0.727922533107067,0.));
#9548=DIRECTION('center_axis',(0.,0.,1.));
#9549=DIRECTION('ref_axis',(1.,0.,0.));
#9550=DIRECTION('center_axis',(0.,0.,1.));
#9551=DIRECTION('ref_axis',(1.,0.,0.));
#9552=DIRECTION('center_axis',(0.,0.,1.));
#9553=DIRECTION('ref_axis',(1.,0.,0.));
#9554=DIRECTION('center_axis',(0.,0.,1.));
#9555=DIRECTION('ref_axis',(1.,0.,0.));
#9556=DIRECTION('center_axis',(0.,0.,-1.));
#9557=DIRECTION('ref_axis',(1.,0.,0.));
#9558=DIRECTION('center_axis',(0.,0.,-1.));
#9559=DIRECTION('ref_axis',(1.,0.,0.));
#9560=DIRECTION('center_axis',(0.,0.,-1.));
#9561=DIRECTION('ref_axis',(1.,0.,0.));
#9562=DIRECTION('center_axis',(0.,0.,-1.));
#9563=DIRECTION('ref_axis',(1.,0.,0.));
#9564=DIRECTION('center_axis',(0.,0.,-1.));
#9565=DIRECTION('ref_axis',(0.707106781186547,-0.707106781186547,0.));
#9566=DIRECTION('',(0.,0.,-1.));
#9567=DIRECTION('center_axis',(0.,0.,-1.));
#9568=DIRECTION('ref_axis',(-0.707106781186547,-0.707106781186547,0.));
#9569=DIRECTION('',(0.,0.,1.));
#9570=DIRECTION('',(0.,0.,-1.));
#9571=DIRECTION('center_axis',(0.,-1.,0.));
#9572=DIRECTION('ref_axis',(-1.,0.,0.));
#9573=DIRECTION('center_axis',(0.,0.,1.));
#9574=DIRECTION('ref_axis',(1.,0.,0.));
#9575=DIRECTION('',(0.,0.,1.));
#9576=DIRECTION('center_axis',(0.,0.,1.));
#9577=DIRECTION('ref_axis',(1.,0.,0.));
#9578=DIRECTION('',(0.,0.,1.));
#9579=DIRECTION('center_axis',(0.,0.,1.));
#9580=DIRECTION('ref_axis',(1.,0.,0.));
#9581=DIRECTION('',(0.,0.,1.));
#9582=DIRECTION('center_axis',(0.,0.,1.));
#9583=DIRECTION('ref_axis',(1.,0.,0.));
#9584=DIRECTION('',(0.,0.,1.));
#9585=DIRECTION('center_axis',(0.,0.,-1.));
#9586=DIRECTION('ref_axis',(1.,0.,0.));
#9587=DIRECTION('',(0.,0.,1.));
#9588=DIRECTION('center_axis',(0.,0.,-1.));
#9589=DIRECTION('ref_axis',(1.,0.,0.));
#9590=DIRECTION('',(0.,0.,1.));
#9591=DIRECTION('center_axis',(0.,0.,-1.));
#9592=DIRECTION('ref_axis',(1.,0.,0.));
#9593=DIRECTION('',(0.,0.,1.));
#9594=DIRECTION('center_axis',(0.727922533107067,0.685659380301175,0.));
#9595=DIRECTION('ref_axis',(0.685659380301175,-0.727922533107067,0.));
#9596=DIRECTION('',(0.,0.,-1.));
#9597=DIRECTION('center_axis',(0.,0.,-1.));
#9598=DIRECTION('ref_axis',(1.,0.,0.));
#9599=DIRECTION('',(0.,0.,1.));
#9600=DIRECTION('center_axis',(0.727922533107067,-0.685659380301175,0.));
#9601=DIRECTION('ref_axis',(-0.685659380301175,-0.727922533107067,0.));
#9602=DIRECTION('',(0.,0.,1.));
#9603=DIRECTION('center_axis',(1.,0.,0.));
#9604=DIRECTION('ref_axis',(0.,-1.,0.));
#9605=DIRECTION('center_axis',(-1.,0.,0.));
#9606=DIRECTION('ref_axis',(0.,1.,0.));
#9607=DIRECTION('center_axis',(0.,-1.,-9.89893808482613E-17));
#9608=DIRECTION('ref_axis',(-1.83186799063151E-32,9.89893808482613E-17,
-1.));
#9609=DIRECTION('center_axis',(0.,1.,-1.22464679914735E-16));
#9610=DIRECTION('ref_axis',(-1.83186799063151E-32,9.89893808482613E-17,
-1.));
#9611=DIRECTION('',(0.,-1.,-9.89893808482613E-17));
#9612=DIRECTION('center_axis',(1.50926683710095E-16,-1.,1.22464679914735E-16));
#9613=DIRECTION('ref_axis',(-1.83186799063151E-32,9.89893808482613E-17,
-1.));
#9614=DIRECTION('',(0.,-1.,-9.89893808482613E-17));
#9615=DIRECTION('center_axis',(-1.,-1.81335478188361E-48,1.83186799063151E-32));
#9616=DIRECTION('ref_axis',(-1.83186799063151E-32,9.75353200852647E-17,
-1.));
#9617=DIRECTION('',(1.83186799063151E-32,1.22464679914735E-16,1.));
#9618=DIRECTION('',(-1.83186799063151E-32,-1.22464679914735E-16,-1.));
#9619=DIRECTION('',(0.,-1.,-9.89893808482613E-17));
#9620=DIRECTION('center_axis',(0.,-1.,-9.89893808482613E-17));
#9621=DIRECTION('ref_axis',(-1.,2.25821866765775E-48,1.84397547866863E-32));
#9622=DIRECTION('center_axis',(0.,1.,-1.22464679914735E-16));
#9623=DIRECTION('ref_axis',(-1.,2.25821866765775E-48,1.84397547866863E-32));
#9624=DIRECTION('center_axis',(1.50926683710095E-16,-1.,1.22464679914735E-16));
#9625=DIRECTION('ref_axis',(-1.,2.25821866765775E-48,1.84397547866863E-32));
#9626=DIRECTION('',(0.,-1.,-9.89893808482613E-17));
#9627=DIRECTION('center_axis',(-0.707106781186548,-6.99960624632633E-17,
0.707106781186548));
#9628=DIRECTION('ref_axis',(-0.707106781186547,1.45259271756067E-17,-0.707106781186547));
#9629=DIRECTION('',(0.707106781186548,8.65956056235493E-17,0.707106781186548));
#9630=DIRECTION('',(-0.707106781186548,-1.93316887136955E-16,-0.707106781186548));
#9631=DIRECTION('',(0.,-1.,-9.89893808482613E-17));
#9632=DIRECTION('center_axis',(0.,-1.,-9.89893808482613E-17));
#9633=DIRECTION('ref_axis',(1.83186799063151E-32,-9.89893808482613E-17,
1.));
#9634=DIRECTION('center_axis',(0.,1.,-1.22464679914735E-16));
#9635=DIRECTION('ref_axis',(1.83186799063151E-32,-9.89893808482613E-17,
1.));
#9636=DIRECTION('center_axis',(1.50926683710095E-16,-1.,1.22464679914735E-16));
#9637=DIRECTION('ref_axis',(1.83186799063151E-32,-9.89893808482613E-17,
1.));
#9638=DIRECTION('',(0.,-1.,-9.89893808482613E-17));
#9639=DIRECTION('center_axis',(1.84397547866863E-32,-9.89893808482613E-17,
1.));
#9640=DIRECTION('ref_axis',(-1.,-8.32667268468868E-17,1.01972330508517E-32));
#9641=DIRECTION('',(1.,-2.25821866765775E-48,-1.84397547866863E-32));
#9642=DIRECTION('',(-1.,-1.50926683710095E-16,3.49961581274263E-33));
#9643=DIRECTION('',(0.,-1.,-9.89893808482613E-17));
#9644=DIRECTION('center_axis',(0.,-1.,-9.89893808482613E-17));
#9645=DIRECTION('ref_axis',(1.83186799063151E-32,-9.89893808482613E-17,
1.));
#9646=DIRECTION('center_axis',(0.,1.,-1.22464679914735E-16));
#9647=DIRECTION('ref_axis',(1.83186799063151E-32,-9.89893808482613E-17,
1.));
#9648=DIRECTION('center_axis',(1.50926683710095E-16,-1.,1.22464679914735E-16));
#9649=DIRECTION('ref_axis',(1.83186799063151E-32,-9.89893808482613E-17,
1.));
#9650=DIRECTION('',(0.,-1.,-9.89893808482613E-17));
#9651=DIRECTION('center_axis',(0.707106781186548,-6.99960624632633E-17,
0.707106781186548));
#9652=DIRECTION('ref_axis',(-0.707106781186547,-1.3228286157689E-16,0.707106781186547));
#9653=DIRECTION('',(0.707106781186548,-8.65956056235493E-17,-0.707106781186548));
#9654=DIRECTION('',(-0.707106781186548,-2.01256758898561E-17,0.707106781186548));
#9655=DIRECTION('',(0.,-1.,-9.89893808482613E-17));
#9656=DIRECTION('center_axis',(0.,-1.,-9.89893808482613E-17));
#9657=DIRECTION('ref_axis',(0.707106781186547,-6.99960624632633E-17,0.707106781186547));
#9658=DIRECTION('center_axis',(0.,1.,-1.22464679914735E-16));
#9659=DIRECTION('ref_axis',(0.707106781186547,-6.99960624632633E-17,0.707106781186547));
#9660=DIRECTION('center_axis',(1.50926683710095E-16,-1.,1.22464679914735E-16));
#9661=DIRECTION('ref_axis',(0.707106781186547,-6.99960624632633E-17,0.707106781186547));
#9662=DIRECTION('',(0.,-1.,-9.89893808482613E-17));
#9663=DIRECTION('center_axis',(1.,1.81335478188361E-48,-1.83186799063151E-32));
#9664=DIRECTION('ref_axis',(1.83186799063151E-32,-9.75353200852647E-17,
1.));
#9665=DIRECTION('',(-1.83186799063151E-32,-1.22464679914735E-16,-1.));
#9666=DIRECTION('',(1.83186799063151E-32,1.22464679914735E-16,1.));
#9667=DIRECTION('',(0.,-1.,-9.89893808482613E-17));
#9668=DIRECTION('center_axis',(0.,-1.,-9.89893808482613E-17));
#9669=DIRECTION('ref_axis',(1.,-2.25821866765775E-48,-1.84397547866863E-32));
#9670=DIRECTION('center_axis',(0.,1.,-1.22464679914735E-16));
#9671=DIRECTION('ref_axis',(1.,-2.25821866765775E-48,-1.84397547866863E-32));
#9672=DIRECTION('center_axis',(1.50926683710095E-16,-1.,1.22464679914735E-16));
#9673=DIRECTION('ref_axis',(1.,-2.25821866765775E-48,-1.84397547866863E-32));
#9674=DIRECTION('',(0.,-1.,-9.89893808482613E-17));
#9675=DIRECTION('center_axis',(-1.84397547866863E-32,9.89893808482613E-17,
-1.));
#9676=DIRECTION('ref_axis',(1.,8.32667268468868E-17,-1.01972330508517E-32));
#9677=DIRECTION('',(-1.,2.25821866765775E-48,1.84397547866863E-32));
#9678=DIRECTION('',(1.,1.50926683710095E-16,-3.49961581274263E-33));
#9679=DIRECTION('center_axis',(0.,-1.22464679914735E-16,-1.));
#9680=DIRECTION('ref_axis',(-0.707106781186547,-0.707106781186547,8.65956056235493E-17));
#9681=DIRECTION('center_axis',(0.,1.22464679914735E-16,1.));
#9682=DIRECTION('ref_axis',(-0.707106781186547,-0.707106781186547,8.65956056235493E-17));
#9683=DIRECTION('',(0.,1.22464679914735E-16,1.));
#9684=DIRECTION('center_axis',(0.,-1.22464679914735E-16,-1.));
#9685=DIRECTION('ref_axis',(-0.707106781186547,-0.707106781186547,8.65956056235493E-17));
#9686=DIRECTION('',(0.,-1.22464679914735E-16,-1.));
#9687=DIRECTION('center_axis',(0.,-1.,1.22464679914735E-16));
#9688=DIRECTION('ref_axis',(-1.,0.,0.));
#9689=DIRECTION('',(-1.,0.,0.));
#9690=DIRECTION('',(0.,-1.22464679914735E-16,-1.));
#9691=DIRECTION('',(-1.,0.,0.));
#9692=DIRECTION('center_axis',(0.,-1.22464679914735E-16,-1.));
#9693=DIRECTION('ref_axis',(-1.,0.,0.));
#9694=DIRECTION('',(0.,1.,-1.22464679914735E-16));
#9695=DIRECTION('center_axis',(0.,1.22464679914735E-16,1.));
#9696=DIRECTION('ref_axis',(-0.707106781186547,0.707106781186547,-8.65956056235493E-17));
#9697=DIRECTION('',(1.,0.,0.));
#9698=DIRECTION('center_axis',(0.,1.22464679914735E-16,1.));
#9699=DIRECTION('ref_axis',(0.707106781186547,0.707106781186547,-8.65956056235493E-17));
#9700=DIRECTION('',(0.,-1.,1.22464679914735E-16));
#9701=DIRECTION('center_axis',(0.,1.22464679914735E-16,1.));
#9702=DIRECTION('ref_axis',(0.707106781186547,-0.707106781186547,8.65956056235493E-17));
#9703=DIRECTION('',(0.,1.,-1.22464679914735E-16));
#9704=DIRECTION('',(-1.,0.,0.));
#9705=DIRECTION('',(1.76435910806533E-16,-1.,1.22464679914735E-16));
#9706=DIRECTION('',(1.,0.,0.));
#9707=DIRECTION('center_axis',(0.,-1.22464679914735E-16,-1.));
#9708=DIRECTION('ref_axis',(0.707106781186547,0.707106781186547,-8.65956056235493E-17));
#9709=DIRECTION('',(0.,1.22464679914735E-16,1.));
#9710=DIRECTION('center_axis',(0.,-1.22464679914735E-16,-1.));
#9711=DIRECTION('ref_axis',(0.707106781186547,0.707106781186547,-8.65956056235493E-17));
#9712=DIRECTION('',(0.,-1.22464679914735E-16,-1.));
#9713=DIRECTION('center_axis',(1.,0.,0.));
#9714=DIRECTION('ref_axis',(0.,-1.,1.22464679914735E-16));
#9715=DIRECTION('',(0.,1.,-1.22464679914735E-16));
#9716=DIRECTION('',(0.,1.22464679914735E-16,1.));
#9717=DIRECTION('center_axis',(0.,-1.22464679914735E-16,-1.));
#9718=DIRECTION('ref_axis',(0.707106781186547,-0.707106781186547,8.65956056235493E-17));
#9719=DIRECTION('center_axis',(0.,-1.22464679914735E-16,-1.));
#9720=DIRECTION('ref_axis',(0.707106781186547,-0.707106781186547,8.65956056235493E-17));
#9721=DIRECTION('center_axis',(0.,-1.22464679914735E-16,-1.));
#9722=DIRECTION('ref_axis',(-0.707106781186547,0.707106781186547,-8.65956056235493E-17));
#9723=DIRECTION('',(0.,1.22464679914735E-16,1.));
#9724=DIRECTION('center_axis',(0.,-1.22464679914735E-16,-1.));
#9725=DIRECTION('ref_axis',(-0.707106781186547,0.707106781186547,-8.65956056235493E-17));
#9726=DIRECTION('',(0.,-1.22464679914735E-16,-1.));
#9727=DIRECTION('center_axis',(-1.,0.,0.));
#9728=DIRECTION('ref_axis',(0.,1.,-1.22464679914735E-16));
#9729=DIRECTION('',(0.,-1.,1.22464679914735E-16));
#9730=DIRECTION('center_axis',(0.,-1.22464679914735E-16,-1.));
#9731=DIRECTION('ref_axis',(-1.,0.,0.));
#9732=DIRECTION('center_axis',(0.,-1.22464679914735E-16,-1.));
#9733=DIRECTION('ref_axis',(-1.,0.,0.));
#9734=DIRECTION('center_axis',(0.,-1.22464679914735E-16,-1.));
#9735=DIRECTION('ref_axis',(-1.,0.,0.));
#9736=DIRECTION('center_axis',(0.,-1.22464679914735E-16,-1.));
#9737=DIRECTION('ref_axis',(-1.,0.,0.));
#9738=DIRECTION('center_axis',(0.,-1.22464679914735E-16,-1.));
#9739=DIRECTION('ref_axis',(-1.,0.,0.));
#9740=DIRECTION('center_axis',(0.,-1.22464679914735E-16,-1.));
#9741=DIRECTION('ref_axis',(-1.,0.,0.));
#9742=DIRECTION('center_axis',(0.,-1.22464679914735E-16,-1.));
#9743=DIRECTION('ref_axis',(-1.,0.,0.));
#9744=DIRECTION('center_axis',(0.,-1.22464679914735E-16,-1.));
#9745=DIRECTION('ref_axis',(-1.,0.,0.));
#9746=DIRECTION('center_axis',(0.,-1.22464679914735E-16,-1.));
#9747=DIRECTION('ref_axis',(-1.,0.,0.));
#9748=DIRECTION('',(0.,1.,-1.22464679914735E-16));
#9749=DIRECTION('',(-1.,0.,0.));
#9750=DIRECTION('',(0.,-1.,1.22464679914735E-16));
#9751=DIRECTION('',(1.,1.50926683710095E-16,-1.84831880111493E-32));
#9752=DIRECTION('',(0.,1.,-1.22464679914735E-16));
#9753=DIRECTION('',(1.,0.,0.));
#9754=DIRECTION('',(1.76435910806533E-16,-1.,1.22464679914735E-16));
#9755=DIRECTION('',(-1.,0.,0.));
#9756=DIRECTION('center_axis',(0.,1.,-1.22464679914735E-16));
#9757=DIRECTION('ref_axis',(1.,0.,0.));
#9758=DIRECTION('',(0.,-1.22464679914735E-16,-1.));
#9759=DIRECTION('',(0.,-1.22464679914735E-16,-1.));
#9760=DIRECTION('center_axis',(1.,1.76435910806533E-16,-2.16071673423869E-32));
#9761=DIRECTION('ref_axis',(1.76435910806533E-16,-1.,1.22464679914735E-16));
#9762=DIRECTION('',(0.,-1.22464679914735E-16,-1.));
#9763=DIRECTION('center_axis',(0.,-1.,1.22464679914735E-16));
#9764=DIRECTION('ref_axis',(-1.,0.,0.));
#9765=DIRECTION('',(0.,-1.22464679914735E-16,-1.));
#9766=DIRECTION('center_axis',(-1.,0.,0.));
#9767=DIRECTION('ref_axis',(0.,1.,-1.22464679914735E-16));
#9768=DIRECTION('center_axis',(0.,-1.22464679914735E-16,-1.));
#9769=DIRECTION('ref_axis',(-1.,0.,0.));
#9770=DIRECTION('',(0.,1.22464679914735E-16,1.));
#9771=DIRECTION('center_axis',(0.,1.22464679914735E-16,1.));
#9772=DIRECTION('ref_axis',(-1.,0.,0.));
#9773=DIRECTION('center_axis',(0.,-1.22464679914735E-16,-1.));
#9774=DIRECTION('ref_axis',(-1.,0.,0.));
#9775=DIRECTION('',(0.,1.22464679914735E-16,1.));
#9776=DIRECTION('center_axis',(0.,1.22464679914735E-16,1.));
#9777=DIRECTION('ref_axis',(-1.,0.,0.));
#9778=DIRECTION('center_axis',(0.,-1.22464679914735E-16,-1.));
#9779=DIRECTION('ref_axis',(-1.,0.,0.));
#9780=DIRECTION('',(0.,1.22464679914735E-16,1.));
#9781=DIRECTION('center_axis',(0.,1.22464679914735E-16,1.));
#9782=DIRECTION('ref_axis',(-1.,0.,0.));
#9783=DIRECTION('center_axis',(-1.,0.,0.));
#9784=DIRECTION('ref_axis',(0.,1.,-1.22464679914735E-16));
#9785=DIRECTION('',(0.,1.,-1.22464679914735E-16));
#9786=DIRECTION('',(0.,-1.22464679914735E-16,-1.));
#9787=DIRECTION('',(0.,-1.22464679914735E-16,-1.));
#9788=DIRECTION('center_axis',(-1.50926683710095E-16,1.,-1.22464679914735E-16));
#9789=DIRECTION('ref_axis',(1.,1.50926683710095E-16,-1.84831880111493E-32));
#9790=DIRECTION('',(1.,1.50926683710095E-16,-1.84831880111493E-32));
#9791=DIRECTION('',(0.,-1.22464679914735E-16,-1.));
#9792=DIRECTION('center_axis',(1.,0.,0.));
#9793=DIRECTION('ref_axis',(0.,-1.,1.22464679914735E-16));
#9794=DIRECTION('',(0.,-1.,1.22464679914735E-16));
#9795=DIRECTION('',(0.,-1.22464679914735E-16,-1.));
#9796=DIRECTION('center_axis',(0.,-1.,1.22464679914735E-16));
#9797=DIRECTION('ref_axis',(-1.,0.,0.));
#9798=DIRECTION('',(-1.,0.,0.));
#9799=DIRECTION('center_axis',(0.,-1.22464679914735E-16,-1.));
#9800=DIRECTION('ref_axis',(-1.,0.,0.));
#9801=DIRECTION('',(0.,1.22464679914735E-16,1.));
#9802=DIRECTION('center_axis',(0.,1.22464679914735E-16,1.));
#9803=DIRECTION('ref_axis',(-1.,0.,0.));
#9804=DIRECTION('center_axis',(0.,1.,-1.22464679914735E-16));
#9805=DIRECTION('ref_axis',(1.,0.,0.));
#9806=DIRECTION('',(1.,0.,0.));
#9807=DIRECTION('center_axis',(0.,-1.22464679914735E-16,-1.));
#9808=DIRECTION('ref_axis',(-1.,0.,0.));
#9809=CARTESIAN_POINT('',(0.,0.,0.));
#9810=CARTESIAN_POINT('Origin',(452.707553574486,-108.123537967648,-9.54791801177635E-14));
#9811=CARTESIAN_POINT('',(450.707553544683,-108.123537967648,-9.54791801177635E-14));
#9812=CARTESIAN_POINT('Origin',(452.707553574486,-108.123537967648,-9.54791801177635E-14));
#9813=CARTESIAN_POINT('',(450.707553544683,-108.123537967648,1.4999999999999));
#9814=CARTESIAN_POINT('',(450.707553544683,-108.123537967648,-9.54791801177635E-14));
#9815=CARTESIAN_POINT('Origin',(452.707553574486,-108.123537967648,1.4999999999999));
#9816=CARTESIAN_POINT('Origin',(105.326732067224,-108.123537967648,-9.54791801177635E-14));
#9817=CARTESIAN_POINT('',(103.326732037422,-108.123537967648,-9.54791801177635E-14));
#9818=CARTESIAN_POINT('Origin',(105.326732067224,-108.123537967648,-9.54791801177635E-14));
#9819=CARTESIAN_POINT('',(103.326732037422,-108.123537967648,1.4999999999999));
#9820=CARTESIAN_POINT('',(103.326732037422,-108.123537967648,-9.54791801177635E-14));
#9821=CARTESIAN_POINT('Origin',(105.326732067224,-108.123537967648,1.4999999999999));
#9822=CARTESIAN_POINT('Origin',(452.707553574486,6.61678830845885,-9.54791801177635E-14));
#9823=CARTESIAN_POINT('',(450.707553544683,6.61678830845885,-9.54791801177635E-14));
#9824=CARTESIAN_POINT('Origin',(452.707553574486,6.61678830845885,-9.54791801177635E-14));
#9825=CARTESIAN_POINT('',(450.707553544683,6.61678830845885,1.4999999999999));
#9826=CARTESIAN_POINT('',(450.707553544683,6.61678830845885,-9.54791801177635E-14));
#9827=CARTESIAN_POINT('Origin',(452.707553574486,6.61678830845885,1.4999999999999));
#9828=CARTESIAN_POINT('Origin',(105.326732067224,6.61678830845885,-9.54791801177635E-14));
#9829=CARTESIAN_POINT('',(103.326732037422,6.61678830845885,-9.54791801177635E-14));
#9830=CARTESIAN_POINT('Origin',(105.326732067224,6.61678830845885,-9.54791801177635E-14));
#9831=CARTESIAN_POINT('',(103.326732037422,6.61678830845885,1.4999999999999));
#9832=CARTESIAN_POINT('',(103.326732037422,6.61678830845885,-9.54791801177635E-14));
#9833=CARTESIAN_POINT('Origin',(105.326732067224,6.61678830845885,1.4999999999999));
#9834=CARTESIAN_POINT('Origin',(404.500006087124,-14.500002793968,7.74000000000015));
#9835=CARTESIAN_POINT('',(404.500006087124,-18.500002793968,1.4999999999999));
#9836=CARTESIAN_POINT('',(408.500006087124,-14.500002793968,1.4999999999999));
#9837=CARTESIAN_POINT('Origin',(404.500006087124,-14.500002793968,1.49999999999989));
#9838=CARTESIAN_POINT('',(408.500006087124,-14.500002793968,-9.54791801177635E-14));
#9839=CARTESIAN_POINT('',(408.500006087124,-14.500002793968,7.74000000000015));
#9840=CARTESIAN_POINT('',(404.500006087124,-18.500002793968,-9.54791801177635E-14));
#9841=CARTESIAN_POINT('Origin',(404.500006087124,-14.500002793968,-1.14352971536391E-13));
#9842=CARTESIAN_POINT('',(404.500006087124,-18.500002793968,7.74000000000015));
#9843=CARTESIAN_POINT('Origin',(408.500006087124,-5.50000260025287,7.74000000000015));
#9844=CARTESIAN_POINT('',(408.500006087124,-9.50000260025288,1.4999999999999));
#9845=CARTESIAN_POINT('',(408.500006087124,-28.1266887149238,1.4999999999999));
#9846=CARTESIAN_POINT('',(408.500006087124,-9.50000260025288,-9.54791801177635E-14));
#9847=CARTESIAN_POINT('',(408.500006087124,-9.50000260025288,7.74000000000014));
#9848=CARTESIAN_POINT('',(408.500006087124,-28.1266887149238,-9.54791801177635E-14));
#9849=CARTESIAN_POINT('Origin',(396.500005848706,-14.500002793968,7.74000000000014));
#9850=CARTESIAN_POINT('',(392.500005848706,-14.500002793968,1.4999999999999));
#9851=CARTESIAN_POINT('',(396.500005848706,-18.500002793968,1.4999999999999));
#9852=CARTESIAN_POINT('Origin',(396.500005848706,-14.500002793968,1.49999999999989));
#9853=CARTESIAN_POINT('',(396.500005848706,-18.500002793968,-9.54791801177635E-14));
#9854=CARTESIAN_POINT('',(396.500005848706,-18.500002793968,7.74000000000015));
#9855=CARTESIAN_POINT('',(392.500005848706,-14.500002793968,-9.54791801177635E-14));
#9856=CARTESIAN_POINT('Origin',(396.500005848706,-14.500002793968,-1.14352971536391E-13));
#9857=CARTESIAN_POINT('',(392.500005848706,-14.500002793968,7.74000000000014));
#9858=CARTESIAN_POINT('Origin',(408.500006087124,-18.500002793968,7.74000000000015));
#9859=CARTESIAN_POINT('',(343.75857445399,-18.500002793968,-9.54791801177635E-14));
#9860=CARTESIAN_POINT('',(343.75857445399,-18.500002793968,1.4999999999999));
#9861=CARTESIAN_POINT('Origin',(396.500005848706,-9.50000260025288,7.74000000000013));
#9862=CARTESIAN_POINT('',(396.500005848706,-5.50000260025286,1.4999999999999));
#9863=CARTESIAN_POINT('',(392.500005848706,-9.50000260025288,1.4999999999999));
#9864=CARTESIAN_POINT('Origin',(396.500005848706,-9.50000260025288,1.49999999999988));
#9865=CARTESIAN_POINT('',(392.500005848706,-9.50000260025288,-9.54791801177635E-14));
#9866=CARTESIAN_POINT('',(392.500005848706,-9.50000260025288,7.74000000000013));
#9867=CARTESIAN_POINT('',(396.500005848706,-5.50000260025286,-9.54791801177635E-14));
#9868=CARTESIAN_POINT('Origin',(396.500005848706,-9.50000260025288,-1.16573417585641E-13));
#9869=CARTESIAN_POINT('',(396.500005848706,-5.50000260025287,7.74000000000013));
#9870=CARTESIAN_POINT('Origin',(392.500005848706,-18.500002793968,7.74000000000014));
#9871=CARTESIAN_POINT('',(392.500005848706,-34.6266888117814,-9.54791801177635E-14));
#9872=CARTESIAN_POINT('',(392.500005848706,-34.6266888117814,1.4999999999999));
#9873=CARTESIAN_POINT('Origin',(404.500006087124,-9.50000260025288,7.74000000000014));
#9874=CARTESIAN_POINT('',(404.500006087124,-5.50000260025286,1.4999999999999));
#9875=CARTESIAN_POINT('Origin',(404.500006087124,-9.50000260025288,1.49999999999988));
#9876=CARTESIAN_POINT('',(404.500006087124,-5.50000260025286,-9.54791801177635E-14));
#9877=CARTESIAN_POINT('',(404.500006087124,-5.50000260025287,7.74000000000014));
#9878=CARTESIAN_POINT('Origin',(404.500006087124,-9.50000260025288,-1.16573417585641E-13));
#9879=CARTESIAN_POINT('Origin',(392.500005848706,-5.50000260025287,7.74000000000013));
#9880=CARTESIAN_POINT('',(335.75857433478,-5.50000260025286,-9.54791801177635E-14));
#9881=CARTESIAN_POINT('',(335.75857433478,-5.50000260025286,1.4999999999999));
#9882=CARTESIAN_POINT('Origin',(396.500005848706,-33.500002793968,7.74000000000015));
#9883=CARTESIAN_POINT('',(392.500005848706,-33.500002793968,1.4999999999999));
#9884=CARTESIAN_POINT('',(396.500005848706,-37.500002793968,1.4999999999999));
#9885=CARTESIAN_POINT('Origin',(396.500005848706,-33.500002793968,1.49999999999989));
#9886=CARTESIAN_POINT('',(396.500005848706,-37.500002793968,-9.54791801177635E-14));
#9887=CARTESIAN_POINT('',(396.500005848706,-37.500002793968,7.74000000000016));
#9888=CARTESIAN_POINT('',(392.500005848706,-33.500002793968,-9.54791801177635E-14));
#9889=CARTESIAN_POINT('Origin',(396.500005848706,-33.500002793968,-1.13242748511766E-13));
#9890=CARTESIAN_POINT('',(392.500005848706,-33.500002793968,7.74000000000015));
#9891=CARTESIAN_POINT('Origin',(408.500006087124,-37.500002793968,7.74000000000016));
#9892=CARTESIAN_POINT('',(404.500006087124,-37.500002793968,1.4999999999999));
#9893=CARTESIAN_POINT('',(343.75857445399,-37.500002793968,1.4999999999999));
#9894=CARTESIAN_POINT('',(404.500006087124,-37.500002793968,-9.54791801177635E-14));
#9895=CARTESIAN_POINT('',(404.500006087124,-37.500002793968,7.74000000000017));
#9896=CARTESIAN_POINT('',(343.75857445399,-37.500002793968,-9.54791801177635E-14));
#9897=CARTESIAN_POINT('Origin',(404.500006087124,-33.500002793968,7.74000000000016));
#9898=CARTESIAN_POINT('',(408.500006087124,-33.500002793968,1.4999999999999));
#9899=CARTESIAN_POINT('Origin',(404.500006087124,-33.500002793968,1.49999999999989));
#9900=CARTESIAN_POINT('',(408.500006087124,-33.500002793968,-9.54791801177635E-14));
#9901=CARTESIAN_POINT('',(408.500006087124,-33.500002793968,7.74000000000016));
#9902=CARTESIAN_POINT('Origin',(404.500006087124,-33.500002793968,-1.13242748511766E-13));
#9903=CARTESIAN_POINT('Origin',(408.500006087124,-24.5000026002529,7.74000000000016));
#9904=CARTESIAN_POINT('',(408.500006087124,-28.5000026002529,1.4999999999999));
#9905=CARTESIAN_POINT('',(408.500006087124,-37.6266887149238,1.4999999999999));
#9906=CARTESIAN_POINT('',(408.500006087124,-28.5000026002529,-9.54791801177635E-14));
#9907=CARTESIAN_POINT('',(408.500006087124,-28.5000026002529,7.74000000000015));
#9908=CARTESIAN_POINT('',(408.500006087124,-37.6266887149238,-9.54791801177635E-14));
#9909=CARTESIAN_POINT('Origin',(404.500006087124,-28.5000026002529,7.74000000000015));
#9910=CARTESIAN_POINT('',(404.500006087124,-24.5000026002529,1.4999999999999));
#9911=CARTESIAN_POINT('Origin',(404.500006087124,-28.5000026002529,1.49999999999988));
#9912=CARTESIAN_POINT('',(404.500006087124,-24.5000026002529,-9.54791801177635E-14));
#9913=CARTESIAN_POINT('',(404.500006087124,-24.5000026002529,7.74000000000015));
#9914=CARTESIAN_POINT('Origin',(404.500006087124,-28.5000026002529,-1.17683640610267E-13));
#9915=CARTESIAN_POINT('Origin',(392.500005848706,-24.5000026002529,7.74000000000014));
#9916=CARTESIAN_POINT('',(396.500005848706,-24.5000026002529,1.4999999999999));
#9917=CARTESIAN_POINT('',(335.75857433478,-24.5000026002529,1.4999999999999));
#9918=CARTESIAN_POINT('',(396.500005848706,-24.5000026002529,-9.54791801177635E-14));
#9919=CARTESIAN_POINT('',(396.500005848706,-24.5000026002529,7.74000000000014));
#9920=CARTESIAN_POINT('',(335.75857433478,-24.5000026002529,-9.54791801177635E-14));
#9921=CARTESIAN_POINT('Origin',(396.500005848706,-28.5000026002529,7.74000000000014));
#9922=CARTESIAN_POINT('',(392.500005848706,-28.5000026002529,1.4999999999999));
#9923=CARTESIAN_POINT('Origin',(396.500005848706,-28.5000026002529,1.49999999999988));
#9924=CARTESIAN_POINT('',(392.500005848706,-28.5000026002529,-9.54791801177635E-14));
#9925=CARTESIAN_POINT('',(392.500005848706,-28.5000026002529,7.74000000000014));
#9926=CARTESIAN_POINT('Origin',(396.500005848706,-28.5000026002529,-1.17683640610267E-13));
#9927=CARTESIAN_POINT('Origin',(392.500005848706,-37.500002793968,7.74000000000015));
#9928=CARTESIAN_POINT('',(392.500005848706,-44.1266888117813,-9.54791801177635E-14));
#9929=CARTESIAN_POINT('',(392.500005848706,-44.1266888117813,1.4999999999999));
#9930=CARTESIAN_POINT('Origin',(439.76,2.77999999999974,0.395000000000001));
#9931=CARTESIAN_POINT('',(439.76,-48.2200000000003,-9.54791801177635E-14));
#9932=CARTESIAN_POINT('',(439.76,9.5866277039053,-9.54791801177635E-14));
#9933=CARTESIAN_POINT('',(439.76,-23.9866874147975,-9.54791801177635E-14));
#9934=CARTESIAN_POINT('',(439.76,-48.2200000000003,1.4999999999999));
#9935=CARTESIAN_POINT('',(439.76,-48.2200000000003,0.395000000000001));
#9936=CARTESIAN_POINT('',(439.76,9.5866277039053,1.4999999999999));
#9937=CARTESIAN_POINT('',(439.76,-23.9866874147975,1.4999999999999));
#9938=CARTESIAN_POINT('',(439.76,9.58662770390532,0.947499999999953));
#9939=CARTESIAN_POINT('Origin',(418.76,-48.2200000000003,0.395000000000001));
#9940=CARTESIAN_POINT('',(418.76,9.58662770390532,-9.54791801177635E-14));
#9941=CARTESIAN_POINT('',(418.76,-48.2200000000003,-9.54791801177635E-14));
#9942=CARTESIAN_POINT('',(418.76,-49.4866874147975,-9.54791801177635E-14));
#9943=CARTESIAN_POINT('',(418.76,9.58662770390532,1.4999999999999));
#9944=CARTESIAN_POINT('',(418.76,9.58662770390532,0.947499999999953));
#9945=CARTESIAN_POINT('',(418.76,-48.2200000000003,1.4999999999999));
#9946=CARTESIAN_POINT('',(418.76,-49.4866874147975,1.4999999999999));
#9947=CARTESIAN_POINT('',(418.76,-48.2200000000003,0.395000000000001));
#9948=CARTESIAN_POINT('Origin',(439.76,-48.2200000000003,0.395000000000001));
#9949=CARTESIAN_POINT('',(359.388571410427,-48.2200000000003,-9.54791801177635E-14));
#9950=CARTESIAN_POINT('',(359.388571410427,-48.2200000000003,1.4999999999999));
#9951=CARTESIAN_POINT('Origin',(279.017142820855,-50.7533748295947,1.4999999999999));
#9952=CARTESIAN_POINT('',(102.472134767905,9.58662770390536,1.4999999999999));
#9953=CARTESIAN_POINT('',(194.24463879438,9.58662770390532,1.4999999999999));
#9954=CARTESIAN_POINT('',(102.472134767905,-111.093377363095,1.4999999999999));
#9955=CARTESIAN_POINT('',(102.472134767905,-77.4233760963447,1.4999999999999));
#9956=CARTESIAN_POINT('',(455.562150873805,-111.093377363095,1.4999999999999));
#9957=CARTESIAN_POINT('',(363.78964684733,-111.093377363095,1.4999999999999));
#9958=CARTESIAN_POINT('',(455.562150873805,9.5866277039053,1.4999999999999));
#9959=CARTESIAN_POINT('',(455.562150873805,-24.0833735628447,1.4999999999999));
#9960=CARTESIAN_POINT('',(194.24463879438,9.58662770390532,1.4999999999999));
#9961=CARTESIAN_POINT('',(140.34,-62.0849999999997,1.4999999999999));
#9962=CARTESIAN_POINT('',(140.34,-76.0649999999997,1.4999999999999));
#9963=CARTESIAN_POINT('',(140.34,-56.4191874147971,1.4999999999999));
#9964=CARTESIAN_POINT('',(126.36,-76.0649999999997,1.4999999999999));
#9965=CARTESIAN_POINT('',(209.678571410427,-76.0649999999997,1.4999999999999));
#9966=CARTESIAN_POINT('',(126.36,-62.0849999999997,1.4999999999999));
#9967=CARTESIAN_POINT('',(126.36,-63.4091874147972,1.4999999999999));
#9968=CARTESIAN_POINT('',(202.688571410427,-62.0849999999997,1.4999999999999));
#9969=CARTESIAN_POINT('',(207.015,-62.0849999999996,1.4999999999999));
#9970=CARTESIAN_POINT('',(207.015,-76.0649999999996,1.4999999999999));
#9971=CARTESIAN_POINT('',(207.015,-56.4191874147971,1.4999999999999));
#9972=CARTESIAN_POINT('',(193.035,-76.0649999999996,1.4999999999999));
#9973=CARTESIAN_POINT('',(243.016071410428,-76.0649999999997,1.4999999999999));
#9974=CARTESIAN_POINT('',(193.035,-62.0849999999996,1.4999999999999));
#9975=CARTESIAN_POINT('',(193.035,-63.4091874147971,1.4999999999999));
#9976=CARTESIAN_POINT('',(236.026071410428,-62.0849999999997,1.4999999999999));
#9977=CARTESIAN_POINT('',(264.165000000001,-62.0849999999996,1.4999999999999));
#9978=CARTESIAN_POINT('',(264.165000000001,-76.0649999999997,1.4999999999999));
#9979=CARTESIAN_POINT('',(264.165000000001,-56.4191874147972,1.4999999999999));
#9980=CARTESIAN_POINT('',(250.185000000001,-76.0649999999997,1.4999999999999));
#9981=CARTESIAN_POINT('',(271.591071410428,-76.0649999999997,1.4999999999999));
#9982=CARTESIAN_POINT('',(250.185000000001,-62.0849999999996,1.4999999999999));
#9983=CARTESIAN_POINT('',(250.185000000001,-63.4091874147972,1.4999999999999));
#9984=CARTESIAN_POINT('',(264.601071410428,-62.0849999999997,1.4999999999999));
#9985=CARTESIAN_POINT('',(321.315000000001,-62.0849999999996,1.4999999999999));
#9986=CARTESIAN_POINT('',(321.315000000001,-76.0649999999997,1.4999999999999));
#9987=CARTESIAN_POINT('',(321.315000000001,-56.4191874147972,1.4999999999999));
#9988=CARTESIAN_POINT('',(307.335000000001,-76.0649999999997,1.4999999999999));
#9989=CARTESIAN_POINT('',(300.166071410428,-76.0649999999997,1.4999999999999));
#9990=CARTESIAN_POINT('',(307.335000000001,-62.0849999999996,1.4999999999999));
#9991=CARTESIAN_POINT('',(307.335000000001,-63.4091874147972,1.4999999999999));
#9992=CARTESIAN_POINT('',(293.176071410428,-62.0849999999997,1.4999999999999));
#9993=CARTESIAN_POINT('',(401.325,-81.1349999999985,1.4999999999999));
#9994=CARTESIAN_POINT('',(401.325,-95.1149999999985,1.4999999999999));
#9995=CARTESIAN_POINT('',(401.325,-65.9441874147966,1.4999999999999));
#9996=CARTESIAN_POINT('',(387.345,-95.1149999999985,1.4999999999999));
#9997=CARTESIAN_POINT('',(340.171071410427,-95.1149999999985,1.4999999999999));
#9998=CARTESIAN_POINT('',(387.345,-81.1349999999985,1.4999999999999));
#9999=CARTESIAN_POINT('',(387.345,-72.9341874147966,1.4999999999999));
#10000=CARTESIAN_POINT('',(333.181071410427,-81.1349999999985,1.4999999999999));
#10001=CARTESIAN_POINT('',(340.365,-62.0849999999996,1.4999999999999));
#10002=CARTESIAN_POINT('',(340.365,-76.0649999999997,1.4999999999999));
#10003=CARTESIAN_POINT('',(340.365,-56.4191874147972,1.4999999999999));
#10004=CARTESIAN_POINT('',(326.385,-76.0649999999997,1.4999999999999));
#10005=CARTESIAN_POINT('',(309.691071410428,-76.0649999999997,1.4999999999999));
#10006=CARTESIAN_POINT('',(326.385,-62.0849999999996,1.4999999999999));
#10007=CARTESIAN_POINT('',(326.385,-63.4091874147972,1.4999999999999));
#10008=CARTESIAN_POINT('',(302.701071410428,-62.0849999999997,1.4999999999999));
#10009=CARTESIAN_POINT('',(321.315,-43.0349999999997,1.4999999999999));
#10010=CARTESIAN_POINT('',(321.315,-57.0149999999997,1.4999999999999));
#10011=CARTESIAN_POINT('',(321.315,-46.8941874147972,1.4999999999999));
#10012=CARTESIAN_POINT('',(307.335,-57.0149999999997,1.4999999999999));
#10013=CARTESIAN_POINT('',(300.166071410427,-57.0149999999997,1.4999999999999));
#10014=CARTESIAN_POINT('',(307.335,-43.0349999999997,1.4999999999999));
#10015=CARTESIAN_POINT('',(307.335,-53.8841874147972,1.4999999999999));
#10016=CARTESIAN_POINT('',(293.176071410427,-43.0349999999997,1.4999999999999));
#10017=CARTESIAN_POINT('',(245.115,-43.0349999999997,1.4999999999999));
#10018=CARTESIAN_POINT('',(245.115,-57.0149999999997,1.4999999999999));
#10019=CARTESIAN_POINT('',(245.115,-46.8941874147972,1.4999999999999));
#10020=CARTESIAN_POINT('',(231.135,-57.0149999999997,1.4999999999999));
#10021=CARTESIAN_POINT('',(262.066071410427,-57.0149999999997,1.4999999999999));
#10022=CARTESIAN_POINT('',(231.135,-43.0349999999997,1.4999999999999));
#10023=CARTESIAN_POINT('',(231.135,-53.8841874147972,1.4999999999999));
#10024=CARTESIAN_POINT('',(255.076071410427,-43.0349999999997,1.4999999999999));
#10025=CARTESIAN_POINT('',(168.915,-43.0349999999997,1.4999999999999));
#10026=CARTESIAN_POINT('',(168.915,-57.0149999999997,1.4999999999999));
#10027=CARTESIAN_POINT('',(168.915,-46.8941874147972,1.4999999999999));
#10028=CARTESIAN_POINT('',(154.934999999999,-57.0149999999997,1.4999999999999));
#10029=CARTESIAN_POINT('',(223.966071410427,-57.0149999999997,1.4999999999999));
#10030=CARTESIAN_POINT('',(154.934999999999,-43.0349999999997,1.4999999999999));
#10031=CARTESIAN_POINT('',(154.934999999999,-53.8841874147972,1.4999999999999));
#10032=CARTESIAN_POINT('',(216.976071410427,-43.0349999999997,1.4999999999999));
#10033=CARTESIAN_POINT('',(149.865,-23.9849999999998,1.4999999999999));
#10034=CARTESIAN_POINT('',(149.865,-37.9649999999998,1.4999999999999));
#10035=CARTESIAN_POINT('',(149.865,-37.3691874147972,1.4999999999999));
#10036=CARTESIAN_POINT('',(135.885,-37.9649999999998,1.4999999999999));
#10037=CARTESIAN_POINT('',(214.441071410427,-37.9649999999999,1.4999999999999));
#10038=CARTESIAN_POINT('',(135.885,-23.9849999999998,1.4999999999999));
#10039=CARTESIAN_POINT('',(135.885,-44.3591874147972,1.4999999999999));
#10040=CARTESIAN_POINT('',(207.451071410427,-23.9849999999998,1.4999999999999));
#10041=CARTESIAN_POINT('',(226.065,-23.9849999999998,1.4999999999999));
#10042=CARTESIAN_POINT('',(226.065,-37.9649999999999,1.4999999999999));
#10043=CARTESIAN_POINT('',(226.065,-37.3691874147973,1.4999999999999));
#10044=CARTESIAN_POINT('',(212.085,-37.9649999999998,1.4999999999999));
#10045=CARTESIAN_POINT('',(252.541071410427,-37.9649999999999,1.4999999999999));
#10046=CARTESIAN_POINT('',(212.085,-23.9849999999998,1.4999999999999));
#10047=CARTESIAN_POINT('',(212.085,-44.3591874147972,1.4999999999999));
#10048=CARTESIAN_POINT('',(245.551071410427,-23.9849999999998,1.4999999999999));
#10049=CARTESIAN_POINT('',(302.265,-23.9849999999998,1.4999999999999));
#10050=CARTESIAN_POINT('',(302.265,-37.9649999999999,1.4999999999999));
#10051=CARTESIAN_POINT('',(302.265,-37.3691874147973,1.4999999999999));
#10052=CARTESIAN_POINT('',(288.285,-37.9649999999999,1.4999999999999));
#10053=CARTESIAN_POINT('',(290.641071410428,-37.9649999999999,1.4999999999999));
#10054=CARTESIAN_POINT('',(288.285,-23.9849999999998,1.4999999999999));
#10055=CARTESIAN_POINT('',(288.285,-44.3591874147973,1.4999999999999));
#10056=CARTESIAN_POINT('',(283.651071410427,-23.9849999999998,1.4999999999999));
#10057=CARTESIAN_POINT('',(378.465,-23.9849999999999,1.4999999999999));
#10058=CARTESIAN_POINT('',(378.465,-37.9649999999999,1.4999999999999));
#10059=CARTESIAN_POINT('',(378.465,-37.3691874147973,1.4999999999999));
#10060=CARTESIAN_POINT('',(364.485,-37.9649999999999,1.4999999999999));
#10061=CARTESIAN_POINT('',(328.741071410427,-37.9649999999999,1.4999999999999));
#10062=CARTESIAN_POINT('',(364.485,-23.9849999999999,1.4999999999999));
#10063=CARTESIAN_POINT('',(364.485,-44.3591874147973,1.4999999999999));
#10064=CARTESIAN_POINT('',(321.751071410428,-23.9849999999999,1.4999999999999));
#10065=CARTESIAN_POINT('',(321.315,-4.93500000000026,1.4999999999999));
#10066=CARTESIAN_POINT('',(321.315,-18.9150000000003,1.4999999999999));
#10067=CARTESIAN_POINT('',(321.315,-27.8441874147975,1.4999999999999));
#10068=CARTESIAN_POINT('',(307.335,-18.9150000000003,1.4999999999999));
#10069=CARTESIAN_POINT('',(300.166071410428,-18.9150000000003,1.4999999999999));
#10070=CARTESIAN_POINT('',(307.335,-4.93500000000024,1.4999999999999));
#10071=CARTESIAN_POINT('',(307.335,-34.8341874147975,1.4999999999999));
#10072=CARTESIAN_POINT('',(293.176071410428,-4.93500000000024,1.4999999999999));
#10073=CARTESIAN_POINT('',(245.115,-4.93500000000024,1.4999999999999));
#10074=CARTESIAN_POINT('',(245.115,-18.9150000000003,1.4999999999999));
#10075=CARTESIAN_POINT('',(245.115,-27.8441874147975,1.4999999999999));
#10076=CARTESIAN_POINT('',(231.135,-18.9150000000003,1.4999999999999));
#10077=CARTESIAN_POINT('',(262.066071410428,-18.9150000000003,1.4999999999999));
#10078=CARTESIAN_POINT('',(231.135,-4.93500000000024,1.4999999999999));
#10079=CARTESIAN_POINT('',(231.135,-34.8341874147975,1.4999999999999));
#10080=CARTESIAN_POINT('',(255.076071410428,-4.93500000000024,1.4999999999999));
#10081=CARTESIAN_POINT('',(168.915,-4.93500000000024,1.4999999999999));
#10082=CARTESIAN_POINT('',(168.915,-18.9150000000003,1.4999999999999));
#10083=CARTESIAN_POINT('',(168.915,-27.8441874147974,1.4999999999999));
#10084=CARTESIAN_POINT('',(154.935,-18.9150000000003,1.4999999999999));
#10085=CARTESIAN_POINT('',(223.966071410428,-18.9150000000003,1.4999999999999));
#10086=CARTESIAN_POINT('',(154.935,-4.93500000000024,1.4999999999999));
#10087=CARTESIAN_POINT('',(154.935,-34.8341874147975,1.4999999999999));
#10088=CARTESIAN_POINT('',(216.976071410428,-4.93500000000024,1.4999999999999));
#10089=CARTESIAN_POINT('',(149.865,-4.93500000000024,1.4999999999999));
#10090=CARTESIAN_POINT('',(149.865,-18.9150000000003,1.4999999999999));
#10091=CARTESIAN_POINT('',(149.865,-27.8441874147974,1.4999999999999));
#10092=CARTESIAN_POINT('',(135.885,-18.9150000000003,1.4999999999999));
#10093=CARTESIAN_POINT('',(214.441071410427,-18.9150000000003,1.4999999999999));
#10094=CARTESIAN_POINT('',(135.885,-4.93500000000024,1.4999999999999));
#10095=CARTESIAN_POINT('',(135.885,-34.8341874147975,1.4999999999999));
#10096=CARTESIAN_POINT('',(207.451071410428,-4.93500000000024,1.4999999999999));
#10097=CARTESIAN_POINT('',(226.065,-4.93500000000024,1.4999999999999));
#10098=CARTESIAN_POINT('',(226.065,-18.9150000000003,1.4999999999999));
#10099=CARTESIAN_POINT('',(226.065,-27.8441874147975,1.4999999999999));
#10100=CARTESIAN_POINT('',(212.085,-18.9150000000003,1.4999999999999));
#10101=CARTESIAN_POINT('',(252.541071410428,-18.9150000000003,1.4999999999999));
#10102=CARTESIAN_POINT('',(212.085,-4.93500000000024,1.4999999999999));
#10103=CARTESIAN_POINT('',(212.085,-34.8341874147975,1.4999999999999));
#10104=CARTESIAN_POINT('',(245.551071410428,-4.93500000000024,1.4999999999999));
#10105=CARTESIAN_POINT('',(302.265,-4.93500000000024,1.4999999999999));
#10106=CARTESIAN_POINT('',(302.265,-18.9150000000003,1.4999999999999));
#10107=CARTESIAN_POINT('',(302.265,-27.8441874147975,1.4999999999999));
#10108=CARTESIAN_POINT('',(288.285,-18.9150000000003,1.4999999999999));
#10109=CARTESIAN_POINT('',(290.641071410428,-18.9150000000003,1.4999999999999));
#10110=CARTESIAN_POINT('',(288.285,-4.93500000000024,1.4999999999999));
#10111=CARTESIAN_POINT('',(288.285,-34.8341874147975,1.4999999999999));
#10112=CARTESIAN_POINT('',(283.651071410428,-4.93500000000024,1.4999999999999));
#10113=CARTESIAN_POINT('',(378.465,-4.93500000000026,1.4999999999999));
#10114=CARTESIAN_POINT('',(378.465,-18.9150000000003,1.4999999999999));
#10115=CARTESIAN_POINT('',(378.465,-27.8441874147975,1.4999999999999));
#10116=CARTESIAN_POINT('',(364.485,-18.9150000000003,1.4999999999999));
#10117=CARTESIAN_POINT('',(328.741071410427,-18.9150000000003,1.4999999999999));
#10118=CARTESIAN_POINT('',(364.485,-4.93500000000026,1.4999999999999));
#10119=CARTESIAN_POINT('',(364.485,-34.8341874147975,1.4999999999999));
#10120=CARTESIAN_POINT('',(321.751071410428,-4.93500000000026,1.4999999999999));
#10121=CARTESIAN_POINT('',(321.315,-23.9849999999998,1.4999999999999));
#10122=CARTESIAN_POINT('',(321.315,-37.9649999999999,1.4999999999999));
#10123=CARTESIAN_POINT('',(321.315,-37.3691874147973,1.4999999999999));
#10124=CARTESIAN_POINT('',(307.335,-37.9649999999999,1.4999999999999));
#10125=CARTESIAN_POINT('',(300.166071410427,-37.9649999999999,1.4999999999999));
#10126=CARTESIAN_POINT('',(307.335,-23.9849999999998,1.4999999999999));
#10127=CARTESIAN_POINT('',(307.335,-44.3591874147973,1.4999999999999));
#10128=CARTESIAN_POINT('',(293.176071410427,-23.9849999999998,1.4999999999999));
#10129=CARTESIAN_POINT('',(245.115,-23.9849999999998,1.4999999999999));
#10130=CARTESIAN_POINT('',(245.115,-37.9649999999999,1.4999999999999));
#10131=CARTESIAN_POINT('',(245.115,-37.3691874147973,1.4999999999999));
#10132=CARTESIAN_POINT('',(231.135,-37.9649999999999,1.4999999999999));
#10133=CARTESIAN_POINT('',(262.066071410427,-37.9649999999999,1.4999999999999));
#10134=CARTESIAN_POINT('',(231.135,-23.9849999999998,1.4999999999999));
#10135=CARTESIAN_POINT('',(231.135,-44.3591874147973,1.4999999999999));
#10136=CARTESIAN_POINT('',(255.076071410427,-23.9849999999998,1.4999999999999));
#10137=CARTESIAN_POINT('',(168.915,-23.9849999999998,1.4999999999999));
#10138=CARTESIAN_POINT('',(168.915,-37.9649999999998,1.4999999999999));
#10139=CARTESIAN_POINT('',(168.915,-37.3691874147972,1.4999999999999));
#10140=CARTESIAN_POINT('',(154.935,-37.9649999999998,1.4999999999999));
#10141=CARTESIAN_POINT('',(223.966071410427,-37.9649999999999,1.4999999999999));
#10142=CARTESIAN_POINT('',(154.935,-23.9849999999998,1.4999999999999));
#10143=CARTESIAN_POINT('',(154.935,-44.3591874147972,1.4999999999999));
#10144=CARTESIAN_POINT('',(216.976071410427,-23.9849999999998,1.4999999999999));
#10145=CARTESIAN_POINT('',(149.865,-43.0349999999997,1.4999999999999));
#10146=CARTESIAN_POINT('',(149.865,-57.0149999999997,1.4999999999999));
#10147=CARTESIAN_POINT('',(149.864999999999,-46.8941874147972,1.4999999999999));
#10148=CARTESIAN_POINT('',(135.884999999999,-57.0149999999997,1.4999999999999));
#10149=CARTESIAN_POINT('',(214.441071410427,-57.0149999999997,1.4999999999999));
#10150=CARTESIAN_POINT('',(135.884999999999,-43.0349999999997,1.4999999999999));
#10151=CARTESIAN_POINT('',(135.885,-53.8841874147972,1.4999999999999));
#10152=CARTESIAN_POINT('',(207.451071410427,-43.0349999999997,1.4999999999999));
#10153=CARTESIAN_POINT('',(226.065,-43.0349999999997,1.4999999999999));
#10154=CARTESIAN_POINT('',(226.065,-57.0149999999997,1.4999999999999));
#10155=CARTESIAN_POINT('',(226.065,-46.8941874147972,1.4999999999999));
#10156=CARTESIAN_POINT('',(212.085,-57.0149999999997,1.4999999999999));
#10157=CARTESIAN_POINT('',(252.541071410427,-57.0149999999997,1.4999999999999));
#10158=CARTESIAN_POINT('',(212.085,-43.0349999999997,1.4999999999999));
#10159=CARTESIAN_POINT('',(212.085,-53.8841874147972,1.4999999999999));
#10160=CARTESIAN_POINT('',(245.551071410427,-43.0349999999997,1.4999999999999));
#10161=CARTESIAN_POINT('',(302.265,-43.0349999999997,1.4999999999999));
#10162=CARTESIAN_POINT('',(302.265,-57.0149999999997,1.4999999999999));
#10163=CARTESIAN_POINT('',(302.265,-46.8941874147972,1.4999999999999));
#10164=CARTESIAN_POINT('',(288.285,-57.0149999999997,1.4999999999999));
#10165=CARTESIAN_POINT('',(290.641071410428,-57.0149999999997,1.4999999999999));
#10166=CARTESIAN_POINT('',(288.285,-43.0349999999997,1.4999999999999));
#10167=CARTESIAN_POINT('',(288.285,-53.8841874147972,1.4999999999999));
#10168=CARTESIAN_POINT('',(283.651071410428,-43.0349999999997,1.4999999999999));
#10169=CARTESIAN_POINT('',(368.94,-62.0849999999999,1.4999999999999));
#10170=CARTESIAN_POINT('',(368.94,-76.0649999999999,1.4999999999999));
#10171=CARTESIAN_POINT('',(368.94,-56.4191874147973,1.4999999999999));
#10172=CARTESIAN_POINT('',(354.96,-76.0649999999999,1.4999999999999));
#10173=CARTESIAN_POINT('',(323.978571410427,-76.0649999999999,1.4999999999999));
#10174=CARTESIAN_POINT('',(354.96,-62.0849999999999,1.4999999999999));
#10175=CARTESIAN_POINT('',(354.96,-63.4091874147973,1.4999999999999));
#10176=CARTESIAN_POINT('',(316.988571410427,-62.0849999999999,1.4999999999999));
#10177=CARTESIAN_POINT('',(378.465,-81.1349999999984,1.4999999999999));
#10178=CARTESIAN_POINT('',(378.465,-95.1149999999984,1.4999999999999));
#10179=CARTESIAN_POINT('',(378.465,-65.9441874147965,1.4999999999999));
#10180=CARTESIAN_POINT('',(364.485,-95.1149999999984,1.4999999999999));
#10181=CARTESIAN_POINT('',(328.741071410427,-95.1149999999984,1.4999999999999));
#10182=CARTESIAN_POINT('',(364.485,-81.1349999999984,1.4999999999999));
#10183=CARTESIAN_POINT('',(364.485,-72.9341874147966,1.4999999999999));
#10184=CARTESIAN_POINT('',(321.751071410427,-81.1349999999984,1.4999999999999));
#10185=CARTESIAN_POINT('',(439.425,-81.1349999999985,1.4999999999999));
#10186=CARTESIAN_POINT('',(439.425,-95.1149999999986,1.4999999999999));
#10187=CARTESIAN_POINT('',(439.425,-65.9441874147966,1.4999999999999));
#10188=CARTESIAN_POINT('',(425.445,-95.1149999999986,1.4999999999999));
#10189=CARTESIAN_POINT('',(359.221071410427,-95.1149999999986,1.4999999999999));
#10190=CARTESIAN_POINT('',(425.445,-81.1349999999985,1.4999999999999));
#10191=CARTESIAN_POINT('',(425.445,-72.9341874147966,1.4999999999999));
#10192=CARTESIAN_POINT('',(352.231071410427,-81.1349999999985,1.4999999999999));
#10193=CARTESIAN_POINT('',(283.215000000001,-62.0849999999996,1.4999999999999));
#10194=CARTESIAN_POINT('',(283.215000000001,-76.0649999999997,1.4999999999999));
#10195=CARTESIAN_POINT('',(283.215000000001,-56.4191874147972,1.4999999999999));
#10196=CARTESIAN_POINT('',(269.235000000001,-76.0649999999997,1.4999999999999));
#10197=CARTESIAN_POINT('',(281.116071410428,-76.0649999999997,1.4999999999999));
#10198=CARTESIAN_POINT('',(269.235000000001,-62.0849999999996,1.4999999999999));
#10199=CARTESIAN_POINT('',(269.235000000001,-63.4091874147972,1.4999999999999));
#10200=CARTESIAN_POINT('',(274.126071410428,-62.0849999999997,1.4999999999999));
#10201=CARTESIAN_POINT('',(226.065,-62.0849999999996,1.4999999999999));
#10202=CARTESIAN_POINT('',(226.065,-76.0649999999997,1.4999999999999));
#10203=CARTESIAN_POINT('',(226.065,-56.4191874147972,1.4999999999999));
#10204=CARTESIAN_POINT('',(212.085,-76.0649999999996,1.4999999999999));
#10205=CARTESIAN_POINT('',(252.541071410428,-76.0649999999997,1.4999999999999));
#10206=CARTESIAN_POINT('',(212.085,-62.0849999999996,1.4999999999999));
#10207=CARTESIAN_POINT('',(212.085,-63.4091874147971,1.4999999999999));
#10208=CARTESIAN_POINT('',(245.551071410428,-62.0849999999997,1.4999999999999));
#10209=CARTESIAN_POINT('',(149.865,-81.1349999999996,1.4999999999999));
#10210=CARTESIAN_POINT('',(149.865,-95.1149999999997,1.4999999999999));
#10211=CARTESIAN_POINT('',(149.865,-65.9441874147971,1.4999999999999));
#10212=CARTESIAN_POINT('',(135.885,-95.1149999999997,1.4999999999999));
#10213=CARTESIAN_POINT('',(214.441071410427,-95.1149999999997,1.4999999999999));
#10214=CARTESIAN_POINT('',(135.885,-81.1349999999996,1.4999999999999));
#10215=CARTESIAN_POINT('',(135.885,-72.9341874147972,1.4999999999999));
#10216=CARTESIAN_POINT('',(207.451071410427,-81.1349999999996,1.4999999999999));
#10217=CARTESIAN_POINT('',(130.815,-81.1349999999996,1.4999999999999));
#10218=CARTESIAN_POINT('',(130.815,-95.1149999999997,1.4999999999999));
#10219=CARTESIAN_POINT('',(130.815,-65.9441874147971,1.4999999999999));
#10220=CARTESIAN_POINT('',(116.835,-95.1149999999997,1.4999999999999));
#10221=CARTESIAN_POINT('',(204.916071410427,-95.1149999999997,1.4999999999999));
#10222=CARTESIAN_POINT('',(116.835,-81.1349999999996,1.4999999999999));
#10223=CARTESIAN_POINT('',(116.835,-72.9341874147972,1.4999999999999));
#10224=CARTESIAN_POINT('',(197.926071410427,-81.1349999999996,1.4999999999999));
#10225=CARTESIAN_POINT('',(168.915,-62.0849999999996,1.4999999999999));
#10226=CARTESIAN_POINT('',(168.915,-76.0649999999996,1.4999999999999));
#10227=CARTESIAN_POINT('',(168.915,-56.4191874147971,1.4999999999999));
#10228=CARTESIAN_POINT('',(154.935,-76.0649999999996,1.4999999999999));
#10229=CARTESIAN_POINT('',(223.966071410428,-76.0649999999997,1.4999999999999));
#10230=CARTESIAN_POINT('',(154.935,-62.0849999999996,1.4999999999999));
#10231=CARTESIAN_POINT('',(154.935,-63.4091874147971,1.4999999999999));
#10232=CARTESIAN_POINT('',(216.976071410428,-62.0849999999997,1.4999999999999));
#10233=CARTESIAN_POINT('',(245.115,-62.0849999999996,1.4999999999999));
#10234=CARTESIAN_POINT('',(245.115,-76.0649999999997,1.4999999999999));
#10235=CARTESIAN_POINT('',(245.115,-56.4191874147972,1.4999999999999));
#10236=CARTESIAN_POINT('',(231.135,-76.0649999999997,1.4999999999999));
#10237=CARTESIAN_POINT('',(262.066071410428,-76.0649999999997,1.4999999999999));
#10238=CARTESIAN_POINT('',(231.135,-62.0849999999996,1.4999999999999));
#10239=CARTESIAN_POINT('',(231.135,-63.4091874147972,1.4999999999999));
#10240=CARTESIAN_POINT('',(255.076071410428,-62.0849999999997,1.4999999999999));
#10241=CARTESIAN_POINT('',(321.315,-81.1349999999984,1.4999999999999));
#10242=CARTESIAN_POINT('',(321.315,-95.1149999999984,1.4999999999999));
#10243=CARTESIAN_POINT('',(321.315,-65.9441874147965,1.4999999999999));
#10244=CARTESIAN_POINT('',(307.335,-95.1149999999984,1.4999999999999));
#10245=CARTESIAN_POINT('',(300.166071410427,-95.1149999999984,1.4999999999999));
#10246=CARTESIAN_POINT('',(307.335,-81.1349999999984,1.4999999999999));
#10247=CARTESIAN_POINT('',(307.335,-72.9341874147966,1.4999999999999));
#10248=CARTESIAN_POINT('',(293.176071410427,-81.1349999999984,1.4999999999999));
#10249=CARTESIAN_POINT('',(420.375,-62.0849999999985,1.4999999999999));
#10250=CARTESIAN_POINT('',(420.375,-76.0649999999985,1.4999999999999));
#10251=CARTESIAN_POINT('',(420.375,-56.4191874147966,1.4999999999999));
#10252=CARTESIAN_POINT('',(406.395,-76.0649999999985,1.4999999999999));
#10253=CARTESIAN_POINT('',(349.696071410428,-76.0649999999985,1.4999999999999));
#10254=CARTESIAN_POINT('',(406.395,-62.0849999999985,1.4999999999999));
#10255=CARTESIAN_POINT('',(406.395,-63.4091874147966,1.4999999999999));
#10256=CARTESIAN_POINT('',(342.706071410428,-62.0849999999985,1.4999999999999));
#10257=CARTESIAN_POINT('',(340.365,-81.1349999999984,1.4999999999999));
#10258=CARTESIAN_POINT('',(340.365,-95.1149999999984,1.4999999999999));
#10259=CARTESIAN_POINT('',(340.365,-65.9441874147965,1.4999999999999));
#10260=CARTESIAN_POINT('',(326.385,-95.1149999999984,1.4999999999999));
#10261=CARTESIAN_POINT('',(309.691071410427,-95.1149999999984,1.4999999999999));
#10262=CARTESIAN_POINT('',(326.385,-81.1349999999984,1.4999999999999));
#10263=CARTESIAN_POINT('',(326.385,-72.9341874147966,1.4999999999999));
#10264=CARTESIAN_POINT('',(302.701071410427,-81.1349999999984,1.4999999999999));
#10265=CARTESIAN_POINT('',(340.365,-43.0349999999997,1.4999999999999));
#10266=CARTESIAN_POINT('',(340.365,-57.0149999999997,1.4999999999999));
#10267=CARTESIAN_POINT('',(340.365,-46.8941874147972,1.4999999999999));
#10268=CARTESIAN_POINT('',(326.385,-57.0149999999997,1.4999999999999));
#10269=CARTESIAN_POINT('',(309.691071410428,-57.0149999999997,1.4999999999999));
#10270=CARTESIAN_POINT('',(326.385,-43.0349999999997,1.4999999999999));
#10271=CARTESIAN_POINT('',(326.385,-53.8841874147972,1.4999999999999));
#10272=CARTESIAN_POINT('',(302.701071410428,-43.0349999999997,1.4999999999999));
#10273=CARTESIAN_POINT('',(264.165,-43.0349999999997,1.4999999999999));
#10274=CARTESIAN_POINT('',(264.165,-57.0149999999997,1.4999999999999));
#10275=CARTESIAN_POINT('',(264.165,-46.8941874147972,1.4999999999999));
#10276=CARTESIAN_POINT('',(250.185,-57.0149999999997,1.4999999999999));
#10277=CARTESIAN_POINT('',(271.591071410428,-57.0149999999997,1.4999999999999));
#10278=CARTESIAN_POINT('',(250.185,-43.0349999999997,1.4999999999999));
#10279=CARTESIAN_POINT('',(250.185,-53.8841874147972,1.4999999999999));
#10280=CARTESIAN_POINT('',(264.601071410427,-43.0349999999997,1.4999999999999));
#10281=CARTESIAN_POINT('',(187.965,-43.0349999999997,1.4999999999999));
#10282=CARTESIAN_POINT('',(187.965,-57.0149999999997,1.4999999999999));
#10283=CARTESIAN_POINT('',(187.965,-46.8941874147972,1.4999999999999));
#10284=CARTESIAN_POINT('',(173.985,-57.0149999999997,1.4999999999999));
#10285=CARTESIAN_POINT('',(233.491071410427,-57.0149999999997,1.4999999999999));
#10286=CARTESIAN_POINT('',(173.985,-43.0349999999997,1.4999999999999));
#10287=CARTESIAN_POINT('',(173.985,-53.8841874147972,1.4999999999999));
#10288=CARTESIAN_POINT('',(226.501071410427,-43.0349999999997,1.4999999999999));
#10289=CARTESIAN_POINT('',(130.815,-23.9849999999998,1.4999999999999));
#10290=CARTESIAN_POINT('',(130.815,-37.9649999999998,1.4999999999999));
#10291=CARTESIAN_POINT('',(130.815,-37.3691874147972,1.4999999999999));
#10292=CARTESIAN_POINT('',(116.835,-37.9649999999998,1.4999999999999));
#10293=CARTESIAN_POINT('',(204.916071410427,-37.9649999999998,1.4999999999999));
#10294=CARTESIAN_POINT('',(116.835,-23.9849999999998,1.4999999999999));
#10295=CARTESIAN_POINT('',(116.835,-44.3591874147972,1.4999999999999));
#10296=CARTESIAN_POINT('',(197.926071410427,-23.9849999999998,1.4999999999999));
#10297=CARTESIAN_POINT('',(207.015,-23.9849999999998,1.4999999999999));
#10298=CARTESIAN_POINT('',(207.015,-37.9649999999998,1.4999999999999));
#10299=CARTESIAN_POINT('',(207.015,-37.3691874147972,1.4999999999999));
#10300=CARTESIAN_POINT('',(193.035,-37.9649999999998,1.4999999999999));
#10301=CARTESIAN_POINT('',(243.016071410427,-37.9649999999999,1.4999999999999));
#10302=CARTESIAN_POINT('',(193.035,-23.9849999999998,1.4999999999999));
#10303=CARTESIAN_POINT('',(193.035,-44.3591874147972,1.4999999999999));
#10304=CARTESIAN_POINT('',(236.026071410427,-23.9849999999998,1.4999999999999));
#10305=CARTESIAN_POINT('',(283.215,-23.9849999999998,1.4999999999999));
#10306=CARTESIAN_POINT('',(283.215,-37.9649999999999,1.4999999999999));
#10307=CARTESIAN_POINT('',(283.215,-37.3691874147973,1.4999999999999));
#10308=CARTESIAN_POINT('',(269.235,-37.9649999999999,1.4999999999999));
#10309=CARTESIAN_POINT('',(281.116071410427,-37.9649999999999,1.4999999999999));
#10310=CARTESIAN_POINT('',(269.235,-23.9849999999998,1.4999999999999));
#10311=CARTESIAN_POINT('',(269.235,-44.3591874147973,1.4999999999999));
#10312=CARTESIAN_POINT('',(274.126071410427,-23.9849999999998,1.4999999999999));
#10313=CARTESIAN_POINT('',(359.415,-23.9849999999998,1.4999999999999));
#10314=CARTESIAN_POINT('',(359.415,-37.9649999999999,1.4999999999999));
#10315=CARTESIAN_POINT('',(359.415,-37.3691874147973,1.4999999999999));
#10316=CARTESIAN_POINT('',(345.435,-37.9649999999999,1.4999999999999));
#10317=CARTESIAN_POINT('',(319.216071410427,-37.9649999999999,1.4999999999999));
#10318=CARTESIAN_POINT('',(345.435,-23.9849999999998,1.4999999999999));
#10319=CARTESIAN_POINT('',(345.435,-44.3591874147973,1.4999999999999));
#10320=CARTESIAN_POINT('',(312.226071410427,-23.9849999999998,1.4999999999999));
#10321=CARTESIAN_POINT('',(340.365,-4.93500000000026,1.4999999999999));
#10322=CARTESIAN_POINT('',(340.365,-18.9150000000003,1.4999999999999));
#10323=CARTESIAN_POINT('',(340.365,-27.8441874147975,1.4999999999999));
#10324=CARTESIAN_POINT('',(326.385,-18.9150000000003,1.4999999999999));
#10325=CARTESIAN_POINT('',(309.691071410428,-18.9150000000003,1.4999999999999));
#10326=CARTESIAN_POINT('',(326.385,-4.93500000000026,1.4999999999999));
#10327=CARTESIAN_POINT('',(326.385,-34.8341874147975,1.4999999999999));
#10328=CARTESIAN_POINT('',(302.701071410428,-4.93500000000024,1.4999999999999));
#10329=CARTESIAN_POINT('',(264.165,-4.93500000000024,1.4999999999999));
#10330=CARTESIAN_POINT('',(264.165,-18.9150000000003,1.4999999999999));
#10331=CARTESIAN_POINT('',(264.165,-27.8441874147975,1.4999999999999));
#10332=CARTESIAN_POINT('',(250.185,-18.9150000000003,1.4999999999999));
#10333=CARTESIAN_POINT('',(271.591071410428,-18.9150000000003,1.4999999999999));
#10334=CARTESIAN_POINT('',(250.185,-4.93500000000024,1.4999999999999));
#10335=CARTESIAN_POINT('',(250.185,-34.8341874147975,1.4999999999999));
#10336=CARTESIAN_POINT('',(264.601071410427,-4.93500000000024,1.4999999999999));
#10337=CARTESIAN_POINT('',(187.965,-4.93500000000024,1.4999999999999));
#10338=CARTESIAN_POINT('',(187.965,-18.9150000000003,1.4999999999999));
#10339=CARTESIAN_POINT('',(187.965,-27.8441874147974,1.4999999999999));
#10340=CARTESIAN_POINT('',(173.985,-18.9150000000003,1.4999999999999));
#10341=CARTESIAN_POINT('',(233.491071410428,-18.9150000000003,1.4999999999999));
#10342=CARTESIAN_POINT('',(173.985,-4.93500000000024,1.4999999999999));
#10343=CARTESIAN_POINT('',(173.985,-34.8341874147975,1.4999999999999));
#10344=CARTESIAN_POINT('',(226.501071410427,-4.93500000000024,1.4999999999999));
#10345=CARTESIAN_POINT('',(130.815,-18.9150000000003,1.4999999999999));
#10346=CARTESIAN_POINT('',(116.835,-18.9150000000003,1.4999999999999));
#10347=CARTESIAN_POINT('',(204.916071410427,-18.9150000000003,1.4999999999999));
#10348=CARTESIAN_POINT('',(116.835,-4.93500000000024,1.4999999999999));
#10349=CARTESIAN_POINT('',(116.835,-34.8341874147975,1.4999999999999));
#10350=CARTESIAN_POINT('',(130.815,-4.93500000000024,1.4999999999999));
#10351=CARTESIAN_POINT('',(197.926071410428,-4.93500000000024,1.4999999999999));
#10352=CARTESIAN_POINT('',(130.815,-27.8441874147974,1.4999999999999));
#10353=CARTESIAN_POINT('',(207.015,-4.93500000000024,1.4999999999999));
#10354=CARTESIAN_POINT('',(207.015,-18.9150000000003,1.4999999999999));
#10355=CARTESIAN_POINT('',(207.015,-27.8441874147974,1.4999999999999));
#10356=CARTESIAN_POINT('',(193.035,-18.9150000000003,1.4999999999999));
#10357=CARTESIAN_POINT('',(243.016071410428,-18.9150000000003,1.4999999999999));
#10358=CARTESIAN_POINT('',(193.035,-4.93500000000024,1.4999999999999));
#10359=CARTESIAN_POINT('',(193.035,-34.8341874147975,1.4999999999999));
#10360=CARTESIAN_POINT('',(236.026071410428,-4.93500000000024,1.4999999999999));
#10361=CARTESIAN_POINT('',(283.215,-4.93500000000024,1.4999999999999));
#10362=CARTESIAN_POINT('',(283.215,-18.9150000000003,1.4999999999999));
#10363=CARTESIAN_POINT('',(283.215,-27.8441874147975,1.4999999999999));
#10364=CARTESIAN_POINT('',(269.235,-18.9150000000003,1.4999999999999));
#10365=CARTESIAN_POINT('',(281.116071410428,-18.9150000000003,1.4999999999999));
#10366=CARTESIAN_POINT('',(269.235,-4.93500000000024,1.4999999999999));
#10367=CARTESIAN_POINT('',(269.235,-34.8341874147975,1.4999999999999));
#10368=CARTESIAN_POINT('',(274.126071410428,-4.93500000000024,1.4999999999999));
#10369=CARTESIAN_POINT('',(359.415,-4.93500000000026,1.4999999999999));
#10370=CARTESIAN_POINT('',(359.415,-18.9150000000003,1.4999999999999));
#10371=CARTESIAN_POINT('',(359.415,-27.8441874147975,1.4999999999999));
#10372=CARTESIAN_POINT('',(345.435,-18.9150000000003,1.4999999999999));
#10373=CARTESIAN_POINT('',(319.216071410428,-18.9150000000003,1.4999999999999));
#10374=CARTESIAN_POINT('',(345.435,-4.93500000000026,1.4999999999999));
#10375=CARTESIAN_POINT('',(345.435,-34.8341874147975,1.4999999999999));
#10376=CARTESIAN_POINT('',(312.226071410428,-4.93500000000024,1.4999999999999));
#10377=CARTESIAN_POINT('',(340.365,-23.9849999999998,1.4999999999999));
#10378=CARTESIAN_POINT('',(340.365,-37.9649999999999,1.4999999999999));
#10379=CARTESIAN_POINT('',(340.365,-37.3691874147973,1.4999999999999));
#10380=CARTESIAN_POINT('',(326.385,-37.9649999999999,1.4999999999999));
#10381=CARTESIAN_POINT('',(309.691071410427,-37.9649999999999,1.4999999999999));
#10382=CARTESIAN_POINT('',(326.385,-23.9849999999998,1.4999999999999));
#10383=CARTESIAN_POINT('',(326.385,-44.3591874147973,1.4999999999999));
#10384=CARTESIAN_POINT('',(302.701071410427,-23.9849999999998,1.4999999999999));
#10385=CARTESIAN_POINT('',(264.165,-23.9849999999998,1.4999999999999));
#10386=CARTESIAN_POINT('',(264.165,-37.9649999999999,1.4999999999999));
#10387=CARTESIAN_POINT('',(264.165,-37.3691874147973,1.4999999999999));
#10388=CARTESIAN_POINT('',(250.185,-37.9649999999999,1.4999999999999));
#10389=CARTESIAN_POINT('',(271.591071410427,-37.9649999999999,1.4999999999999));
#10390=CARTESIAN_POINT('',(250.185,-23.9849999999998,1.4999999999999));
#10391=CARTESIAN_POINT('',(250.185,-44.3591874147973,1.4999999999999));
#10392=CARTESIAN_POINT('',(264.601071410427,-23.9849999999998,1.4999999999999));
#10393=CARTESIAN_POINT('',(187.965,-23.9849999999998,1.4999999999999));
#10394=CARTESIAN_POINT('',(187.965,-37.9649999999998,1.4999999999999));
#10395=CARTESIAN_POINT('',(187.965,-37.3691874147972,1.4999999999999));
#10396=CARTESIAN_POINT('',(173.985,-37.9649999999998,1.4999999999999));
#10397=CARTESIAN_POINT('',(233.491071410427,-37.9649999999999,1.4999999999999));
#10398=CARTESIAN_POINT('',(173.985,-23.9849999999998,1.4999999999999));
#10399=CARTESIAN_POINT('',(173.985,-44.3591874147972,1.4999999999999));
#10400=CARTESIAN_POINT('',(226.501071410427,-23.9849999999998,1.4999999999999));
#10401=CARTESIAN_POINT('',(130.815,-43.0349999999997,1.4999999999999));
#10402=CARTESIAN_POINT('',(130.815,-57.0149999999997,1.4999999999999));
#10403=CARTESIAN_POINT('',(130.814999999999,-46.8941874147972,1.4999999999999));
#10404=CARTESIAN_POINT('',(116.834999999999,-57.0149999999997,1.4999999999999));
#10405=CARTESIAN_POINT('',(204.916071410427,-57.0149999999997,1.4999999999999));
#10406=CARTESIAN_POINT('',(116.834999999999,-43.0349999999997,1.4999999999999));
#10407=CARTESIAN_POINT('',(116.834999999999,-53.8841874147972,1.4999999999999));
#10408=CARTESIAN_POINT('',(197.926071410427,-43.0349999999997,1.4999999999999));
#10409=CARTESIAN_POINT('',(207.015,-43.0349999999997,1.4999999999999));
#10410=CARTESIAN_POINT('',(207.015,-57.0149999999997,1.4999999999999));
#10411=CARTESIAN_POINT('',(207.015,-46.8941874147972,1.4999999999999));
#10412=CARTESIAN_POINT('',(193.035,-57.0149999999997,1.4999999999999));
#10413=CARTESIAN_POINT('',(243.016071410427,-57.0149999999997,1.4999999999999));
#10414=CARTESIAN_POINT('',(193.035,-43.0349999999997,1.4999999999999));
#10415=CARTESIAN_POINT('',(193.035,-53.8841874147972,1.4999999999999));
#10416=CARTESIAN_POINT('',(236.026071410427,-43.0349999999997,1.4999999999999));
#10417=CARTESIAN_POINT('',(283.215,-43.0349999999997,1.4999999999999));
#10418=CARTESIAN_POINT('',(283.215,-57.0149999999997,1.4999999999999));
#10419=CARTESIAN_POINT('',(283.215,-46.8941874147972,1.4999999999999));
#10420=CARTESIAN_POINT('',(269.235,-57.0149999999997,1.4999999999999));
#10421=CARTESIAN_POINT('',(281.116071410427,-57.0149999999997,1.4999999999999));
#10422=CARTESIAN_POINT('',(269.235,-43.0349999999997,1.4999999999999));
#10423=CARTESIAN_POINT('',(269.235,-53.8841874147972,1.4999999999999));
#10424=CARTESIAN_POINT('',(274.126071410427,-43.0349999999997,1.4999999999999));
#10425=CARTESIAN_POINT('',(368.94,-43.0349999999999,1.4999999999999));
#10426=CARTESIAN_POINT('',(368.94,-57.0149999999999,1.4999999999999));
#10427=CARTESIAN_POINT('',(368.94,-46.8941874147973,1.4999999999999));
#10428=CARTESIAN_POINT('',(354.96,-57.0149999999999,1.4999999999999));
#10429=CARTESIAN_POINT('',(323.978571410427,-57.0149999999999,1.4999999999999));
#10430=CARTESIAN_POINT('',(354.96,-43.0349999999999,1.4999999999999));
#10431=CARTESIAN_POINT('',(354.96,-53.8841874147973,1.4999999999999));
#10432=CARTESIAN_POINT('',(316.988571410427,-43.0349999999999,1.4999999999999));
#10433=CARTESIAN_POINT('',(359.415,-81.1349999999984,1.4999999999999));
#10434=CARTESIAN_POINT('',(359.415,-95.1149999999984,1.4999999999999));
#10435=CARTESIAN_POINT('',(359.415,-65.9441874147965,1.4999999999999));
#10436=CARTESIAN_POINT('',(345.435,-95.1149999999984,1.4999999999999));
#10437=CARTESIAN_POINT('',(319.216071410427,-95.1149999999984,1.4999999999999));
#10438=CARTESIAN_POINT('',(345.435,-81.1349999999984,1.4999999999999));
#10439=CARTESIAN_POINT('',(345.435,-72.9341874147966,1.4999999999999));
#10440=CARTESIAN_POINT('',(312.226071410427,-81.1349999999984,1.4999999999999));
#10441=CARTESIAN_POINT('',(420.375,-81.1349999999985,1.4999999999999));
#10442=CARTESIAN_POINT('',(420.375,-95.1149999999985,1.4999999999999));
#10443=CARTESIAN_POINT('',(420.375,-65.9441874147966,1.4999999999999));
#10444=CARTESIAN_POINT('',(406.395,-95.1149999999985,1.4999999999999));
#10445=CARTESIAN_POINT('',(349.696071410428,-95.1149999999985,1.4999999999999));
#10446=CARTESIAN_POINT('',(406.395,-81.1349999999985,1.4999999999999));
#10447=CARTESIAN_POINT('',(406.395,-72.9341874147966,1.4999999999999));
#10448=CARTESIAN_POINT('',(342.706071410428,-81.1349999999985,1.4999999999999));
#10449=CARTESIAN_POINT('',(302.265000000001,-62.0849999999996,1.4999999999999));
#10450=CARTESIAN_POINT('',(302.265000000001,-76.0649999999997,1.4999999999999));
#10451=CARTESIAN_POINT('',(302.265000000001,-56.4191874147972,1.4999999999999));
#10452=CARTESIAN_POINT('',(288.285000000001,-76.0649999999997,1.4999999999999));
#10453=CARTESIAN_POINT('',(290.641071410428,-76.0649999999997,1.4999999999999));
#10454=CARTESIAN_POINT('',(288.285000000001,-62.0849999999996,1.4999999999999));
#10455=CARTESIAN_POINT('',(288.285000000001,-63.4091874147972,1.4999999999999));
#10456=CARTESIAN_POINT('',(283.651071410428,-62.0849999999997,1.4999999999999));
#10457=CARTESIAN_POINT('',(245.115,-81.1349999999997,1.4999999999999));
#10458=CARTESIAN_POINT('',(245.115,-95.1149999999997,1.4999999999999));
#10459=CARTESIAN_POINT('',(245.115,-65.9441874147972,1.4999999999999));
#10460=CARTESIAN_POINT('',(231.135,-95.1149999999997,1.4999999999999));
#10461=CARTESIAN_POINT('',(262.066071410427,-95.1149999999997,1.4999999999999));
#10462=CARTESIAN_POINT('',(231.135,-81.1349999999997,1.4999999999999));
#10463=CARTESIAN_POINT('',(231.135,-72.9341874147972,1.4999999999999));
#10464=CARTESIAN_POINT('',(255.076071410427,-81.1349999999997,1.4999999999999));
#10465=CARTESIAN_POINT('',(168.915,-81.1349999999996,1.4999999999999));
#10466=CARTESIAN_POINT('',(168.915,-95.1149999999997,1.4999999999999));
#10467=CARTESIAN_POINT('',(168.915,-65.9441874147971,1.4999999999999));
#10468=CARTESIAN_POINT('',(154.935,-95.1149999999997,1.4999999999999));
#10469=CARTESIAN_POINT('',(223.966071410427,-95.1149999999997,1.4999999999999));
#10470=CARTESIAN_POINT('',(154.935,-81.1349999999996,1.4999999999999));
#10471=CARTESIAN_POINT('',(154.935,-72.9341874147972,1.4999999999999));
#10472=CARTESIAN_POINT('',(216.976071410427,-81.1349999999997,1.4999999999999));
#10473=CARTESIAN_POINT('',(187.965,-62.0849999999996,1.4999999999999));
#10474=CARTESIAN_POINT('',(187.965,-76.0649999999996,1.4999999999999));
#10475=CARTESIAN_POINT('',(187.965,-56.4191874147971,1.4999999999999));
#10476=CARTESIAN_POINT('',(173.985,-76.0649999999996,1.4999999999999));
#10477=CARTESIAN_POINT('',(233.491071410428,-76.0649999999997,1.4999999999999));
#10478=CARTESIAN_POINT('',(173.985,-62.0849999999996,1.4999999999999));
#10479=CARTESIAN_POINT('',(173.985,-63.4091874147971,1.4999999999999));
#10480=CARTESIAN_POINT('',(226.501071410427,-62.0849999999997,1.4999999999999));
#10481=CARTESIAN_POINT('Origin',(109.472134767905,9.58662770390534,1.4999999999999));
#10482=CARTESIAN_POINT('',(102.472134767905,9.58662770390536,-9.54791801177635E-14));
#10483=CARTESIAN_POINT('',(194.24463879438,9.58662770390532,-9.54791801177635E-14));
#10484=CARTESIAN_POINT('',(102.472134767905,9.58662770390534,1.4999999999999));
#10485=CARTESIAN_POINT('Origin',(109.472134767905,9.58662770390534,1.4999999999999));
#10486=CARTESIAN_POINT('',(455.562150873805,9.5866277039053,-9.54791801177635E-14));
#10487=CARTESIAN_POINT('',(455.562150873805,9.5866277039053,1.4999999999999));
#10488=CARTESIAN_POINT('',(194.24463879438,9.58662770390532,-9.54791801177635E-14));
#10489=CARTESIAN_POINT('Origin',(126.36,-76.0649999999997,6.30999999999984));
#10490=CARTESIAN_POINT('',(126.36,-76.0649999999997,-9.54791801177635E-14));
#10491=CARTESIAN_POINT('',(126.36,-76.0649999999997,6.30999999999984));
#10492=CARTESIAN_POINT('',(126.36,-62.0849999999997,-9.54791801177635E-14));
#10493=CARTESIAN_POINT('',(126.36,-63.4091874147972,-9.54791801177635E-14));
#10494=CARTESIAN_POINT('',(126.36,-62.0849999999997,6.30999999999983));
#10495=CARTESIAN_POINT('Origin',(126.36,-62.0849999999997,6.30999999999983));
#10496=CARTESIAN_POINT('',(140.34,-62.0849999999997,-9.54791801177635E-14));
#10497=CARTESIAN_POINT('',(202.688571410427,-62.0849999999997,-9.54791801177635E-14));
#10498=CARTESIAN_POINT('',(140.34,-62.0849999999997,6.30999999999984));
#10499=CARTESIAN_POINT('Origin',(140.34,-62.0849999999997,6.30999999999984));
#10500=CARTESIAN_POINT('',(140.34,-76.0649999999997,-9.54791801177635E-14));
#10501=CARTESIAN_POINT('',(140.34,-56.4191874147971,-9.54791801177635E-14));
#10502=CARTESIAN_POINT('',(140.34,-76.0649999999997,6.30999999999985));
#10503=CARTESIAN_POINT('Origin',(140.34,-76.0649999999997,6.30999999999985));
#10504=CARTESIAN_POINT('',(209.678571410427,-76.0649999999997,-9.54791801177635E-14));
#10505=CARTESIAN_POINT('Origin',(193.035,-76.0649999999996,6.30999999999978));
#10506=CARTESIAN_POINT('',(193.035,-76.0649999999996,-9.49240686054509E-14));
#10507=CARTESIAN_POINT('',(193.035,-76.0649999999996,6.30999999999978));
#10508=CARTESIAN_POINT('',(193.035,-62.0849999999996,-9.54791801177635E-14));
#10509=CARTESIAN_POINT('',(193.035,-63.4091874147971,-9.54791801177635E-14));
#10510=CARTESIAN_POINT('',(193.035,-62.0849999999996,6.30999999999977));
#10511=CARTESIAN_POINT('Origin',(193.035,-62.0849999999996,6.30999999999977));
#10512=CARTESIAN_POINT('',(207.015,-62.0849999999996,-9.54791801177635E-14));
#10513=CARTESIAN_POINT('',(236.026071410428,-62.0849999999997,-9.54791801177635E-14));
#10514=CARTESIAN_POINT('',(207.015,-62.0849999999996,6.30999999999978));
#10515=CARTESIAN_POINT('Origin',(207.015,-62.0849999999996,6.30999999999978));
#10516=CARTESIAN_POINT('',(207.015,-76.0649999999996,-9.49240686054509E-14));
#10517=CARTESIAN_POINT('',(207.015,-56.4191874147971,-9.54791801177635E-14));
#10518=CARTESIAN_POINT('',(207.015,-76.0649999999996,6.30999999999979));
#10519=CARTESIAN_POINT('Origin',(207.015,-76.0649999999996,6.30999999999979));
#10520=CARTESIAN_POINT('',(243.016071410428,-76.0649999999997,-9.54791801177635E-14));
#10521=CARTESIAN_POINT('Origin',(250.185000000001,-76.0649999999997,6.30999999999978));
#10522=CARTESIAN_POINT('',(250.185000000001,-76.0649999999997,-9.54791801177635E-14));
#10523=CARTESIAN_POINT('',(250.185000000001,-76.0649999999997,6.30999999999978));
#10524=CARTESIAN_POINT('',(250.185000000001,-62.0849999999996,-9.49240686054509E-14));
#10525=CARTESIAN_POINT('',(250.185000000001,-63.4091874147972,-9.54791801177635E-14));
#10526=CARTESIAN_POINT('',(250.185000000001,-62.0849999999996,6.30999999999977));
#10527=CARTESIAN_POINT('Origin',(250.185000000001,-62.0849999999996,6.30999999999977));
#10528=CARTESIAN_POINT('',(264.165000000001,-62.0849999999996,-9.6034291630076E-14));
#10529=CARTESIAN_POINT('',(264.601071410428,-62.0849999999997,-9.54791801177635E-14));
#10530=CARTESIAN_POINT('',(264.165000000001,-62.0849999999996,6.30999999999979));
#10531=CARTESIAN_POINT('Origin',(264.165000000001,-62.0849999999996,6.30999999999979));
#10532=CARTESIAN_POINT('',(264.165000000001,-76.0649999999997,-9.54791801177635E-14));
#10533=CARTESIAN_POINT('',(264.165000000001,-56.4191874147972,-9.54791801177635E-14));
#10534=CARTESIAN_POINT('',(264.165000000001,-76.0649999999997,6.30999999999979));
#10535=CARTESIAN_POINT('Origin',(264.165000000001,-76.0649999999997,6.30999999999979));
#10536=CARTESIAN_POINT('',(271.591071410428,-76.0649999999997,-9.54791801177635E-14));
#10537=CARTESIAN_POINT('Origin',(307.335000000001,-76.0649999999997,6.30999999999978));
#10538=CARTESIAN_POINT('',(307.335000000001,-76.0649999999997,-9.54791801177635E-14));
#10539=CARTESIAN_POINT('',(307.335000000001,-76.0649999999997,6.30999999999978));
#10540=CARTESIAN_POINT('',(307.335000000001,-62.0849999999996,-9.54791801177635E-14));
#10541=CARTESIAN_POINT('',(307.335000000001,-63.4091874147972,-9.54791801177635E-14));
#10542=CARTESIAN_POINT('',(307.335000000001,-62.0849999999996,6.30999999999978));
#10543=CARTESIAN_POINT('Origin',(307.335000000001,-62.0849999999996,6.30999999999978));
#10544=CARTESIAN_POINT('',(321.315000000001,-62.0849999999996,-9.54791801177635E-14));
#10545=CARTESIAN_POINT('',(293.176071410428,-62.0849999999997,-9.54791801177635E-14));
#10546=CARTESIAN_POINT('',(321.315000000001,-62.0849999999996,6.30999999999979));
#10547=CARTESIAN_POINT('Origin',(321.315000000001,-62.0849999999996,6.30999999999979));
#10548=CARTESIAN_POINT('',(321.315000000001,-76.0649999999997,-9.54791801177635E-14));
#10549=CARTESIAN_POINT('',(321.315000000001,-56.4191874147972,-9.54791801177635E-14));
#10550=CARTESIAN_POINT('',(321.315000000001,-76.0649999999997,6.3099999999998));
#10551=CARTESIAN_POINT('Origin',(321.315000000001,-76.0649999999997,6.3099999999998));
#10552=CARTESIAN_POINT('',(300.166071410428,-76.0649999999997,-9.54791801177635E-14));
#10553=CARTESIAN_POINT('Origin',(387.345,-95.1149999999985,6.30999999999979));
#10554=CARTESIAN_POINT('',(387.345,-95.1149999999985,-9.54791801177635E-14));
#10555=CARTESIAN_POINT('',(387.345,-95.1149999999985,6.30999999999979));
#10556=CARTESIAN_POINT('',(387.345,-81.1349999999985,-9.49240686054509E-14));
#10557=CARTESIAN_POINT('',(387.345,-72.9341874147966,-9.54791801177635E-14));
#10558=CARTESIAN_POINT('',(387.345,-81.1349999999985,6.30999999999978));
#10559=CARTESIAN_POINT('Origin',(387.345,-81.1349999999985,6.30999999999978));
#10560=CARTESIAN_POINT('',(401.325,-81.1349999999985,-9.54791801177635E-14));
#10561=CARTESIAN_POINT('',(333.181071410427,-81.1349999999985,-9.54791801177635E-14));
#10562=CARTESIAN_POINT('',(401.325,-81.1349999999985,6.3099999999998));
#10563=CARTESIAN_POINT('Origin',(401.325,-81.1349999999985,6.3099999999998));
#10564=CARTESIAN_POINT('',(401.325,-95.1149999999985,-9.54791801177635E-14));
#10565=CARTESIAN_POINT('',(401.325,-65.9441874147966,-9.54791801177635E-14));
#10566=CARTESIAN_POINT('',(401.325,-95.1149999999985,6.3099999999998));
#10567=CARTESIAN_POINT('Origin',(401.325,-95.1149999999985,6.3099999999998));
#10568=CARTESIAN_POINT('',(340.171071410427,-95.1149999999985,-9.54791801177635E-14));
#10569=CARTESIAN_POINT('Origin',(326.385,-76.0649999999997,6.30999999999978));
#10570=CARTESIAN_POINT('',(326.385,-76.0649999999997,-9.54791801177635E-14));
#10571=CARTESIAN_POINT('',(326.385,-76.0649999999997,6.30999999999978));
#10572=CARTESIAN_POINT('',(326.385,-62.0849999999996,-9.6034291630076E-14));
#10573=CARTESIAN_POINT('',(326.385,-63.4091874147972,-9.54791801177635E-14));
#10574=CARTESIAN_POINT('',(326.385,-62.0849999999996,6.30999999999978));
#10575=CARTESIAN_POINT('Origin',(326.385,-62.0849999999996,6.30999999999978));
#10576=CARTESIAN_POINT('',(340.365,-62.0849999999996,-9.49240686054509E-14));
#10577=CARTESIAN_POINT('',(302.701071410428,-62.0849999999997,-9.54791801177635E-14));
#10578=CARTESIAN_POINT('',(340.365,-62.0849999999996,6.30999999999979));
#10579=CARTESIAN_POINT('Origin',(340.365,-62.0849999999996,6.30999999999979));
#10580=CARTESIAN_POINT('',(340.365,-76.0649999999997,-9.54791801177635E-14));
#10581=CARTESIAN_POINT('',(340.365,-56.4191874147972,-9.54791801177635E-14));
#10582=CARTESIAN_POINT('',(340.365,-76.0649999999997,6.3099999999998));
#10583=CARTESIAN_POINT('Origin',(340.365,-76.0649999999997,6.3099999999998));
#10584=CARTESIAN_POINT('',(309.691071410428,-76.0649999999997,-9.54791801177635E-14));
#10585=CARTESIAN_POINT('Origin',(307.335,-57.0149999999997,6.30999999999984));
#10586=CARTESIAN_POINT('',(307.335,-57.0149999999997,-9.6034291630076E-14));
#10587=CARTESIAN_POINT('',(307.335,-57.0149999999997,6.30999999999984));
#10588=CARTESIAN_POINT('',(307.335,-43.0349999999997,-9.54791801177635E-14));
#10589=CARTESIAN_POINT('',(307.335,-53.8841874147972,-9.54791801177635E-14));
#10590=CARTESIAN_POINT('',(307.335,-43.0349999999997,6.30999999999983));
#10591=CARTESIAN_POINT('Origin',(307.335,-43.0349999999997,6.30999999999983));
#10592=CARTESIAN_POINT('',(321.315,-43.0349999999997,-9.54791801177635E-14));
#10593=CARTESIAN_POINT('',(293.176071410427,-43.0349999999997,-9.54791801177635E-14));
#10594=CARTESIAN_POINT('',(321.315,-43.0349999999997,6.30999999999984));
#10595=CARTESIAN_POINT('Origin',(321.315,-43.0349999999997,6.30999999999984));
#10596=CARTESIAN_POINT('',(321.315,-57.0149999999997,-9.6034291630076E-14));
#10597=CARTESIAN_POINT('',(321.315,-46.8941874147972,-9.54791801177635E-14));
#10598=CARTESIAN_POINT('',(321.315,-57.0149999999997,6.30999999999985));
#10599=CARTESIAN_POINT('Origin',(321.315,-57.0149999999997,6.30999999999985));
#10600=CARTESIAN_POINT('',(300.166071410427,-57.0149999999997,-9.54791801177635E-14));
#10601=CARTESIAN_POINT('Origin',(231.135,-57.0149999999997,6.30999999999983));
#10602=CARTESIAN_POINT('',(231.135,-57.0149999999997,-9.54791801177635E-14));
#10603=CARTESIAN_POINT('',(231.135,-57.0149999999997,6.30999999999983));
#10604=CARTESIAN_POINT('',(231.135,-43.0349999999997,-9.54791801177635E-14));
#10605=CARTESIAN_POINT('',(231.135,-53.8841874147972,-9.54791801177635E-14));
#10606=CARTESIAN_POINT('',(231.135,-43.0349999999997,6.30999999999982));
#10607=CARTESIAN_POINT('Origin',(231.135,-43.0349999999997,6.30999999999982));
#10608=CARTESIAN_POINT('',(245.115,-43.0349999999997,-9.54791801177635E-14));
#10609=CARTESIAN_POINT('',(255.076071410427,-43.0349999999997,-9.54791801177635E-14));
#10610=CARTESIAN_POINT('',(245.115,-43.0349999999997,6.30999999999984));
#10611=CARTESIAN_POINT('Origin',(245.115,-43.0349999999997,6.30999999999984));
#10612=CARTESIAN_POINT('',(245.115,-57.0149999999997,-9.54791801177635E-14));
#10613=CARTESIAN_POINT('',(245.115,-46.8941874147972,-9.54791801177635E-14));
#10614=CARTESIAN_POINT('',(245.115,-57.0149999999997,6.30999999999984));
#10615=CARTESIAN_POINT('Origin',(245.115,-57.0149999999997,6.30999999999984));
#10616=CARTESIAN_POINT('',(262.066071410427,-57.0149999999997,-9.54791801177635E-14));
#10617=CARTESIAN_POINT('Origin',(154.934999999999,-57.0149999999997,6.30999999999983));
#10618=CARTESIAN_POINT('',(154.934999999999,-57.0149999999997,-9.54791801177635E-14));
#10619=CARTESIAN_POINT('',(154.934999999999,-57.0149999999997,6.30999999999983));
#10620=CARTESIAN_POINT('',(154.934999999999,-43.0349999999997,-9.54791801177635E-14));
#10621=CARTESIAN_POINT('',(154.934999999999,-53.8841874147972,-9.54791801177635E-14));
#10622=CARTESIAN_POINT('',(154.934999999999,-43.0349999999997,6.30999999999982));
#10623=CARTESIAN_POINT('Origin',(154.934999999999,-43.0349999999997,6.30999999999982));
#10624=CARTESIAN_POINT('',(168.915,-43.0349999999997,-9.54791801177635E-14));
#10625=CARTESIAN_POINT('',(216.976071410427,-43.0349999999997,-9.54791801177635E-14));
#10626=CARTESIAN_POINT('',(168.915,-43.0349999999997,6.30999999999983));
#10627=CARTESIAN_POINT('Origin',(168.915,-43.0349999999997,6.30999999999983));
#10628=CARTESIAN_POINT('',(168.915,-57.0149999999997,-9.54791801177635E-14));
#10629=CARTESIAN_POINT('',(168.915,-46.8941874147972,-9.54791801177635E-14));
#10630=CARTESIAN_POINT('',(168.915,-57.0149999999997,6.30999999999984));
#10631=CARTESIAN_POINT('Origin',(168.915,-57.0149999999997,6.30999999999984));
#10632=CARTESIAN_POINT('',(223.966071410427,-57.0149999999997,-9.54791801177635E-14));
#10633=CARTESIAN_POINT('Origin',(135.885,-37.9649999999998,6.30999999999982));
#10634=CARTESIAN_POINT('',(135.885,-37.9649999999998,-9.54791801177635E-14));
#10635=CARTESIAN_POINT('',(135.885,-37.9649999999998,6.30999999999982));
#10636=CARTESIAN_POINT('',(135.885,-23.9849999999998,-9.6034291630076E-14));
#10637=CARTESIAN_POINT('',(135.885,-44.3591874147972,-9.54791801177635E-14));
#10638=CARTESIAN_POINT('',(135.885,-23.9849999999998,6.30999999999981));
#10639=CARTESIAN_POINT('Origin',(135.885,-23.9849999999998,6.30999999999981));
#10640=CARTESIAN_POINT('',(149.865,-23.9849999999998,-9.49240686054509E-14));
#10641=CARTESIAN_POINT('',(207.451071410427,-23.9849999999998,-9.54791801177635E-14));
#10642=CARTESIAN_POINT('',(149.865,-23.9849999999998,6.30999999999982));
#10643=CARTESIAN_POINT('Origin',(149.865,-23.9849999999998,6.30999999999982));
#10644=CARTESIAN_POINT('',(149.865,-37.9649999999998,-9.54791801177635E-14));
#10645=CARTESIAN_POINT('',(149.865,-37.3691874147972,-9.54791801177635E-14));
#10646=CARTESIAN_POINT('',(149.865,-37.9649999999998,6.30999999999983));
#10647=CARTESIAN_POINT('Origin',(149.865,-37.9649999999998,6.30999999999983));
#10648=CARTESIAN_POINT('',(214.441071410427,-37.9649999999999,-9.54791801177635E-14));
#10649=CARTESIAN_POINT('Origin',(212.085,-37.9649999999998,6.30999999999983));
#10650=CARTESIAN_POINT('',(212.085,-37.9649999999998,-9.54791801177635E-14));
#10651=CARTESIAN_POINT('',(212.085,-37.9649999999998,6.30999999999983));
#10652=CARTESIAN_POINT('',(212.085,-23.9849999999998,-9.6034291630076E-14));
#10653=CARTESIAN_POINT('',(212.085,-44.3591874147972,-9.54791801177635E-14));
#10654=CARTESIAN_POINT('',(212.085,-23.9849999999998,6.30999999999982));
#10655=CARTESIAN_POINT('Origin',(212.085,-23.9849999999998,6.30999999999982));
#10656=CARTESIAN_POINT('',(226.065,-23.9849999999998,-9.49240686054509E-14));
#10657=CARTESIAN_POINT('',(245.551071410427,-23.9849999999998,-9.54791801177635E-14));
#10658=CARTESIAN_POINT('',(226.065,-23.9849999999998,6.30999999999983));
#10659=CARTESIAN_POINT('Origin',(226.065,-23.9849999999998,6.30999999999983));
#10660=CARTESIAN_POINT('',(226.065,-37.9649999999999,-9.54791801177635E-14));
#10661=CARTESIAN_POINT('',(226.065,-37.3691874147973,-9.54791801177635E-14));
#10662=CARTESIAN_POINT('',(226.065,-37.9649999999999,6.30999999999984));
#10663=CARTESIAN_POINT('Origin',(226.065,-37.9649999999999,6.30999999999984));
#10664=CARTESIAN_POINT('',(252.541071410427,-37.9649999999999,-9.54791801177635E-14));
#10665=CARTESIAN_POINT('Origin',(288.285,-37.9649999999999,6.30999999999983));
#10666=CARTESIAN_POINT('',(288.285,-37.9649999999999,-9.54791801177635E-14));
#10667=CARTESIAN_POINT('',(288.285,-37.9649999999999,6.30999999999983));
#10668=CARTESIAN_POINT('',(288.285,-23.9849999999998,-9.6034291630076E-14));
#10669=CARTESIAN_POINT('',(288.285,-44.3591874147973,-9.54791801177635E-14));
#10670=CARTESIAN_POINT('',(288.285,-23.9849999999998,6.30999999999982));
#10671=CARTESIAN_POINT('Origin',(288.285,-23.9849999999998,6.30999999999982));
#10672=CARTESIAN_POINT('',(302.265,-23.9849999999998,-9.54791801177635E-14));
#10673=CARTESIAN_POINT('',(283.651071410427,-23.9849999999998,-9.54791801177635E-14));
#10674=CARTESIAN_POINT('',(302.265,-23.9849999999998,6.30999999999984));
#10675=CARTESIAN_POINT('Origin',(302.265,-23.9849999999998,6.30999999999984));
#10676=CARTESIAN_POINT('',(302.265,-37.9649999999999,-9.54791801177635E-14));
#10677=CARTESIAN_POINT('',(302.265,-37.3691874147973,-9.54791801177635E-14));
#10678=CARTESIAN_POINT('',(302.265,-37.9649999999999,6.30999999999984));
#10679=CARTESIAN_POINT('Origin',(302.265,-37.9649999999999,6.30999999999984));
#10680=CARTESIAN_POINT('',(290.641071410428,-37.9649999999999,-9.54791801177635E-14));
#10681=CARTESIAN_POINT('Origin',(364.485,-37.9649999999999,6.30999999999984));
#10682=CARTESIAN_POINT('',(364.485,-37.9649999999999,-9.54791801177635E-14));
#10683=CARTESIAN_POINT('',(364.485,-37.9649999999999,6.30999999999984));
#10684=CARTESIAN_POINT('',(364.485,-23.9849999999999,-9.54791801177635E-14));
#10685=CARTESIAN_POINT('',(364.485,-44.3591874147973,-9.54791801177635E-14));
#10686=CARTESIAN_POINT('',(364.485,-23.9849999999999,6.30999999999983));
#10687=CARTESIAN_POINT('Origin',(364.485,-23.9849999999999,6.30999999999983));
#10688=CARTESIAN_POINT('',(378.465,-23.9849999999999,-9.54791801177635E-14));
#10689=CARTESIAN_POINT('',(321.751071410428,-23.9849999999999,-9.54791801177635E-14));
#10690=CARTESIAN_POINT('',(378.465,-23.9849999999999,6.30999999999984));
#10691=CARTESIAN_POINT('Origin',(378.465,-23.9849999999999,6.30999999999984));
#10692=CARTESIAN_POINT('',(378.465,-37.9649999999999,-9.54791801177635E-14));
#10693=CARTESIAN_POINT('',(378.465,-37.3691874147973,-9.54791801177635E-14));
#10694=CARTESIAN_POINT('',(378.465,-37.9649999999999,6.30999999999985));
#10695=CARTESIAN_POINT('Origin',(378.465,-37.9649999999999,6.30999999999985));
#10696=CARTESIAN_POINT('',(328.741071410427,-37.9649999999999,-9.54791801177635E-14));
#10697=CARTESIAN_POINT('Origin',(307.335,-18.9150000000003,6.30999999999989));
#10698=CARTESIAN_POINT('',(307.335,-18.9150000000003,-9.54791801177635E-14));
#10699=CARTESIAN_POINT('',(307.335,-18.9150000000003,6.30999999999989));
#10700=CARTESIAN_POINT('',(307.335,-4.93500000000024,-9.54791801177635E-14));
#10701=CARTESIAN_POINT('',(307.335,-34.8341874147975,-9.54791801177635E-14));
#10702=CARTESIAN_POINT('',(307.335,-4.93500000000024,6.30999999999988));
#10703=CARTESIAN_POINT('Origin',(307.335,-4.93500000000024,6.30999999999988));
#10704=CARTESIAN_POINT('',(321.315,-4.93500000000026,-9.54791801177635E-14));
#10705=CARTESIAN_POINT('',(293.176071410428,-4.93500000000024,-9.54791801177635E-14));
#10706=CARTESIAN_POINT('',(321.315,-4.93500000000026,6.30999999999989));
#10707=CARTESIAN_POINT('Origin',(321.315,-4.93500000000026,6.30999999999989));
#10708=CARTESIAN_POINT('',(321.315,-18.9150000000003,-9.54791801177635E-14));
#10709=CARTESIAN_POINT('',(321.315,-27.8441874147975,-9.54791801177635E-14));
#10710=CARTESIAN_POINT('',(321.315,-18.9150000000003,6.3099999999999));
#10711=CARTESIAN_POINT('Origin',(321.315,-18.9150000000003,6.3099999999999));
#10712=CARTESIAN_POINT('',(300.166071410428,-18.9150000000003,-9.54791801177635E-14));
#10713=CARTESIAN_POINT('Origin',(231.135,-18.9150000000003,6.30999999999988));
#10714=CARTESIAN_POINT('',(231.135,-18.9150000000003,-9.54791801177635E-14));
#10715=CARTESIAN_POINT('',(231.135,-18.9150000000003,6.30999999999988));
#10716=CARTESIAN_POINT('',(231.135,-4.93500000000024,-9.54791801177635E-14));
#10717=CARTESIAN_POINT('',(231.135,-34.8341874147975,-9.54791801177635E-14));
#10718=CARTESIAN_POINT('',(231.135,-4.93500000000024,6.30999999999987));
#10719=CARTESIAN_POINT('Origin',(231.135,-4.93500000000024,6.30999999999987));
#10720=CARTESIAN_POINT('',(245.115,-4.93500000000024,-9.54791801177635E-14));
#10721=CARTESIAN_POINT('',(255.076071410428,-4.93500000000024,-9.54791801177635E-14));
#10722=CARTESIAN_POINT('',(245.115,-4.93500000000024,6.30999999999989));
#10723=CARTESIAN_POINT('Origin',(245.115,-4.93500000000024,6.30999999999989));
#10724=CARTESIAN_POINT('',(245.115,-18.9150000000003,-9.54791801177635E-14));
#10725=CARTESIAN_POINT('',(245.115,-27.8441874147975,-9.54791801177635E-14));
#10726=CARTESIAN_POINT('',(245.115,-18.9150000000003,6.30999999999989));
#10727=CARTESIAN_POINT('Origin',(245.115,-18.9150000000003,6.30999999999989));
#10728=CARTESIAN_POINT('',(262.066071410428,-18.9150000000003,-9.54791801177635E-14));
#10729=CARTESIAN_POINT('Origin',(154.935,-18.9150000000003,6.30999999999988));
#10730=CARTESIAN_POINT('',(154.935,-18.9150000000003,-9.54791801177635E-14));
#10731=CARTESIAN_POINT('',(154.935,-18.9150000000003,6.30999999999988));
#10732=CARTESIAN_POINT('',(154.935,-4.93500000000024,-9.49240686054509E-14));
#10733=CARTESIAN_POINT('',(154.935,-34.8341874147975,-9.54791801177635E-14));
#10734=CARTESIAN_POINT('',(154.935,-4.93500000000024,6.30999999999987));
#10735=CARTESIAN_POINT('Origin',(154.935,-4.93500000000024,6.30999999999987));
#10736=CARTESIAN_POINT('',(168.915,-4.93500000000024,-9.54791801177635E-14));
#10737=CARTESIAN_POINT('',(216.976071410428,-4.93500000000024,-9.54791801177635E-14));
#10738=CARTESIAN_POINT('',(168.915,-4.93500000000024,6.30999999999988));
#10739=CARTESIAN_POINT('Origin',(168.915,-4.93500000000024,6.30999999999988));
#10740=CARTESIAN_POINT('',(168.915,-18.9150000000003,-9.54791801177635E-14));
#10741=CARTESIAN_POINT('',(168.915,-27.8441874147974,-9.54791801177635E-14));
#10742=CARTESIAN_POINT('',(168.915,-18.9150000000003,6.30999999999989));
#10743=CARTESIAN_POINT('Origin',(168.915,-18.9150000000003,6.30999999999989));
#10744=CARTESIAN_POINT('',(223.966071410428,-18.9150000000003,-9.54791801177635E-14));
#10745=CARTESIAN_POINT('Origin',(135.885,-18.9150000000003,6.30999999999988));
#10746=CARTESIAN_POINT('',(135.885,-18.9150000000003,-9.54791801177635E-14));
#10747=CARTESIAN_POINT('',(135.885,-18.9150000000003,6.30999999999988));
#10748=CARTESIAN_POINT('',(135.885,-4.93500000000024,-9.54791801177635E-14));
#10749=CARTESIAN_POINT('',(135.885,-34.8341874147975,-9.54791801177635E-14));
#10750=CARTESIAN_POINT('',(135.885,-4.93500000000024,6.30999999999987));
#10751=CARTESIAN_POINT('Origin',(135.885,-4.93500000000024,6.30999999999987));
#10752=CARTESIAN_POINT('',(149.865,-4.93500000000024,-9.54791801177635E-14));
#10753=CARTESIAN_POINT('',(207.451071410428,-4.93500000000024,-9.54791801177635E-14));
#10754=CARTESIAN_POINT('',(149.865,-4.93500000000024,6.30999999999988));
#10755=CARTESIAN_POINT('Origin',(149.865,-4.93500000000024,6.30999999999988));
#10756=CARTESIAN_POINT('',(149.865,-18.9150000000003,-9.54791801177635E-14));
#10757=CARTESIAN_POINT('',(149.865,-27.8441874147974,-9.54791801177635E-14));
#10758=CARTESIAN_POINT('',(149.865,-18.9150000000003,6.30999999999989));
#10759=CARTESIAN_POINT('Origin',(149.865,-18.9150000000003,6.30999999999989));
#10760=CARTESIAN_POINT('',(214.441071410427,-18.9150000000003,-9.54791801177635E-14));
#10761=CARTESIAN_POINT('Origin',(212.085,-18.9150000000003,6.30999999999988));
#10762=CARTESIAN_POINT('',(212.085,-18.9150000000003,-9.54791801177635E-14));
#10763=CARTESIAN_POINT('',(212.085,-18.9150000000003,6.30999999999988));
#10764=CARTESIAN_POINT('',(212.085,-4.93500000000024,-9.54791801177635E-14));
#10765=CARTESIAN_POINT('',(212.085,-34.8341874147975,-9.54791801177635E-14));
#10766=CARTESIAN_POINT('',(212.085,-4.93500000000024,6.30999999999987));
#10767=CARTESIAN_POINT('Origin',(212.085,-4.93500000000024,6.30999999999987));
#10768=CARTESIAN_POINT('',(226.065,-4.93500000000024,-9.54791801177635E-14));
#10769=CARTESIAN_POINT('',(245.551071410428,-4.93500000000024,-9.54791801177635E-14));
#10770=CARTESIAN_POINT('',(226.065,-4.93500000000024,6.30999999999988));
#10771=CARTESIAN_POINT('Origin',(226.065,-4.93500000000024,6.30999999999988));
#10772=CARTESIAN_POINT('',(226.065,-18.9150000000003,-9.49240686054509E-14));
#10773=CARTESIAN_POINT('',(226.065,-27.8441874147975,-9.54791801177635E-14));
#10774=CARTESIAN_POINT('',(226.065,-18.9150000000003,6.30999999999989));
#10775=CARTESIAN_POINT('Origin',(226.065,-18.9150000000003,6.30999999999989));
#10776=CARTESIAN_POINT('',(252.541071410428,-18.9150000000003,-9.54791801177635E-14));
#10777=CARTESIAN_POINT('Origin',(288.285,-18.9150000000003,6.30999999999989));
#10778=CARTESIAN_POINT('',(288.285,-18.9150000000003,-9.49240686054509E-14));
#10779=CARTESIAN_POINT('',(288.285,-18.9150000000003,6.30999999999989));
#10780=CARTESIAN_POINT('',(288.285,-4.93500000000024,-9.54791801177635E-14));
#10781=CARTESIAN_POINT('',(288.285,-34.8341874147975,-9.54791801177635E-14));
#10782=CARTESIAN_POINT('',(288.285,-4.93500000000024,6.30999999999988));
#10783=CARTESIAN_POINT('Origin',(288.285,-4.93500000000024,6.30999999999988));
#10784=CARTESIAN_POINT('',(302.265,-4.93500000000024,-9.54791801177635E-14));
#10785=CARTESIAN_POINT('',(283.651071410428,-4.93500000000024,-9.54791801177635E-14));
#10786=CARTESIAN_POINT('',(302.265,-4.93500000000024,6.30999999999989));
#10787=CARTESIAN_POINT('Origin',(302.265,-4.93500000000024,6.30999999999989));
#10788=CARTESIAN_POINT('',(302.265,-18.9150000000003,-9.49240686054509E-14));
#10789=CARTESIAN_POINT('',(302.265,-27.8441874147975,-9.54791801177635E-14));
#10790=CARTESIAN_POINT('',(302.265,-18.9150000000003,6.3099999999999));
#10791=CARTESIAN_POINT('Origin',(302.265,-18.9150000000003,6.3099999999999));
#10792=CARTESIAN_POINT('',(290.641071410428,-18.9150000000003,-9.54791801177635E-14));
#10793=CARTESIAN_POINT('Origin',(364.485,-18.9150000000003,6.30999999999989));
#10794=CARTESIAN_POINT('',(364.485,-18.9150000000003,-9.6034291630076E-14));
#10795=CARTESIAN_POINT('',(364.485,-18.9150000000003,6.30999999999989));
#10796=CARTESIAN_POINT('',(364.485,-4.93500000000026,-9.54791801177635E-14));
#10797=CARTESIAN_POINT('',(364.485,-34.8341874147975,-9.54791801177635E-14));
#10798=CARTESIAN_POINT('',(364.485,-4.93500000000026,6.30999999999988));
#10799=CARTESIAN_POINT('Origin',(364.485,-4.93500000000026,6.30999999999988));
#10800=CARTESIAN_POINT('',(378.465,-4.93500000000026,-9.54791801177635E-14));
#10801=CARTESIAN_POINT('',(321.751071410428,-4.93500000000026,-9.54791801177635E-14));
#10802=CARTESIAN_POINT('',(378.465,-4.93500000000026,6.30999999999989));
#10803=CARTESIAN_POINT('Origin',(378.465,-4.93500000000026,6.30999999999989));
#10804=CARTESIAN_POINT('',(378.465,-18.9150000000003,-9.54791801177635E-14));
#10805=CARTESIAN_POINT('',(378.465,-27.8441874147975,-9.54791801177635E-14));
#10806=CARTESIAN_POINT('',(378.465,-18.9150000000003,6.3099999999999));
#10807=CARTESIAN_POINT('Origin',(378.465,-18.9150000000003,6.3099999999999));
#10808=CARTESIAN_POINT('',(328.741071410427,-18.9150000000003,-9.54791801177635E-14));
#10809=CARTESIAN_POINT('Origin',(307.335,-37.9649999999999,6.30999999999983));
#10810=CARTESIAN_POINT('',(307.335,-37.9649999999999,-9.54791801177635E-14));
#10811=CARTESIAN_POINT('',(307.335,-37.9649999999999,6.30999999999983));
#10812=CARTESIAN_POINT('',(307.335,-23.9849999999998,-9.6034291630076E-14));
#10813=CARTESIAN_POINT('',(307.335,-44.3591874147973,-9.54791801177635E-14));
#10814=CARTESIAN_POINT('',(307.335,-23.9849999999998,6.30999999999982));
#10815=CARTESIAN_POINT('Origin',(307.335,-23.9849999999998,6.30999999999982));
#10816=CARTESIAN_POINT('',(321.315,-23.9849999999998,-9.49240686054509E-14));
#10817=CARTESIAN_POINT('',(293.176071410427,-23.9849999999998,-9.54791801177635E-14));
#10818=CARTESIAN_POINT('',(321.315,-23.9849999999998,6.30999999999984));
#10819=CARTESIAN_POINT('Origin',(321.315,-23.9849999999998,6.30999999999984));
#10820=CARTESIAN_POINT('',(321.315,-37.9649999999999,-9.54791801177635E-14));
#10821=CARTESIAN_POINT('',(321.315,-37.3691874147973,-9.54791801177635E-14));
#10822=CARTESIAN_POINT('',(321.315,-37.9649999999999,6.30999999999984));
#10823=CARTESIAN_POINT('Origin',(321.315,-37.9649999999999,6.30999999999984));
#10824=CARTESIAN_POINT('',(300.166071410427,-37.9649999999999,-9.54791801177635E-14));
#10825=CARTESIAN_POINT('Origin',(231.135,-37.9649999999999,6.30999999999983));
#10826=CARTESIAN_POINT('',(231.135,-37.9649999999999,-9.54791801177635E-14));
#10827=CARTESIAN_POINT('',(231.135,-37.9649999999999,6.30999999999983));
#10828=CARTESIAN_POINT('',(231.135,-23.9849999999998,-9.54791801177635E-14));
#10829=CARTESIAN_POINT('',(231.135,-44.3591874147973,-9.54791801177635E-14));
#10830=CARTESIAN_POINT('',(231.135,-23.9849999999998,6.30999999999982));
#10831=CARTESIAN_POINT('Origin',(231.135,-23.9849999999998,6.30999999999982));
#10832=CARTESIAN_POINT('',(245.115,-23.9849999999998,-9.54791801177635E-14));
#10833=CARTESIAN_POINT('',(255.076071410427,-23.9849999999998,-9.54791801177635E-14));
#10834=CARTESIAN_POINT('',(245.115,-23.9849999999998,6.30999999999983));
#10835=CARTESIAN_POINT('Origin',(245.115,-23.9849999999998,6.30999999999983));
#10836=CARTESIAN_POINT('',(245.115,-37.9649999999999,-9.54791801177635E-14));
#10837=CARTESIAN_POINT('',(245.115,-37.3691874147973,-9.54791801177635E-14));
#10838=CARTESIAN_POINT('',(245.115,-37.9649999999999,6.30999999999984));
#10839=CARTESIAN_POINT('Origin',(245.115,-37.9649999999999,6.30999999999984));
#10840=CARTESIAN_POINT('',(262.066071410427,-37.9649999999999,-9.54791801177635E-14));
#10841=CARTESIAN_POINT('Origin',(154.935,-37.9649999999998,6.30999999999982));
#10842=CARTESIAN_POINT('',(154.935,-37.9649999999998,-9.6034291630076E-14));
#10843=CARTESIAN_POINT('',(154.935,-37.9649999999998,6.30999999999982));
#10844=CARTESIAN_POINT('',(154.935,-23.9849999999998,-9.54791801177635E-14));
#10845=CARTESIAN_POINT('',(154.935,-44.3591874147972,-9.54791801177635E-14));
#10846=CARTESIAN_POINT('',(154.935,-23.9849999999998,6.30999999999981));
#10847=CARTESIAN_POINT('Origin',(154.935,-23.9849999999998,6.30999999999981));
#10848=CARTESIAN_POINT('',(168.915,-23.9849999999998,-9.54791801177635E-14));
#10849=CARTESIAN_POINT('',(216.976071410427,-23.9849999999998,-9.54791801177635E-14));
#10850=CARTESIAN_POINT('',(168.915,-23.9849999999998,6.30999999999983));
#10851=CARTESIAN_POINT('Origin',(168.915,-23.9849999999998,6.30999999999983));
#10852=CARTESIAN_POINT('',(168.915,-37.9649999999998,-9.54791801177635E-14));
#10853=CARTESIAN_POINT('',(168.915,-37.3691874147972,-9.54791801177635E-14));
#10854=CARTESIAN_POINT('',(168.915,-37.9649999999998,6.30999999999983));
#10855=CARTESIAN_POINT('Origin',(168.915,-37.9649999999998,6.30999999999984));
#10856=CARTESIAN_POINT('',(223.966071410427,-37.9649999999999,-9.54791801177635E-14));
#10857=CARTESIAN_POINT('Origin',(135.884999999999,-57.0149999999997,6.30999999999982));
#10858=CARTESIAN_POINT('',(135.884999999999,-57.0149999999997,-9.49240686054509E-14));
#10859=CARTESIAN_POINT('',(135.884999999999,-57.0149999999997,6.30999999999982));
#10860=CARTESIAN_POINT('',(135.884999999999,-43.0349999999997,-9.54791801177635E-14));
#10861=CARTESIAN_POINT('',(135.885,-53.8841874147972,-9.54791801177635E-14));
#10862=CARTESIAN_POINT('',(135.884999999999,-43.0349999999997,6.30999999999982));
#10863=CARTESIAN_POINT('Origin',(135.884999999999,-43.0349999999997,6.30999999999982));
#10864=CARTESIAN_POINT('',(149.865,-43.0349999999997,-9.54791801177635E-14));
#10865=CARTESIAN_POINT('',(207.451071410427,-43.0349999999997,-9.54791801177635E-14));
#10866=CARTESIAN_POINT('',(149.865,-43.0349999999997,6.30999999999983));
#10867=CARTESIAN_POINT('Origin',(149.865,-43.0349999999997,6.30999999999983));
#10868=CARTESIAN_POINT('',(149.865,-57.0149999999997,-9.49240686054509E-14));
#10869=CARTESIAN_POINT('',(149.864999999999,-46.8941874147972,-9.54791801177635E-14));
#10870=CARTESIAN_POINT('',(149.865,-57.0149999999997,6.30999999999984));
#10871=CARTESIAN_POINT('Origin',(149.865,-57.0149999999997,6.30999999999984));
#10872=CARTESIAN_POINT('',(214.441071410427,-57.0149999999997,-9.54791801177635E-14));
#10873=CARTESIAN_POINT('Origin',(212.085,-57.0149999999997,6.30999999999983));
#10874=CARTESIAN_POINT('',(212.085,-57.0149999999997,-9.6034291630076E-14));
#10875=CARTESIAN_POINT('',(212.085,-57.0149999999997,6.30999999999983));
#10876=CARTESIAN_POINT('',(212.085,-43.0349999999997,-9.54791801177635E-14));
#10877=CARTESIAN_POINT('',(212.085,-53.8841874147972,-9.54791801177635E-14));
#10878=CARTESIAN_POINT('',(212.085,-43.0349999999997,6.30999999999982));
#10879=CARTESIAN_POINT('Origin',(212.085,-43.0349999999997,6.30999999999982));
#10880=CARTESIAN_POINT('',(226.065,-43.0349999999997,-9.54791801177635E-14));
#10881=CARTESIAN_POINT('',(245.551071410427,-43.0349999999997,-9.54791801177635E-14));
#10882=CARTESIAN_POINT('',(226.065,-43.0349999999997,6.30999999999984));
#10883=CARTESIAN_POINT('Origin',(226.065,-43.0349999999997,6.30999999999984));
#10884=CARTESIAN_POINT('',(226.065,-57.0149999999997,-9.6034291630076E-14));
#10885=CARTESIAN_POINT('',(226.065,-46.8941874147972,-9.54791801177635E-14));
#10886=CARTESIAN_POINT('',(226.065,-57.0149999999997,6.30999999999984));
#10887=CARTESIAN_POINT('Origin',(226.065,-57.0149999999997,6.30999999999984));
#10888=CARTESIAN_POINT('',(252.541071410427,-57.0149999999997,-9.54791801177635E-14));
#10889=CARTESIAN_POINT('Origin',(288.285,-57.0149999999997,6.30999999999984));
#10890=CARTESIAN_POINT('',(288.285,-57.0149999999997,-9.49240686054509E-14));
#10891=CARTESIAN_POINT('',(288.285,-57.0149999999997,6.30999999999984));
#10892=CARTESIAN_POINT('',(288.285,-43.0349999999997,-9.54791801177635E-14));
#10893=CARTESIAN_POINT('',(288.285,-53.8841874147972,-9.54791801177635E-14));
#10894=CARTESIAN_POINT('',(288.285,-43.0349999999997,6.30999999999983));
#10895=CARTESIAN_POINT('Origin',(288.285,-43.0349999999997,6.30999999999983));
#10896=CARTESIAN_POINT('',(302.265,-43.0349999999997,-9.54791801177635E-14));
#10897=CARTESIAN_POINT('',(283.651071410428,-43.0349999999997,-9.54791801177635E-14));
#10898=CARTESIAN_POINT('',(302.265,-43.0349999999997,6.30999999999984));
#10899=CARTESIAN_POINT('Origin',(302.265,-43.0349999999997,6.30999999999984));
#10900=CARTESIAN_POINT('',(302.265,-57.0149999999997,-9.54791801177635E-14));
#10901=CARTESIAN_POINT('',(302.265,-46.8941874147972,-9.54791801177635E-14));
#10902=CARTESIAN_POINT('',(302.265,-57.0149999999997,6.30999999999985));
#10903=CARTESIAN_POINT('Origin',(302.265,-57.0149999999997,6.30999999999985));
#10904=CARTESIAN_POINT('',(290.641071410428,-57.0149999999997,-9.54791801177635E-14));
#10905=CARTESIAN_POINT('Origin',(354.96,-76.0649999999999,6.30999999999983));
#10906=CARTESIAN_POINT('',(354.96,-76.0649999999999,-9.54791801177635E-14));
#10907=CARTESIAN_POINT('',(354.96,-76.0649999999999,6.30999999999983));
#10908=CARTESIAN_POINT('',(354.96,-62.0849999999999,-9.54791801177635E-14));
#10909=CARTESIAN_POINT('',(354.96,-63.4091874147973,-9.54791801177635E-14));
#10910=CARTESIAN_POINT('',(354.96,-62.0849999999999,6.30999999999982));
#10911=CARTESIAN_POINT('Origin',(354.96,-62.0849999999999,6.30999999999982));
#10912=CARTESIAN_POINT('',(368.94,-62.0849999999999,-9.54791801177635E-14));
#10913=CARTESIAN_POINT('',(316.988571410427,-62.0849999999999,-9.54791801177635E-14));
#10914=CARTESIAN_POINT('',(368.94,-62.0849999999999,6.30999999999983));
#10915=CARTESIAN_POINT('Origin',(368.94,-62.0849999999999,6.30999999999983));
#10916=CARTESIAN_POINT('',(368.94,-76.0649999999999,-9.54791801177635E-14));
#10917=CARTESIAN_POINT('',(368.94,-56.4191874147973,-9.54791801177635E-14));
#10918=CARTESIAN_POINT('',(368.94,-76.0649999999999,6.30999999999984));
#10919=CARTESIAN_POINT('Origin',(368.94,-76.0649999999999,6.30999999999984));
#10920=CARTESIAN_POINT('',(323.978571410427,-76.0649999999999,-9.54791801177635E-14));
#10921=CARTESIAN_POINT('Origin',(364.485,-95.1149999999984,6.3099999999998));
#10922=CARTESIAN_POINT('',(364.485,-95.1149999999984,-9.54791801177635E-14));
#10923=CARTESIAN_POINT('',(364.485,-95.1149999999984,6.3099999999998));
#10924=CARTESIAN_POINT('',(364.485,-81.1349999999984,-9.54791801177635E-14));
#10925=CARTESIAN_POINT('',(364.485,-72.9341874147966,-9.54791801177635E-14));
#10926=CARTESIAN_POINT('',(364.485,-81.1349999999984,6.3099999999998));
#10927=CARTESIAN_POINT('Origin',(364.485,-81.1349999999984,6.3099999999998));
#10928=CARTESIAN_POINT('',(378.465,-81.1349999999984,-9.49240686054509E-14));
#10929=CARTESIAN_POINT('',(321.751071410427,-81.1349999999984,-9.54791801177635E-14));
#10930=CARTESIAN_POINT('',(378.465,-81.1349999999984,6.30999999999981));
#10931=CARTESIAN_POINT('Origin',(378.465,-81.1349999999984,6.30999999999981));
#10932=CARTESIAN_POINT('',(378.465,-95.1149999999984,-9.49240686054509E-14));
#10933=CARTESIAN_POINT('',(378.465,-65.9441874147965,-9.54791801177635E-14));
#10934=CARTESIAN_POINT('',(378.465,-95.1149999999984,6.30999999999982));
#10935=CARTESIAN_POINT('Origin',(378.465,-95.1149999999984,6.30999999999982));
#10936=CARTESIAN_POINT('',(328.741071410427,-95.1149999999985,-9.54791801177635E-14));
#10937=CARTESIAN_POINT('Origin',(425.445,-95.1149999999986,6.30999999999979));
#10938=CARTESIAN_POINT('',(425.445,-95.1149999999986,-9.6034291630076E-14));
#10939=CARTESIAN_POINT('',(425.445,-95.1149999999986,6.30999999999979));
#10940=CARTESIAN_POINT('',(425.445,-81.1349999999985,-9.54791801177635E-14));
#10941=CARTESIAN_POINT('',(425.445,-72.9341874147966,-9.54791801177635E-14));
#10942=CARTESIAN_POINT('',(425.445,-81.1349999999985,6.30999999999978));
#10943=CARTESIAN_POINT('Origin',(425.445,-81.1349999999985,6.30999999999978));
#10944=CARTESIAN_POINT('',(439.425,-81.1349999999985,-9.6034291630076E-14));
#10945=CARTESIAN_POINT('',(352.231071410427,-81.1349999999985,-9.54791801177635E-14));
#10946=CARTESIAN_POINT('',(439.425,-81.1349999999985,6.3099999999998));
#10947=CARTESIAN_POINT('Origin',(439.425,-81.1349999999985,6.3099999999998));
#10948=CARTESIAN_POINT('',(439.425,-95.1149999999986,-9.6034291630076E-14));
#10949=CARTESIAN_POINT('',(439.425,-65.9441874147966,-9.54791801177635E-14));
#10950=CARTESIAN_POINT('',(439.425,-95.1149999999986,6.30999999999981));
#10951=CARTESIAN_POINT('Origin',(439.425,-95.1149999999986,6.30999999999981));
#10952=CARTESIAN_POINT('',(359.221071410427,-95.1149999999986,-9.54791801177635E-14));
#10953=CARTESIAN_POINT('Origin',(269.235000000001,-76.0649999999997,6.30999999999978));
#10954=CARTESIAN_POINT('',(269.235000000001,-76.0649999999997,-9.54791801177635E-14));
#10955=CARTESIAN_POINT('',(269.235000000001,-76.0649999999997,6.30999999999978));
#10956=CARTESIAN_POINT('',(269.235000000001,-62.0849999999996,-9.54791801177635E-14));
#10957=CARTESIAN_POINT('',(269.235000000001,-63.4091874147972,-9.54791801177635E-14));
#10958=CARTESIAN_POINT('',(269.235000000001,-62.0849999999996,6.30999999999978));
#10959=CARTESIAN_POINT('Origin',(269.235000000001,-62.0849999999996,6.30999999999978));
#10960=CARTESIAN_POINT('',(283.215000000001,-62.0849999999996,-9.54791801177635E-14));
#10961=CARTESIAN_POINT('',(274.126071410428,-62.0849999999997,-9.54791801177635E-14));
#10962=CARTESIAN_POINT('',(283.215000000001,-62.0849999999996,6.30999999999979));
#10963=CARTESIAN_POINT('Origin',(283.215000000001,-62.0849999999996,6.30999999999979));
#10964=CARTESIAN_POINT('',(283.215000000001,-76.0649999999997,-9.54791801177635E-14));
#10965=CARTESIAN_POINT('',(283.215000000001,-56.4191874147972,-9.54791801177635E-14));
#10966=CARTESIAN_POINT('',(283.215000000001,-76.0649999999997,6.3099999999998));
#10967=CARTESIAN_POINT('Origin',(283.215000000001,-76.0649999999997,6.3099999999998));
#10968=CARTESIAN_POINT('',(281.116071410428,-76.0649999999997,-9.54791801177635E-14));
#10969=CARTESIAN_POINT('Origin',(212.085,-76.0649999999996,6.30999999999978));
#10970=CARTESIAN_POINT('',(212.085,-76.0649999999996,-9.54791801177635E-14));
#10971=CARTESIAN_POINT('',(212.085,-76.0649999999996,6.30999999999978));
#10972=CARTESIAN_POINT('',(212.085,-62.0849999999996,-9.54791801177635E-14));
#10973=CARTESIAN_POINT('',(212.085,-63.4091874147971,-9.54791801177635E-14));
#10974=CARTESIAN_POINT('',(212.085,-62.0849999999996,6.30999999999977));
#10975=CARTESIAN_POINT('Origin',(212.085,-62.0849999999996,6.30999999999977));
#10976=CARTESIAN_POINT('',(226.065,-62.0849999999996,-9.54791801177635E-14));
#10977=CARTESIAN_POINT('',(245.551071410428,-62.0849999999997,-9.54791801177635E-14));
#10978=CARTESIAN_POINT('',(226.065,-62.0849999999996,6.30999999999978));
#10979=CARTESIAN_POINT('Origin',(226.065,-62.0849999999996,6.30999999999978));
#10980=CARTESIAN_POINT('',(226.065,-76.0649999999997,-9.6034291630076E-14));
#10981=CARTESIAN_POINT('',(226.065,-56.4191874147972,-9.54791801177635E-14));
#10982=CARTESIAN_POINT('',(226.065,-76.0649999999997,6.30999999999979));
#10983=CARTESIAN_POINT('Origin',(226.065,-76.0649999999997,6.30999999999979));
#10984=CARTESIAN_POINT('',(252.541071410428,-76.0649999999997,-9.54791801177635E-14));
#10985=CARTESIAN_POINT('Origin',(135.885,-95.1149999999997,6.3099999999998));
#10986=CARTESIAN_POINT('',(135.885,-95.1149999999997,-9.54791801177635E-14));
#10987=CARTESIAN_POINT('',(135.885,-95.1149999999997,6.3099999999998));
#10988=CARTESIAN_POINT('',(135.885,-81.1349999999996,-9.6034291630076E-14));
#10989=CARTESIAN_POINT('',(135.885,-72.9341874147972,-9.54791801177635E-14));
#10990=CARTESIAN_POINT('',(135.885,-81.1349999999996,6.30999999999979));
#10991=CARTESIAN_POINT('Origin',(135.885,-81.1349999999996,6.30999999999979));
#10992=CARTESIAN_POINT('',(149.865,-81.1349999999996,-9.54791801177635E-14));
#10993=CARTESIAN_POINT('',(207.451071410427,-81.1349999999996,-9.54791801177635E-14));
#10994=CARTESIAN_POINT('',(149.865,-81.1349999999996,6.3099999999998));
#10995=CARTESIAN_POINT('Origin',(149.865,-81.1349999999996,6.3099999999998));
#10996=CARTESIAN_POINT('',(149.865,-95.1149999999997,-9.54791801177635E-14));
#10997=CARTESIAN_POINT('',(149.865,-65.9441874147971,-9.54791801177635E-14));
#10998=CARTESIAN_POINT('',(149.865,-95.1149999999997,6.30999999999981));
#10999=CARTESIAN_POINT('Origin',(149.865,-95.1149999999997,6.30999999999981));
#11000=CARTESIAN_POINT('',(214.441071410427,-95.1149999999997,-9.54791801177635E-14));
#11001=CARTESIAN_POINT('Origin',(116.835,-95.1149999999997,6.3099999999998));
#11002=CARTESIAN_POINT('',(116.835,-95.1149999999997,-9.54791801177635E-14));
#11003=CARTESIAN_POINT('',(116.835,-95.1149999999997,6.3099999999998));
#11004=CARTESIAN_POINT('',(116.835,-81.1349999999996,-9.54791801177635E-14));
#11005=CARTESIAN_POINT('',(116.835,-72.9341874147972,-9.54791801177635E-14));
#11006=CARTESIAN_POINT('',(116.835,-81.1349999999996,6.3099999999998));
#11007=CARTESIAN_POINT('Origin',(116.835,-81.1349999999996,6.3099999999998));
#11008=CARTESIAN_POINT('',(130.815,-81.1349999999996,-9.54791801177635E-14));
#11009=CARTESIAN_POINT('',(197.926071410427,-81.1349999999996,-9.54791801177635E-14));
#11010=CARTESIAN_POINT('',(130.815,-81.1349999999996,6.30999999999981));
#11011=CARTESIAN_POINT('Origin',(130.815,-81.1349999999996,6.30999999999981));
#11012=CARTESIAN_POINT('',(130.815,-95.1149999999997,-9.54791801177635E-14));
#11013=CARTESIAN_POINT('',(130.815,-65.9441874147971,-9.54791801177635E-14));
#11014=CARTESIAN_POINT('',(130.815,-95.1149999999997,6.30999999999982));
#11015=CARTESIAN_POINT('Origin',(130.815,-95.1149999999997,6.30999999999982));
#11016=CARTESIAN_POINT('',(204.916071410427,-95.1149999999997,-9.54791801177635E-14));
#11017=CARTESIAN_POINT('Origin',(154.935,-76.0649999999996,6.30999999999977));
#11018=CARTESIAN_POINT('',(154.935,-76.0649999999996,-9.54791801177635E-14));
#11019=CARTESIAN_POINT('',(154.935,-76.0649999999996,6.30999999999977));
#11020=CARTESIAN_POINT('',(154.935,-62.0849999999996,-9.49240686054509E-14));
#11021=CARTESIAN_POINT('',(154.935,-63.4091874147971,-9.54791801177635E-14));
#11022=CARTESIAN_POINT('',(154.935,-62.0849999999996,6.30999999999977));
#11023=CARTESIAN_POINT('Origin',(154.935,-62.0849999999996,6.30999999999977));
#11024=CARTESIAN_POINT('',(168.915,-62.0849999999996,-9.6034291630076E-14));
#11025=CARTESIAN_POINT('',(216.976071410428,-62.0849999999997,-9.54791801177635E-14));
#11026=CARTESIAN_POINT('',(168.915,-62.0849999999996,6.30999999999978));
#11027=CARTESIAN_POINT('Origin',(168.915,-62.0849999999996,6.30999999999978));
#11028=CARTESIAN_POINT('',(168.915,-76.0649999999996,-9.54791801177635E-14));
#11029=CARTESIAN_POINT('',(168.915,-56.4191874147971,-9.54791801177635E-14));
#11030=CARTESIAN_POINT('',(168.915,-76.0649999999996,6.30999999999979));
#11031=CARTESIAN_POINT('Origin',(168.915,-76.0649999999996,6.30999999999979));
#11032=CARTESIAN_POINT('',(223.966071410428,-76.0649999999997,-9.54791801177635E-14));
#11033=CARTESIAN_POINT('Origin',(231.135,-76.0649999999997,6.30999999999978));
#11034=CARTESIAN_POINT('',(231.135,-76.0649999999997,-9.54791801177635E-14));
#11035=CARTESIAN_POINT('',(231.135,-76.0649999999997,6.30999999999978));
#11036=CARTESIAN_POINT('',(231.135,-62.0849999999996,-9.54791801177635E-14));
#11037=CARTESIAN_POINT('',(231.135,-63.4091874147972,-9.54791801177635E-14));
#11038=CARTESIAN_POINT('',(231.135,-62.0849999999996,6.30999999999977));
#11039=CARTESIAN_POINT('Origin',(231.135,-62.0849999999996,6.30999999999977));
#11040=CARTESIAN_POINT('',(245.115,-62.0849999999996,-9.54791801177635E-14));
#11041=CARTESIAN_POINT('',(255.076071410428,-62.0849999999997,-9.54791801177635E-14));
#11042=CARTESIAN_POINT('',(245.115,-62.0849999999996,6.30999999999978));
#11043=CARTESIAN_POINT('Origin',(245.115,-62.0849999999996,6.30999999999978));
#11044=CARTESIAN_POINT('',(245.115,-76.0649999999997,-9.54791801177635E-14));
#11045=CARTESIAN_POINT('',(245.115,-56.4191874147972,-9.54791801177635E-14));
#11046=CARTESIAN_POINT('',(245.115,-76.0649999999997,6.30999999999979));
#11047=CARTESIAN_POINT('Origin',(245.115,-76.0649999999997,6.30999999999979));
#11048=CARTESIAN_POINT('',(262.066071410428,-76.0649999999997,-9.54791801177635E-14));
#11049=CARTESIAN_POINT('Origin',(307.335,-95.1149999999984,6.3099999999998));
#11050=CARTESIAN_POINT('',(307.335,-95.1149999999984,-9.54791801177635E-14));
#11051=CARTESIAN_POINT('',(307.335,-95.1149999999984,6.3099999999998));
#11052=CARTESIAN_POINT('',(307.335,-81.1349999999984,-9.49240686054509E-14));
#11053=CARTESIAN_POINT('',(307.335,-72.9341874147966,-9.54791801177635E-14));
#11054=CARTESIAN_POINT('',(307.335,-81.1349999999984,6.30999999999979));
#11055=CARTESIAN_POINT('Origin',(307.335,-81.1349999999984,6.30999999999979));
#11056=CARTESIAN_POINT('',(321.315,-81.1349999999984,-9.54791801177635E-14));
#11057=CARTESIAN_POINT('',(293.176071410427,-81.1349999999984,-9.54791801177635E-14));
#11058=CARTESIAN_POINT('',(321.315,-81.1349999999984,6.30999999999981));
#11059=CARTESIAN_POINT('Origin',(321.315,-81.1349999999984,6.30999999999981));
#11060=CARTESIAN_POINT('',(321.315,-95.1149999999984,-9.54791801177635E-14));
#11061=CARTESIAN_POINT('',(321.315,-65.9441874147965,-9.54791801177635E-14));
#11062=CARTESIAN_POINT('',(321.315,-95.1149999999984,6.30999999999981));
#11063=CARTESIAN_POINT('Origin',(321.315,-95.1149999999984,6.30999999999981));
#11064=CARTESIAN_POINT('',(300.166071410427,-95.1149999999985,-9.54791801177635E-14));
#11065=CARTESIAN_POINT('Origin',(406.395,-76.0649999999985,6.30999999999978));
#11066=CARTESIAN_POINT('',(406.395,-76.0649999999985,-9.6034291630076E-14));
#11067=CARTESIAN_POINT('',(406.395,-76.0649999999985,6.30999999999978));
#11068=CARTESIAN_POINT('',(406.395,-62.0849999999985,-9.54791801177635E-14));
#11069=CARTESIAN_POINT('',(406.395,-63.4091874147966,-9.54791801177635E-14));
#11070=CARTESIAN_POINT('',(406.395,-62.0849999999985,6.30999999999978));
#11071=CARTESIAN_POINT('Origin',(406.395,-62.0849999999985,6.30999999999978));
#11072=CARTESIAN_POINT('',(420.375,-62.0849999999985,-9.54791801177635E-14));
#11073=CARTESIAN_POINT('',(342.706071410428,-62.0849999999985,-9.54791801177635E-14));
#11074=CARTESIAN_POINT('',(420.375,-62.0849999999985,6.30999999999979));
#11075=CARTESIAN_POINT('Origin',(420.375,-62.0849999999985,6.30999999999979));
#11076=CARTESIAN_POINT('',(420.375,-76.0649999999985,-9.54791801177635E-14));
#11077=CARTESIAN_POINT('',(420.375,-56.4191874147966,-9.54791801177635E-14));
#11078=CARTESIAN_POINT('',(420.375,-76.0649999999985,6.3099999999998));
#11079=CARTESIAN_POINT('Origin',(420.375,-76.0649999999985,6.3099999999998));
#11080=CARTESIAN_POINT('',(349.696071410428,-76.0649999999985,-9.54791801177635E-14));
#11081=CARTESIAN_POINT('Origin',(326.385,-95.1149999999984,6.3099999999998));
#11082=CARTESIAN_POINT('',(326.385,-95.1149999999984,-9.54791801177635E-14));
#11083=CARTESIAN_POINT('',(326.385,-95.1149999999984,6.3099999999998));
#11084=CARTESIAN_POINT('',(326.385,-81.1349999999984,-9.54791801177635E-14));
#11085=CARTESIAN_POINT('',(326.385,-72.9341874147966,-9.54791801177635E-14));
#11086=CARTESIAN_POINT('',(326.385,-81.1349999999984,6.30999999999979));
#11087=CARTESIAN_POINT('Origin',(326.385,-81.1349999999984,6.30999999999979));
#11088=CARTESIAN_POINT('',(340.365,-81.1349999999984,-9.54791801177635E-14));
#11089=CARTESIAN_POINT('',(302.701071410427,-81.1349999999984,-9.54791801177635E-14));
#11090=CARTESIAN_POINT('',(340.365,-81.1349999999984,6.30999999999981));
#11091=CARTESIAN_POINT('Origin',(340.365,-81.1349999999984,6.30999999999981));
#11092=CARTESIAN_POINT('',(340.365,-95.1149999999984,-9.54791801177635E-14));
#11093=CARTESIAN_POINT('',(340.365,-65.9441874147965,-9.54791801177635E-14));
#11094=CARTESIAN_POINT('',(340.365,-95.1149999999984,6.30999999999981));
#11095=CARTESIAN_POINT('Origin',(340.365,-95.1149999999984,6.30999999999981));
#11096=CARTESIAN_POINT('',(309.691071410427,-95.1149999999985,-9.54791801177635E-14));
#11097=CARTESIAN_POINT('Origin',(326.385,-57.0149999999997,6.30999999999984));
#11098=CARTESIAN_POINT('',(326.385,-57.0149999999997,-9.54791801177635E-14));
#11099=CARTESIAN_POINT('',(326.385,-57.0149999999997,6.30999999999984));
#11100=CARTESIAN_POINT('',(326.385,-43.0349999999997,-9.54791801177635E-14));
#11101=CARTESIAN_POINT('',(326.385,-53.8841874147972,-9.54791801177635E-14));
#11102=CARTESIAN_POINT('',(326.385,-43.0349999999997,6.30999999999983));
#11103=CARTESIAN_POINT('Origin',(326.385,-43.0349999999997,6.30999999999983));
#11104=CARTESIAN_POINT('',(340.365,-43.0349999999997,-9.54791801177635E-14));
#11105=CARTESIAN_POINT('',(302.701071410428,-43.0349999999997,-9.54791801177635E-14));
#11106=CARTESIAN_POINT('',(340.365,-43.0349999999997,6.30999999999984));
#11107=CARTESIAN_POINT('Origin',(340.365,-43.0349999999997,6.30999999999984));
#11108=CARTESIAN_POINT('',(340.365,-57.0149999999997,-9.54791801177635E-14));
#11109=CARTESIAN_POINT('',(340.365,-46.8941874147972,-9.54791801177635E-14));
#11110=CARTESIAN_POINT('',(340.365,-57.0149999999997,6.30999999999985));
#11111=CARTESIAN_POINT('Origin',(340.365,-57.0149999999997,6.30999999999985));
#11112=CARTESIAN_POINT('',(309.691071410428,-57.0149999999997,-9.54791801177635E-14));
#11113=CARTESIAN_POINT('Origin',(250.185,-57.0149999999997,6.30999999999983));
#11114=CARTESIAN_POINT('',(250.185,-57.0149999999997,-9.54791801177635E-14));
#11115=CARTESIAN_POINT('',(250.185,-57.0149999999997,6.30999999999983));
#11116=CARTESIAN_POINT('',(250.185,-43.0349999999997,-9.6034291630076E-14));
#11117=CARTESIAN_POINT('',(250.185,-53.8841874147972,-9.54791801177635E-14));
#11118=CARTESIAN_POINT('',(250.185,-43.0349999999997,6.30999999999983));
#11119=CARTESIAN_POINT('Origin',(250.185,-43.0349999999997,6.30999999999982));
#11120=CARTESIAN_POINT('',(264.165,-43.0349999999997,-9.54791801177635E-14));
#11121=CARTESIAN_POINT('',(264.601071410427,-43.0349999999997,-9.54791801177635E-14));
#11122=CARTESIAN_POINT('',(264.165,-43.0349999999997,6.30999999999984));
#11123=CARTESIAN_POINT('Origin',(264.165,-43.0349999999997,6.30999999999984));
#11124=CARTESIAN_POINT('',(264.165,-57.0149999999997,-9.54791801177635E-14));
#11125=CARTESIAN_POINT('',(264.165,-46.8941874147972,-9.54791801177635E-14));
#11126=CARTESIAN_POINT('',(264.165,-57.0149999999997,6.30999999999985));
#11127=CARTESIAN_POINT('Origin',(264.165,-57.0149999999997,6.30999999999985));
#11128=CARTESIAN_POINT('',(271.591071410428,-57.0149999999997,-9.54791801177635E-14));
#11129=CARTESIAN_POINT('Origin',(173.985,-57.0149999999997,6.30999999999983));
#11130=CARTESIAN_POINT('',(173.985,-57.0149999999997,-9.54791801177635E-14));
#11131=CARTESIAN_POINT('',(173.985,-57.0149999999997,6.30999999999983));
#11132=CARTESIAN_POINT('',(173.985,-43.0349999999997,-9.49240686054509E-14));
#11133=CARTESIAN_POINT('',(173.985,-53.8841874147972,-9.54791801177635E-14));
#11134=CARTESIAN_POINT('',(173.985,-43.0349999999997,6.30999999999982));
#11135=CARTESIAN_POINT('Origin',(173.985,-43.0349999999997,6.30999999999982));
#11136=CARTESIAN_POINT('',(187.965,-43.0349999999997,-9.6034291630076E-14));
#11137=CARTESIAN_POINT('',(226.501071410427,-43.0349999999997,-9.54791801177635E-14));
#11138=CARTESIAN_POINT('',(187.965,-43.0349999999997,6.30999999999983));
#11139=CARTESIAN_POINT('Origin',(187.965,-43.0349999999997,6.30999999999983));
#11140=CARTESIAN_POINT('',(187.965,-57.0149999999997,-9.54791801177635E-14));
#11141=CARTESIAN_POINT('',(187.965,-46.8941874147972,-9.54791801177635E-14));
#11142=CARTESIAN_POINT('',(187.965,-57.0149999999997,6.30999999999984));
#11143=CARTESIAN_POINT('Origin',(187.965,-57.0149999999997,6.30999999999984));
#11144=CARTESIAN_POINT('',(233.491071410427,-57.0149999999997,-9.54791801177635E-14));
#11145=CARTESIAN_POINT('Origin',(116.835,-37.9649999999998,6.30999999999982));
#11146=CARTESIAN_POINT('',(116.835,-37.9649999999998,-9.54791801177635E-14));
#11147=CARTESIAN_POINT('',(116.835,-37.9649999999998,6.30999999999982));
#11148=CARTESIAN_POINT('',(116.835,-23.9849999999998,-9.6034291630076E-14));
#11149=CARTESIAN_POINT('',(116.835,-44.3591874147972,-9.54791801177635E-14));
#11150=CARTESIAN_POINT('',(116.835,-23.9849999999998,6.30999999999981));
#11151=CARTESIAN_POINT('Origin',(116.835,-23.9849999999998,6.30999999999981));
#11152=CARTESIAN_POINT('',(130.815,-23.9849999999998,-9.54791801177635E-14));
#11153=CARTESIAN_POINT('',(197.926071410427,-23.9849999999998,-9.54791801177635E-14));
#11154=CARTESIAN_POINT('',(130.815,-23.9849999999998,6.30999999999982));
#11155=CARTESIAN_POINT('Origin',(130.815,-23.9849999999998,6.30999999999982));
#11156=CARTESIAN_POINT('',(130.815,-37.9649999999998,-9.54791801177635E-14));
#11157=CARTESIAN_POINT('',(130.815,-37.3691874147972,-9.54791801177635E-14));
#11158=CARTESIAN_POINT('',(130.815,-37.9649999999998,6.30999999999983));
#11159=CARTESIAN_POINT('Origin',(130.815,-37.9649999999998,6.30999999999983));
#11160=CARTESIAN_POINT('',(204.916071410427,-37.9649999999998,-9.54791801177635E-14));
#11161=CARTESIAN_POINT('Origin',(193.035,-37.9649999999998,6.30999999999982));
#11162=CARTESIAN_POINT('',(193.035,-37.9649999999998,-9.54791801177635E-14));
#11163=CARTESIAN_POINT('',(193.035,-37.9649999999998,6.30999999999982));
#11164=CARTESIAN_POINT('',(193.035,-23.9849999999998,-9.54791801177635E-14));
#11165=CARTESIAN_POINT('',(193.035,-44.3591874147972,-9.54791801177635E-14));
#11166=CARTESIAN_POINT('',(193.035,-23.9849999999998,6.30999999999982));
#11167=CARTESIAN_POINT('Origin',(193.035,-23.9849999999998,6.30999999999982));
#11168=CARTESIAN_POINT('',(207.015,-23.9849999999998,-9.54791801177635E-14));
#11169=CARTESIAN_POINT('',(236.026071410427,-23.9849999999998,-9.54791801177635E-14));
#11170=CARTESIAN_POINT('',(207.015,-23.9849999999998,6.30999999999983));
#11171=CARTESIAN_POINT('Origin',(207.015,-23.9849999999998,6.30999999999983));
#11172=CARTESIAN_POINT('',(207.015,-37.9649999999998,-9.54791801177635E-14));
#11173=CARTESIAN_POINT('',(207.015,-37.3691874147972,-9.54791801177635E-14));
#11174=CARTESIAN_POINT('',(207.015,-37.9649999999998,6.30999999999984));
#11175=CARTESIAN_POINT('Origin',(207.015,-37.9649999999998,6.30999999999984));
#11176=CARTESIAN_POINT('',(243.016071410427,-37.9649999999999,-9.54791801177635E-14));
#11177=CARTESIAN_POINT('Origin',(269.235,-37.9649999999999,6.30999999999983));
#11178=CARTESIAN_POINT('',(269.235,-37.9649999999999,-9.54791801177635E-14));
#11179=CARTESIAN_POINT('',(269.235,-37.9649999999999,6.30999999999983));
#11180=CARTESIAN_POINT('',(269.235,-23.9849999999998,-9.54791801177635E-14));
#11181=CARTESIAN_POINT('',(269.235,-44.3591874147973,-9.54791801177635E-14));
#11182=CARTESIAN_POINT('',(269.235,-23.9849999999998,6.30999999999982));
#11183=CARTESIAN_POINT('Origin',(269.235,-23.9849999999998,6.30999999999982));
#11184=CARTESIAN_POINT('',(283.215,-23.9849999999998,-9.54791801177635E-14));
#11185=CARTESIAN_POINT('',(274.126071410427,-23.9849999999998,-9.54791801177635E-14));
#11186=CARTESIAN_POINT('',(283.215,-23.9849999999998,6.30999999999983));
#11187=CARTESIAN_POINT('Origin',(283.215,-23.9849999999998,6.30999999999984));
#11188=CARTESIAN_POINT('',(283.215,-37.9649999999999,-9.54791801177635E-14));
#11189=CARTESIAN_POINT('',(283.215,-37.3691874147973,-9.54791801177635E-14));
#11190=CARTESIAN_POINT('',(283.215,-37.9649999999999,6.30999999999984));
#11191=CARTESIAN_POINT('Origin',(283.215,-37.9649999999999,6.30999999999984));
#11192=CARTESIAN_POINT('',(281.116071410427,-37.9649999999999,-9.54791801177635E-14));
#11193=CARTESIAN_POINT('Origin',(345.435,-37.9649999999999,6.30999999999983));
#11194=CARTESIAN_POINT('',(345.435,-37.9649999999999,-9.54791801177635E-14));
#11195=CARTESIAN_POINT('',(345.435,-37.9649999999999,6.30999999999983));
#11196=CARTESIAN_POINT('',(345.435,-23.9849999999998,-9.54791801177635E-14));
#11197=CARTESIAN_POINT('',(345.435,-44.3591874147973,-9.54791801177635E-14));
#11198=CARTESIAN_POINT('',(345.435,-23.9849999999998,6.30999999999983));
#11199=CARTESIAN_POINT('Origin',(345.435,-23.9849999999998,6.30999999999983));
#11200=CARTESIAN_POINT('',(359.415,-23.9849999999998,-9.54791801177635E-14));
#11201=CARTESIAN_POINT('',(312.226071410427,-23.9849999999998,-9.54791801177635E-14));
#11202=CARTESIAN_POINT('',(359.415,-23.9849999999998,6.30999999999984));
#11203=CARTESIAN_POINT('Origin',(359.415,-23.9849999999998,6.30999999999984));
#11204=CARTESIAN_POINT('',(359.415,-37.9649999999999,-9.49240686054509E-14));
#11205=CARTESIAN_POINT('',(359.415,-37.3691874147973,-9.54791801177635E-14));
#11206=CARTESIAN_POINT('',(359.415,-37.9649999999999,6.30999999999985));
#11207=CARTESIAN_POINT('Origin',(359.415,-37.9649999999999,6.30999999999985));
#11208=CARTESIAN_POINT('',(319.216071410427,-37.9649999999999,-9.54791801177635E-14));
#11209=CARTESIAN_POINT('Origin',(326.385,-18.9150000000003,6.30999999999989));
#11210=CARTESIAN_POINT('',(326.385,-18.9150000000003,-9.54791801177635E-14));
#11211=CARTESIAN_POINT('',(326.385,-18.9150000000003,6.30999999999989));
#11212=CARTESIAN_POINT('',(326.385,-4.93500000000026,-9.49240686054509E-14));
#11213=CARTESIAN_POINT('',(326.385,-34.8341874147975,-9.54791801177635E-14));
#11214=CARTESIAN_POINT('',(326.385,-4.93500000000026,6.30999999999988));
#11215=CARTESIAN_POINT('Origin',(326.385,-4.93500000000026,6.30999999999988));
#11216=CARTESIAN_POINT('',(340.365,-4.93500000000026,-9.54791801177635E-14));
#11217=CARTESIAN_POINT('',(302.701071410428,-4.93500000000024,-9.54791801177635E-14));
#11218=CARTESIAN_POINT('',(340.365,-4.93500000000026,6.30999999999989));
#11219=CARTESIAN_POINT('Origin',(340.365,-4.93500000000026,6.30999999999989));
#11220=CARTESIAN_POINT('',(340.365,-18.9150000000003,-9.54791801177635E-14));
#11221=CARTESIAN_POINT('',(340.365,-27.8441874147975,-9.54791801177635E-14));
#11222=CARTESIAN_POINT('',(340.365,-18.9150000000003,6.3099999999999));
#11223=CARTESIAN_POINT('Origin',(340.365,-18.9150000000003,6.3099999999999));
#11224=CARTESIAN_POINT('',(309.691071410428,-18.9150000000003,-9.54791801177635E-14));
#11225=CARTESIAN_POINT('Origin',(250.185,-18.9150000000003,6.30999999999988));
#11226=CARTESIAN_POINT('',(250.185,-18.9150000000003,-9.54791801177635E-14));
#11227=CARTESIAN_POINT('',(250.185,-18.9150000000003,6.30999999999988));
#11228=CARTESIAN_POINT('',(250.185,-4.93500000000024,-9.49240686054509E-14));
#11229=CARTESIAN_POINT('',(250.185,-34.8341874147975,-9.54791801177635E-14));
#11230=CARTESIAN_POINT('',(250.185,-4.93500000000024,6.30999999999987));
#11231=CARTESIAN_POINT('Origin',(250.185,-4.93500000000024,6.30999999999987));
#11232=CARTESIAN_POINT('',(264.165,-4.93500000000024,-9.6034291630076E-14));
#11233=CARTESIAN_POINT('',(264.601071410427,-4.93500000000024,-9.54791801177635E-14));
#11234=CARTESIAN_POINT('',(264.165,-4.93500000000024,6.30999999999989));
#11235=CARTESIAN_POINT('Origin',(264.165,-4.93500000000024,6.30999999999989));
#11236=CARTESIAN_POINT('',(264.165,-18.9150000000003,-9.54791801177635E-14));
#11237=CARTESIAN_POINT('',(264.165,-27.8441874147975,-9.54791801177635E-14));
#11238=CARTESIAN_POINT('',(264.165,-18.9150000000003,6.30999999999989));
#11239=CARTESIAN_POINT('Origin',(264.165,-18.9150000000003,6.30999999999989));
#11240=CARTESIAN_POINT('',(271.591071410428,-18.9150000000003,-9.54791801177635E-14));
#11241=CARTESIAN_POINT('Origin',(173.985,-18.9150000000003,6.30999999999988));
#11242=CARTESIAN_POINT('',(173.985,-18.9150000000003,-9.54791801177635E-14));
#11243=CARTESIAN_POINT('',(173.985,-18.9150000000003,6.30999999999988));
#11244=CARTESIAN_POINT('',(173.985,-4.93500000000024,-9.6034291630076E-14));
#11245=CARTESIAN_POINT('',(173.985,-34.8341874147975,-9.54791801177635E-14));
#11246=CARTESIAN_POINT('',(173.985,-4.93500000000024,6.30999999999987));
#11247=CARTESIAN_POINT('Origin',(173.985,-4.93500000000024,6.30999999999987));
#11248=CARTESIAN_POINT('',(187.965,-4.93500000000024,-9.49240686054509E-14));
#11249=CARTESIAN_POINT('',(226.501071410427,-4.93500000000024,-9.54791801177635E-14));
#11250=CARTESIAN_POINT('',(187.965,-4.93500000000024,6.30999999999988));
#11251=CARTESIAN_POINT('Origin',(187.965,-4.93500000000024,6.30999999999988));
#11252=CARTESIAN_POINT('',(187.965,-18.9150000000003,-9.54791801177635E-14));
#11253=CARTESIAN_POINT('',(187.965,-27.8441874147974,-9.54791801177635E-14));
#11254=CARTESIAN_POINT('',(187.965,-18.9150000000003,6.30999999999989));
#11255=CARTESIAN_POINT('Origin',(187.965,-18.9150000000003,6.30999999999989));
#11256=CARTESIAN_POINT('',(233.491071410428,-18.9150000000003,-9.54791801177635E-14));
#11257=CARTESIAN_POINT('Origin',(116.835,-4.93500000000024,6.30999999999987));
#11258=CARTESIAN_POINT('',(116.835,-4.93500000000024,-9.49240686054509E-14));
#11259=CARTESIAN_POINT('',(116.835,-4.93500000000024,6.30999999999987));
#11260=CARTESIAN_POINT('',(130.815,-4.93500000000024,-9.54791801177635E-14));
#11261=CARTESIAN_POINT('',(197.926071410428,-4.93500000000024,-9.54791801177635E-14));
#11262=CARTESIAN_POINT('',(130.815,-4.93500000000024,6.30999999999988));
#11263=CARTESIAN_POINT('Origin',(130.815,-4.93500000000024,6.30999999999988));
#11264=CARTESIAN_POINT('',(130.815,-18.9150000000003,-9.54791801177635E-14));
#11265=CARTESIAN_POINT('',(130.815,-27.8441874147974,-9.54791801177635E-14));
#11266=CARTESIAN_POINT('',(130.815,-18.9150000000003,6.30999999999989));
#11267=CARTESIAN_POINT('Origin',(130.815,-18.9150000000003,6.30999999999989));
#11268=CARTESIAN_POINT('',(116.835,-18.9150000000003,-9.54791801177635E-14));
#11269=CARTESIAN_POINT('',(204.916071410427,-18.9150000000003,-9.54791801177635E-14));
#11270=CARTESIAN_POINT('',(116.835,-18.9150000000003,6.30999999999987));
#11271=CARTESIAN_POINT('Origin',(116.835,-18.9150000000003,6.30999999999987));
#11272=CARTESIAN_POINT('',(116.835,-34.8341874147975,-9.54791801177635E-14));
#11273=CARTESIAN_POINT('Origin',(193.035,-18.9150000000003,6.30999999999988));
#11274=CARTESIAN_POINT('',(193.035,-18.9150000000003,-9.6034291630076E-14));
#11275=CARTESIAN_POINT('',(193.035,-18.9150000000003,6.30999999999988));
#11276=CARTESIAN_POINT('',(193.035,-4.93500000000024,-9.54791801177635E-14));
#11277=CARTESIAN_POINT('',(193.035,-34.8341874147975,-9.54791801177635E-14));
#11278=CARTESIAN_POINT('',(193.035,-4.93500000000024,6.30999999999987));
#11279=CARTESIAN_POINT('Origin',(193.035,-4.93500000000024,6.30999999999987));
#11280=CARTESIAN_POINT('',(207.015,-4.93500000000024,-9.54791801177635E-14));
#11281=CARTESIAN_POINT('',(236.026071410428,-4.93500000000024,-9.54791801177635E-14));
#11282=CARTESIAN_POINT('',(207.015,-4.93500000000024,6.30999999999989));
#11283=CARTESIAN_POINT('Origin',(207.015,-4.93500000000024,6.30999999999989));
#11284=CARTESIAN_POINT('',(207.015,-18.9150000000003,-9.54791801177635E-14));
#11285=CARTESIAN_POINT('',(207.015,-27.8441874147974,-9.54791801177635E-14));
#11286=CARTESIAN_POINT('',(207.015,-18.9150000000003,6.30999999999989));
#11287=CARTESIAN_POINT('Origin',(207.015,-18.9150000000003,6.30999999999989));
#11288=CARTESIAN_POINT('',(243.016071410428,-18.9150000000003,-9.54791801177635E-14));
#11289=CARTESIAN_POINT('Origin',(269.235,-18.9150000000003,6.30999999999988));
#11290=CARTESIAN_POINT('',(269.235,-18.9150000000003,-9.54791801177635E-14));
#11291=CARTESIAN_POINT('',(269.235,-18.9150000000003,6.30999999999988));
#11292=CARTESIAN_POINT('',(269.235,-4.93500000000024,-9.54791801177635E-14));
#11293=CARTESIAN_POINT('',(269.235,-34.8341874147975,-9.54791801177635E-14));
#11294=CARTESIAN_POINT('',(269.235,-4.93500000000024,6.30999999999988));
#11295=CARTESIAN_POINT('Origin',(269.235,-4.93500000000024,6.30999999999988));
#11296=CARTESIAN_POINT('',(283.215,-4.93500000000024,-9.54791801177635E-14));
#11297=CARTESIAN_POINT('',(274.126071410428,-4.93500000000024,-9.54791801177635E-14));
#11298=CARTESIAN_POINT('',(283.215,-4.93500000000024,6.30999999999989));
#11299=CARTESIAN_POINT('Origin',(283.215,-4.93500000000024,6.30999999999989));
#11300=CARTESIAN_POINT('',(283.215,-18.9150000000003,-9.54791801177635E-14));
#11301=CARTESIAN_POINT('',(283.215,-27.8441874147975,-9.54791801177635E-14));
#11302=CARTESIAN_POINT('',(283.215,-18.9150000000003,6.3099999999999));
#11303=CARTESIAN_POINT('Origin',(283.215,-18.9150000000003,6.3099999999999));
#11304=CARTESIAN_POINT('',(281.116071410428,-18.9150000000003,-9.54791801177635E-14));
#11305=CARTESIAN_POINT('Origin',(345.435,-18.9150000000003,6.30999999999989));
#11306=CARTESIAN_POINT('',(345.435,-18.9150000000003,-9.54791801177635E-14));
#11307=CARTESIAN_POINT('',(345.435,-18.9150000000003,6.30999999999989));
#11308=CARTESIAN_POINT('',(345.435,-4.93500000000026,-9.54791801177635E-14));
#11309=CARTESIAN_POINT('',(345.435,-34.8341874147975,-9.54791801177635E-14));
#11310=CARTESIAN_POINT('',(345.435,-4.93500000000026,6.30999999999988));
#11311=CARTESIAN_POINT('Origin',(345.435,-4.93500000000026,6.30999999999988));
#11312=CARTESIAN_POINT('',(359.415,-4.93500000000026,-9.49240686054509E-14));
#11313=CARTESIAN_POINT('',(312.226071410428,-4.93500000000024,-9.54791801177635E-14));
#11314=CARTESIAN_POINT('',(359.415,-4.93500000000026,6.30999999999989));
#11315=CARTESIAN_POINT('Origin',(359.415,-4.93500000000026,6.30999999999989));
#11316=CARTESIAN_POINT('',(359.415,-18.9150000000003,-9.54791801177635E-14));
#11317=CARTESIAN_POINT('',(359.415,-27.8441874147975,-9.54791801177635E-14));
#11318=CARTESIAN_POINT('',(359.415,-18.9150000000003,6.3099999999999));
#11319=CARTESIAN_POINT('Origin',(359.415,-18.9150000000003,6.3099999999999));
#11320=CARTESIAN_POINT('',(319.216071410428,-18.9150000000003,-9.54791801177635E-14));
#11321=CARTESIAN_POINT('Origin',(326.385,-37.9649999999999,6.30999999999983));
#11322=CARTESIAN_POINT('',(326.385,-37.9649999999999,-9.6034291630076E-14));
#11323=CARTESIAN_POINT('',(326.385,-37.9649999999999,6.30999999999983));
#11324=CARTESIAN_POINT('',(326.385,-23.9849999999998,-9.54791801177635E-14));
#11325=CARTESIAN_POINT('',(326.385,-44.3591874147973,-9.54791801177635E-14));
#11326=CARTESIAN_POINT('',(326.385,-23.9849999999998,6.30999999999982));
#11327=CARTESIAN_POINT('Origin',(326.385,-23.9849999999998,6.30999999999982));
#11328=CARTESIAN_POINT('',(340.365,-23.9849999999998,-9.54791801177635E-14));
#11329=CARTESIAN_POINT('',(302.701071410427,-23.9849999999998,-9.54791801177635E-14));
#11330=CARTESIAN_POINT('',(340.365,-23.9849999999998,6.30999999999984));
#11331=CARTESIAN_POINT('Origin',(340.365,-23.9849999999998,6.30999999999984));
#11332=CARTESIAN_POINT('',(340.365,-37.9649999999999,-9.54791801177635E-14));
#11333=CARTESIAN_POINT('',(340.365,-37.3691874147973,-9.54791801177635E-14));
#11334=CARTESIAN_POINT('',(340.365,-37.9649999999999,6.30999999999984));
#11335=CARTESIAN_POINT('Origin',(340.365,-37.9649999999999,6.30999999999985));
#11336=CARTESIAN_POINT('',(309.691071410427,-37.9649999999999,-9.54791801177635E-14));
#11337=CARTESIAN_POINT('Origin',(250.185,-37.9649999999999,6.30999999999983));
#11338=CARTESIAN_POINT('',(250.185,-37.9649999999999,-9.6034291630076E-14));
#11339=CARTESIAN_POINT('',(250.185,-37.9649999999999,6.30999999999983));
#11340=CARTESIAN_POINT('',(250.185,-23.9849999999998,-9.54791801177635E-14));
#11341=CARTESIAN_POINT('',(250.185,-44.3591874147973,-9.54791801177635E-14));
#11342=CARTESIAN_POINT('',(250.185,-23.9849999999998,6.30999999999982));
#11343=CARTESIAN_POINT('Origin',(250.185,-23.9849999999998,6.30999999999982));
#11344=CARTESIAN_POINT('',(264.165,-23.9849999999998,-9.54791801177635E-14));
#11345=CARTESIAN_POINT('',(264.601071410427,-23.9849999999998,-9.54791801177635E-14));
#11346=CARTESIAN_POINT('',(264.165,-23.9849999999998,6.30999999999983));
#11347=CARTESIAN_POINT('Origin',(264.165,-23.9849999999998,6.30999999999983));
#11348=CARTESIAN_POINT('',(264.165,-37.9649999999999,-9.6034291630076E-14));
#11349=CARTESIAN_POINT('',(264.165,-37.3691874147973,-9.54791801177635E-14));
#11350=CARTESIAN_POINT('',(264.165,-37.9649999999999,6.30999999999984));
#11351=CARTESIAN_POINT('Origin',(264.165,-37.9649999999999,6.30999999999984));
#11352=CARTESIAN_POINT('',(271.591071410427,-37.9649999999999,-9.54791801177635E-14));
#11353=CARTESIAN_POINT('Origin',(173.985,-37.9649999999998,6.30999999999982));
#11354=CARTESIAN_POINT('',(173.985,-37.9649999999998,-9.49240686054509E-14));
#11355=CARTESIAN_POINT('',(173.985,-37.9649999999998,6.30999999999982));
#11356=CARTESIAN_POINT('',(173.985,-23.9849999999998,-9.54791801177635E-14));
#11357=CARTESIAN_POINT('',(173.985,-44.3591874147972,-9.54791801177635E-14));
#11358=CARTESIAN_POINT('',(173.985,-23.9849999999998,6.30999999999982));
#11359=CARTESIAN_POINT('Origin',(173.985,-23.9849999999998,6.30999999999982));
#11360=CARTESIAN_POINT('',(187.965,-23.9849999999998,-9.54791801177635E-14));
#11361=CARTESIAN_POINT('',(226.501071410427,-23.9849999999998,-9.54791801177635E-14));
#11362=CARTESIAN_POINT('',(187.965,-23.9849999999998,6.30999999999983));
#11363=CARTESIAN_POINT('Origin',(187.965,-23.9849999999998,6.30999999999983));
#11364=CARTESIAN_POINT('',(187.965,-37.9649999999998,-9.49240686054509E-14));
#11365=CARTESIAN_POINT('',(187.965,-37.3691874147972,-9.54791801177635E-14));
#11366=CARTESIAN_POINT('',(187.965,-37.9649999999998,6.30999999999984));
#11367=CARTESIAN_POINT('Origin',(187.965,-37.9649999999998,6.30999999999984));
#11368=CARTESIAN_POINT('',(233.491071410427,-37.9649999999999,-9.54791801177635E-14));
#11369=CARTESIAN_POINT('Origin',(116.834999999999,-57.0149999999997,6.30999999999982));
#11370=CARTESIAN_POINT('',(116.834999999999,-57.0149999999997,-9.6034291630076E-14));
#11371=CARTESIAN_POINT('',(116.834999999999,-57.0149999999997,6.30999999999982));
#11372=CARTESIAN_POINT('',(116.834999999999,-43.0349999999997,-9.54791801177635E-14));
#11373=CARTESIAN_POINT('',(116.834999999999,-53.8841874147972,-9.54791801177635E-14));
#11374=CARTESIAN_POINT('',(116.834999999999,-43.0349999999997,6.30999999999982));
#11375=CARTESIAN_POINT('Origin',(116.834999999999,-43.0349999999997,6.30999999999982));
#11376=CARTESIAN_POINT('',(130.815,-43.0349999999997,-9.54791801177635E-14));
#11377=CARTESIAN_POINT('',(197.926071410427,-43.0349999999997,-9.54791801177635E-14));
#11378=CARTESIAN_POINT('',(130.815,-43.0349999999997,6.30999999999983));
#11379=CARTESIAN_POINT('Origin',(130.815,-43.0349999999997,6.30999999999983));
#11380=CARTESIAN_POINT('',(130.815,-57.0149999999997,-9.54791801177635E-14));
#11381=CARTESIAN_POINT('',(130.814999999999,-46.8941874147972,-9.54791801177635E-14));
#11382=CARTESIAN_POINT('',(130.815,-57.0149999999997,6.30999999999984));
#11383=CARTESIAN_POINT('Origin',(130.815,-57.0149999999997,6.30999999999984));
#11384=CARTESIAN_POINT('',(204.916071410427,-57.0149999999997,-9.54791801177635E-14));
#11385=CARTESIAN_POINT('Origin',(193.035,-57.0149999999997,6.30999999999983));
#11386=CARTESIAN_POINT('',(193.035,-57.0149999999997,-9.54791801177635E-14));
#11387=CARTESIAN_POINT('',(193.035,-57.0149999999997,6.30999999999983));
#11388=CARTESIAN_POINT('',(193.035,-43.0349999999997,-9.54791801177635E-14));
#11389=CARTESIAN_POINT('',(193.035,-53.8841874147972,-9.54791801177635E-14));
#11390=CARTESIAN_POINT('',(193.035,-43.0349999999997,6.30999999999982));
#11391=CARTESIAN_POINT('Origin',(193.035,-43.0349999999997,6.30999999999982));
#11392=CARTESIAN_POINT('',(207.015,-43.0349999999997,-9.54791801177635E-14));
#11393=CARTESIAN_POINT('',(236.026071410427,-43.0349999999997,-9.54791801177635E-14));
#11394=CARTESIAN_POINT('',(207.015,-43.0349999999997,6.30999999999984));
#11395=CARTESIAN_POINT('Origin',(207.015,-43.0349999999997,6.30999999999984));
#11396=CARTESIAN_POINT('',(207.015,-57.0149999999997,-9.54791801177635E-14));
#11397=CARTESIAN_POINT('',(207.015,-46.8941874147972,-9.54791801177635E-14));
#11398=CARTESIAN_POINT('',(207.015,-57.0149999999997,6.30999999999984));
#11399=CARTESIAN_POINT('Origin',(207.015,-57.0149999999997,6.30999999999984));
#11400=CARTESIAN_POINT('',(243.016071410427,-57.0149999999997,-9.54791801177635E-14));
#11401=CARTESIAN_POINT('Origin',(269.235,-57.0149999999997,6.30999999999983));
#11402=CARTESIAN_POINT('',(269.235,-57.0149999999997,-9.54791801177635E-14));
#11403=CARTESIAN_POINT('',(269.235,-57.0149999999997,6.30999999999983));
#11404=CARTESIAN_POINT('',(269.235,-43.0349999999997,-9.49240686054509E-14));
#11405=CARTESIAN_POINT('',(269.235,-53.8841874147972,-9.54791801177635E-14));
#11406=CARTESIAN_POINT('',(269.235,-43.0349999999997,6.30999999999983));
#11407=CARTESIAN_POINT('Origin',(269.235,-43.0349999999997,6.30999999999983));
#11408=CARTESIAN_POINT('',(283.215,-43.0349999999997,-9.6034291630076E-14));
#11409=CARTESIAN_POINT('',(274.126071410427,-43.0349999999997,-9.54791801177635E-14));
#11410=CARTESIAN_POINT('',(283.215,-43.0349999999997,6.30999999999984));
#11411=CARTESIAN_POINT('Origin',(283.215,-43.0349999999997,6.30999999999984));
#11412=CARTESIAN_POINT('',(283.215,-57.0149999999997,-9.54791801177635E-14));
#11413=CARTESIAN_POINT('',(283.215,-46.8941874147972,-9.54791801177635E-14));
#11414=CARTESIAN_POINT('',(283.215,-57.0149999999997,6.30999999999985));
#11415=CARTESIAN_POINT('Origin',(283.215,-57.0149999999997,6.30999999999985));
#11416=CARTESIAN_POINT('',(281.116071410427,-57.0149999999997,-9.54791801177635E-14));
#11417=CARTESIAN_POINT('Origin',(354.96,-57.0149999999999,6.30999999999981));
#11418=CARTESIAN_POINT('',(354.96,-57.0149999999999,-9.54791801177635E-14));
#11419=CARTESIAN_POINT('',(354.96,-57.0149999999999,6.30999999999981));
#11420=CARTESIAN_POINT('',(354.96,-43.0349999999999,-9.54791801177635E-14));
#11421=CARTESIAN_POINT('',(354.96,-53.8841874147973,-9.54791801177635E-14));
#11422=CARTESIAN_POINT('',(354.96,-43.0349999999999,6.30999999999981));
#11423=CARTESIAN_POINT('Origin',(354.96,-43.0349999999999,6.30999999999981));
#11424=CARTESIAN_POINT('',(368.94,-43.0349999999999,-9.54791801177635E-14));
#11425=CARTESIAN_POINT('',(316.988571410427,-43.0349999999999,-9.54791801177635E-14));
#11426=CARTESIAN_POINT('',(368.94,-43.0349999999999,6.30999999999982));
#11427=CARTESIAN_POINT('Origin',(368.94,-43.0349999999999,6.30999999999982));
#11428=CARTESIAN_POINT('',(368.94,-57.0149999999999,-9.54791801177635E-14));
#11429=CARTESIAN_POINT('',(368.94,-46.8941874147973,-9.54791801177635E-14));
#11430=CARTESIAN_POINT('',(368.94,-57.0149999999999,6.30999999999983));
#11431=CARTESIAN_POINT('Origin',(368.94,-57.0149999999999,6.30999999999983));
#11432=CARTESIAN_POINT('',(323.978571410427,-57.0149999999999,-9.54791801177635E-14));
#11433=CARTESIAN_POINT('Origin',(345.435,-95.1149999999984,6.3099999999998));
#11434=CARTESIAN_POINT('',(345.435,-95.1149999999984,-9.49240686054509E-14));
#11435=CARTESIAN_POINT('',(345.435,-95.1149999999984,6.3099999999998));
#11436=CARTESIAN_POINT('',(345.435,-81.1349999999984,-9.54791801177635E-14));
#11437=CARTESIAN_POINT('',(345.435,-72.9341874147966,-9.54791801177635E-14));
#11438=CARTESIAN_POINT('',(345.435,-81.1349999999984,6.30999999999979));
#11439=CARTESIAN_POINT('Origin',(345.435,-81.1349999999984,6.30999999999979));
#11440=CARTESIAN_POINT('',(359.415,-81.1349999999984,-9.54791801177635E-14));
#11441=CARTESIAN_POINT('',(312.226071410427,-81.1349999999984,-9.54791801177635E-14));
#11442=CARTESIAN_POINT('',(359.415,-81.1349999999984,6.30999999999981));
#11443=CARTESIAN_POINT('Origin',(359.415,-81.1349999999984,6.30999999999981));
#11444=CARTESIAN_POINT('',(359.415,-95.1149999999984,-9.54791801177635E-14));
#11445=CARTESIAN_POINT('',(359.415,-65.9441874147965,-9.54791801177635E-14));
#11446=CARTESIAN_POINT('',(359.415,-95.1149999999984,6.30999999999981));
#11447=CARTESIAN_POINT('Origin',(359.415,-95.1149999999984,6.30999999999981));
#11448=CARTESIAN_POINT('',(319.216071410427,-95.1149999999985,-9.54791801177635E-14));
#11449=CARTESIAN_POINT('Origin',(406.395,-95.1149999999985,6.30999999999979));
#11450=CARTESIAN_POINT('',(406.395,-95.1149999999985,-9.54791801177635E-14));
#11451=CARTESIAN_POINT('',(406.395,-95.1149999999985,6.30999999999979));
#11452=CARTESIAN_POINT('',(406.395,-81.1349999999985,-9.54791801177635E-14));
#11453=CARTESIAN_POINT('',(406.395,-72.9341874147966,-9.54791801177635E-14));
#11454=CARTESIAN_POINT('',(406.395,-81.1349999999985,6.30999999999978));
#11455=CARTESIAN_POINT('Origin',(406.395,-81.1349999999985,6.30999999999978));
#11456=CARTESIAN_POINT('',(420.375,-81.1349999999985,-9.54791801177635E-14));
#11457=CARTESIAN_POINT('',(342.706071410428,-81.1349999999985,-9.54791801177635E-14));
#11458=CARTESIAN_POINT('',(420.375,-81.1349999999985,6.3099999999998));
#11459=CARTESIAN_POINT('Origin',(420.375,-81.1349999999985,6.3099999999998));
#11460=CARTESIAN_POINT('',(420.375,-95.1149999999985,-9.54791801177635E-14));
#11461=CARTESIAN_POINT('',(420.375,-65.9441874147966,-9.54791801177635E-14));
#11462=CARTESIAN_POINT('',(420.375,-95.1149999999985,6.30999999999981));
#11463=CARTESIAN_POINT('Origin',(420.375,-95.1149999999985,6.30999999999981));
#11464=CARTESIAN_POINT('',(349.696071410428,-95.1149999999985,-9.54791801177635E-14));
#11465=CARTESIAN_POINT('Origin',(288.285000000001,-76.0649999999997,6.30999999999978));
#11466=CARTESIAN_POINT('',(288.285000000001,-76.0649999999997,-9.6034291630076E-14));
#11467=CARTESIAN_POINT('',(288.285000000001,-76.0649999999997,6.30999999999978));
#11468=CARTESIAN_POINT('',(288.285000000001,-62.0849999999996,-9.54791801177635E-14));
#11469=CARTESIAN_POINT('',(288.285000000001,-63.4091874147972,-9.54791801177635E-14));
#11470=CARTESIAN_POINT('',(288.285000000001,-62.0849999999996,6.30999999999978));
#11471=CARTESIAN_POINT('Origin',(288.285000000001,-62.0849999999996,6.30999999999978));
#11472=CARTESIAN_POINT('',(302.265000000001,-62.0849999999996,-9.54791801177635E-14));
#11473=CARTESIAN_POINT('',(283.651071410428,-62.0849999999997,-9.54791801177635E-14));
#11474=CARTESIAN_POINT('',(302.265000000001,-62.0849999999996,6.30999999999979));
#11475=CARTESIAN_POINT('Origin',(302.265000000001,-62.0849999999996,6.30999999999979));
#11476=CARTESIAN_POINT('',(302.265000000001,-76.0649999999997,-9.6034291630076E-14));
#11477=CARTESIAN_POINT('',(302.265000000001,-56.4191874147972,-9.54791801177635E-14));
#11478=CARTESIAN_POINT('',(302.265000000001,-76.0649999999997,6.3099999999998));
#11479=CARTESIAN_POINT('Origin',(302.265000000001,-76.0649999999997,6.3099999999998));
#11480=CARTESIAN_POINT('',(290.641071410428,-76.0649999999997,-9.54791801177635E-14));
#11481=CARTESIAN_POINT('Origin',(231.135,-95.1149999999997,6.30999999999979));
#11482=CARTESIAN_POINT('',(231.135,-95.1149999999997,-9.54791801177635E-14));
#11483=CARTESIAN_POINT('',(231.135,-95.1149999999997,6.30999999999979));
#11484=CARTESIAN_POINT('',(231.135,-81.1349999999997,-9.6034291630076E-14));
#11485=CARTESIAN_POINT('',(231.135,-72.9341874147972,-9.54791801177635E-14));
#11486=CARTESIAN_POINT('',(231.135,-81.1349999999997,6.30999999999979));
#11487=CARTESIAN_POINT('Origin',(231.135,-81.1349999999997,6.30999999999979));
#11488=CARTESIAN_POINT('',(245.115,-81.1349999999997,-9.6034291630076E-14));
#11489=CARTESIAN_POINT('',(255.076071410427,-81.1349999999997,-9.54791801177635E-14));
#11490=CARTESIAN_POINT('',(245.115,-81.1349999999997,6.3099999999998));
#11491=CARTESIAN_POINT('Origin',(245.115,-81.1349999999997,6.3099999999998));
#11492=CARTESIAN_POINT('',(245.115,-95.1149999999997,-9.54791801177635E-14));
#11493=CARTESIAN_POINT('',(245.115,-65.9441874147972,-9.54791801177635E-14));
#11494=CARTESIAN_POINT('',(245.115,-95.1149999999997,6.30999999999981));
#11495=CARTESIAN_POINT('Origin',(245.115,-95.1149999999997,6.30999999999981));
#11496=CARTESIAN_POINT('',(262.066071410427,-95.1149999999997,-9.54791801177635E-14));
#11497=CARTESIAN_POINT('Origin',(154.935,-95.1149999999997,6.30999999999979));
#11498=CARTESIAN_POINT('',(154.935,-95.1149999999997,-9.54791801177635E-14));
#11499=CARTESIAN_POINT('',(154.935,-95.1149999999997,6.30999999999979));
#11500=CARTESIAN_POINT('',(154.935,-81.1349999999996,-9.54791801177635E-14));
#11501=CARTESIAN_POINT('',(154.935,-72.9341874147972,-9.54791801177635E-14));
#11502=CARTESIAN_POINT('',(154.935,-81.1349999999996,6.30999999999978));
#11503=CARTESIAN_POINT('Origin',(154.935,-81.1349999999996,6.30999999999978));
#11504=CARTESIAN_POINT('',(168.915,-81.1349999999996,-9.49240686054509E-14));
#11505=CARTESIAN_POINT('',(216.976071410427,-81.1349999999997,-9.54791801177635E-14));
#11506=CARTESIAN_POINT('',(168.915,-81.1349999999996,6.30999999999979));
#11507=CARTESIAN_POINT('Origin',(168.915,-81.1349999999996,6.30999999999979));
#11508=CARTESIAN_POINT('',(168.915,-95.1149999999997,-9.54791801177635E-14));
#11509=CARTESIAN_POINT('',(168.915,-65.9441874147971,-9.54791801177635E-14));
#11510=CARTESIAN_POINT('',(168.915,-95.1149999999997,6.30999999999981));
#11511=CARTESIAN_POINT('Origin',(168.915,-95.1149999999997,6.30999999999981));
#11512=CARTESIAN_POINT('',(223.966071410427,-95.1149999999997,-9.54791801177635E-14));
#11513=CARTESIAN_POINT('Origin',(173.985,-76.0649999999996,6.30999999999978));
#11514=CARTESIAN_POINT('',(173.985,-76.0649999999996,-9.54791801177635E-14));
#11515=CARTESIAN_POINT('',(173.985,-76.0649999999996,6.30999999999978));
#11516=CARTESIAN_POINT('',(173.985,-62.0849999999996,-9.54791801177635E-14));
#11517=CARTESIAN_POINT('',(173.985,-63.4091874147971,-9.54791801177635E-14));
#11518=CARTESIAN_POINT('',(173.985,-62.0849999999996,6.30999999999977));
#11519=CARTESIAN_POINT('Origin',(173.985,-62.0849999999996,6.30999999999977));
#11520=CARTESIAN_POINT('',(187.965,-62.0849999999996,-9.49240686054509E-14));
#11521=CARTESIAN_POINT('',(226.501071410427,-62.0849999999997,-9.54791801177635E-14));
#11522=CARTESIAN_POINT('',(187.965,-62.0849999999996,6.30999999999978));
#11523=CARTESIAN_POINT('Origin',(187.965,-62.0849999999996,6.30999999999978));
#11524=CARTESIAN_POINT('',(187.965,-76.0649999999996,-9.54791801177635E-14));
#11525=CARTESIAN_POINT('',(187.965,-56.4191874147971,-9.54791801177635E-14));
#11526=CARTESIAN_POINT('',(187.965,-76.0649999999996,6.30999999999979));
#11527=CARTESIAN_POINT('Origin',(187.965,-76.0649999999996,6.30999999999979));
#11528=CARTESIAN_POINT('',(233.491071410428,-76.0649999999997,-9.54791801177635E-14));
#11529=CARTESIAN_POINT('Origin',(455.562150873805,2.58662770390531,1.4999999999999));
#11530=CARTESIAN_POINT('',(455.562150873805,-111.093377363095,-9.54791801177635E-14));
#11531=CARTESIAN_POINT('',(455.562150873805,-111.093377363095,1.4999999999999));
#11532=CARTESIAN_POINT('',(455.562150873805,-24.0833735628447,-9.54791801177635E-14));
#11533=CARTESIAN_POINT('Origin',(102.472134767905,-104.093377363095,1.4999999999999));
#11534=CARTESIAN_POINT('',(102.472134767905,-111.093377363095,-9.54791801177635E-14));
#11535=CARTESIAN_POINT('',(102.472134767905,-77.4233760963447,-9.54791801177635E-14));
#11536=CARTESIAN_POINT('',(102.472134767905,-111.093377363095,1.4999999999999));
#11537=CARTESIAN_POINT('Origin',(448.562150873805,-111.093377363095,1.4999999999999));
#11538=CARTESIAN_POINT('',(363.78964684733,-111.093377363095,-9.54791801177635E-14));
#11539=CARTESIAN_POINT('Origin',(279.017142820855,-50.7533748295947,-9.54791801177635E-14));
#11540=CARTESIAN_POINT('Origin',(279.017142820855,-200.753374829595,-9.0000000000001));
#11541=CARTESIAN_POINT('',(455.562150873805,-250.326935039381,-9.0000000000001));
#11542=CARTESIAN_POINT('',(445.42080775558,-261.093377363095,-9.0000000000001));
#11543=CARTESIAN_POINT('',(421.363287477951,-286.633771914504,-9.0000000000001));
#11544=CARTESIAN_POINT('',(455.562150873805,-151.179814619808,-9.0000000000001));
#11545=CARTESIAN_POINT('',(455.562150873805,-230.923376096345,-9.0000000000001));
#11546=CARTESIAN_POINT('',(445.42080775558,-140.413372296095,-9.0000000000001));
#11547=CARTESIAN_POINT('',(426.433959037063,-120.256198906542,-9.0000000000001));
#11548=CARTESIAN_POINT('',(112.613477886129,-140.413372296095,-9.0000000000001));
#11549=CARTESIAN_POINT('',(367.28964684733,-140.413372296095,-9.0000000000001));
#11550=CARTESIAN_POINT('',(102.472134767905,-151.179814619808,-9.0000000000001));
#11551=CARTESIAN_POINT('',(136.670998163759,-114.872977744686,-9.0000000000001));
#11552=CARTESIAN_POINT('',(102.472134767905,-250.326935039381,-9.0000000000001));
#11553=CARTESIAN_POINT('',(102.472134767905,-170.583373562845,-9.0000000000001));
#11554=CARTESIAN_POINT('',(112.613477886129,-261.093377363095,-9.0000000000001));
#11555=CARTESIAN_POINT('',(131.600326604647,-281.250550752647,-9.0000000000001));
#11556=CARTESIAN_POINT('',(190.74463879438,-261.093377363095,-9.0000000000001));
#11557=CARTESIAN_POINT('Origin',(455.562150873805,-140.413372296095,-9.54791801177635E-14));
#11558=CARTESIAN_POINT('',(445.42080775558,-140.413372296095,-9.54791801177635E-14));
#11559=CARTESIAN_POINT('',(445.42080775558,-140.413372296095,-9.54791801177635E-14));
#11560=CARTESIAN_POINT('',(112.613477886129,-140.413372296095,-9.54791801177635E-14));
#11561=CARTESIAN_POINT('',(455.562150873805,-140.413372296095,-9.54791801177635E-14));
#11562=CARTESIAN_POINT('',(112.613477886129,-140.413372296095,-9.54791801177635E-14));
#11563=CARTESIAN_POINT('Origin',(455.562150873805,-151.179814619808,-9.54791801177635E-14));
#11564=CARTESIAN_POINT('',(455.562150873805,-151.179814619808,-9.54791801177635E-14));
#11565=CARTESIAN_POINT('',(455.562150873805,-151.179814619808,-9.54791801177635E-14));
#11566=CARTESIAN_POINT('',(455.562150873805,-151.179814619808,-9.54791801177635E-14));
#11567=CARTESIAN_POINT('Origin',(455.562150873805,-261.093377363095,-9.54791801177635E-14));
#11568=CARTESIAN_POINT('',(455.562150873805,-250.326935039381,-9.54791801177635E-14));
#11569=CARTESIAN_POINT('',(455.562150873805,-250.326935039381,-9.54791801177635E-14));
#11570=CARTESIAN_POINT('',(455.562150873805,-261.093377363095,-9.54791801177635E-14));
#11571=CARTESIAN_POINT('Origin',(445.42080775558,-261.093377363095,-9.54791801177635E-14));
#11572=CARTESIAN_POINT('',(445.42080775558,-261.093377363095,-9.54791801177635E-14));
#11573=CARTESIAN_POINT('',(445.420807755581,-261.093377363095,-9.54791801177635E-14));
#11574=CARTESIAN_POINT('',(455.562150873805,-250.326935039381,-9.54791801177635E-14));
#11575=CARTESIAN_POINT('Origin',(279.017142820855,-200.753374829595,-10.0000000000001));
#11576=CARTESIAN_POINT('',(98.4721347679049,-126.413372296095,-10.0000000000001));
#11577=CARTESIAN_POINT('',(88.4721347679048,-136.413372296095,-10.0000000000001));
#11578=CARTESIAN_POINT('Origin',(98.4721347679049,-136.413372296095,-10.0000000000001));
#11579=CARTESIAN_POINT('',(459.562150873805,-126.413372296095,-10.0000000000001));
#11580=CARTESIAN_POINT('',(183.74463879438,-126.413372296095,-10.0000000000001));
#11581=CARTESIAN_POINT('',(469.562150873805,-136.413372296095,-10.0000000000001));
#11582=CARTESIAN_POINT('Origin',(459.562150873805,-136.413372296095,-10.0000000000001));
#11583=CARTESIAN_POINT('',(469.562150873805,-265.093377363095,-10.0000000000001));
#11584=CARTESIAN_POINT('',(469.562150873805,-163.583373562845,-10.0000000000001));
#11585=CARTESIAN_POINT('',(459.562150873805,-275.093377363095,-10.0000000000001));
#11586=CARTESIAN_POINT('Origin',(459.562150873805,-265.093377363095,-10.0000000000001));
#11587=CARTESIAN_POINT('',(98.4721347679048,-275.093377363095,-10.0000000000001));
#11588=CARTESIAN_POINT('',(374.28964684733,-275.093377363095,-10.0000000000001));
#11589=CARTESIAN_POINT('',(88.4721347679048,-265.093377363095,-10.0000000000001));
#11590=CARTESIAN_POINT('Origin',(98.4721347679048,-265.093377363095,-10.0000000000001));
#11591=CARTESIAN_POINT('',(88.4721347679048,-237.923376096345,-10.0000000000001));
#11592=CARTESIAN_POINT('',(103.326732037422,-143.383211691541,-10.0000000000001));
#11593=CARTESIAN_POINT('Origin',(105.326732067224,-143.383211691541,-10.0000000000001));
#11594=CARTESIAN_POINT('',(103.326732037422,-258.123537967648,-10.0000000000001));
#11595=CARTESIAN_POINT('Origin',(105.326732067224,-258.123537967648,-10.0000000000001));
#11596=CARTESIAN_POINT('',(450.707553544683,-143.383211691541,-10.0000000000001));
#11597=CARTESIAN_POINT('Origin',(452.707553574486,-143.383211691541,-10.0000000000001));
#11598=CARTESIAN_POINT('',(450.707553544683,-258.123537967648,-10.0000000000001));
#11599=CARTESIAN_POINT('Origin',(452.707553574486,-258.123537967648,-10.0000000000001));
#11600=CARTESIAN_POINT('',(461.562150873805,-132.413372296095,-10.0000000000001));
#11601=CARTESIAN_POINT('Origin',(463.562150873805,-132.413372296095,-10.0000000000001));
#11602=CARTESIAN_POINT('',(461.562150873805,-269.093377363094,-10.0000000000001));
#11603=CARTESIAN_POINT('Origin',(463.562150873805,-269.093377363094,-10.0000000000001));
#11604=CARTESIAN_POINT('',(92.4721347679049,-132.413372296095,-10.0000000000001));
#11605=CARTESIAN_POINT('Origin',(94.4721347679049,-132.413372296095,-10.0000000000001));
#11606=CARTESIAN_POINT('',(92.4721347679049,-269.093377363095,-10.0000000000001));
#11607=CARTESIAN_POINT('Origin',(94.4721347679049,-269.093377363095,-10.0000000000001));
#11608=CARTESIAN_POINT('Origin',(102.472134767905,-261.093377363095,-9.54791801177635E-14));
#11609=CARTESIAN_POINT('',(112.613477886129,-261.093377363095,-9.54791801177635E-14));
#11610=CARTESIAN_POINT('',(112.613477886129,-261.093377363095,-9.54791801177635E-14));
#11611=CARTESIAN_POINT('',(102.472134767905,-261.093377363095,-9.54791801177635E-14));
#11612=CARTESIAN_POINT('Origin',(469.562150873805,-126.413372296095,-9.54791801177635E-14));
#11613=CARTESIAN_POINT('',(469.562150873805,-136.413372296095,-9.54791801177635E-14));
#11614=CARTESIAN_POINT('',(469.562150873805,-136.413372296095,-9.54791801177635E-14));
#11615=CARTESIAN_POINT('',(469.562150873805,-265.093377363095,-9.54791801177635E-14));
#11616=CARTESIAN_POINT('',(469.562150873805,-275.093377363095,-9.54791801177635E-14));
#11617=CARTESIAN_POINT('',(469.562150873805,-265.093377363095,-9.54791801177635E-14));
#11618=CARTESIAN_POINT('Origin',(459.562150873805,-136.413372296095,-9.54791801177635E-14));
#11619=CARTESIAN_POINT('',(459.562150873805,-126.413372296095,-9.54791801177635E-14));
#11620=CARTESIAN_POINT('',(459.562150873805,-126.413372296095,-9.54791801177635E-14));
#11621=CARTESIAN_POINT('Origin',(459.562150873805,-136.413372296095,-9.54791801177635E-14));
#11622=CARTESIAN_POINT('Origin',(88.4721347679049,-126.413372296095,-9.54791801177635E-14));
#11623=CARTESIAN_POINT('',(98.4721347679049,-126.413372296095,-9.54791801177635E-14));
#11624=CARTESIAN_POINT('',(98.4721347679049,-126.413372296095,-9.54791801177635E-14));
#11625=CARTESIAN_POINT('',(469.562150873805,-126.413372296095,-9.54791801177635E-14));
#11626=CARTESIAN_POINT('Origin',(98.4721347679049,-136.413372296095,-9.54791801177635E-14));
#11627=CARTESIAN_POINT('',(88.4721347679048,-136.413372296095,-9.54791801177635E-14));
#11628=CARTESIAN_POINT('',(88.4721347679048,-136.413372296095,-9.54791801177635E-14));
#11629=CARTESIAN_POINT('Origin',(98.4721347679049,-136.413372296095,-9.54791801177635E-14));
#11630=CARTESIAN_POINT('Origin',(279.017142820855,-200.753374829595,-9.54791801177635E-14));
#11631=CARTESIAN_POINT('',(88.4721347679048,-265.093377363095,-9.54791801177635E-14));
#11632=CARTESIAN_POINT('',(88.4721347679048,-126.413372296095,-9.54791801177635E-14));
#11633=CARTESIAN_POINT('',(98.4721347679048,-275.093377363095,-9.54791801177635E-14));
#11634=CARTESIAN_POINT('Origin',(98.4721347679048,-265.093377363095,-9.54791801177635E-14));
#11635=CARTESIAN_POINT('',(459.562150873805,-275.093377363095,-9.54791801177635E-14));
#11636=CARTESIAN_POINT('',(88.4721347679048,-275.093377363095,-9.54791801177635E-14));
#11637=CARTESIAN_POINT('Origin',(459.562150873805,-265.093377363095,-9.54791801177635E-14));
#11638=CARTESIAN_POINT('',(102.472134767905,-250.326935039381,-9.54791801177635E-14));
#11639=CARTESIAN_POINT('',(102.472134767905,-250.326935039381,-9.54791801177635E-14));
#11640=CARTESIAN_POINT('',(102.472134767905,-151.179814619808,-9.54791801177635E-14));
#11641=CARTESIAN_POINT('',(102.472134767905,-140.413372296095,-9.54791801177635E-14));
#11642=CARTESIAN_POINT('',(102.472134767905,-151.179814619808,-9.54791801177635E-14));
#11643=CARTESIAN_POINT('',(103.326732037422,-143.383211691541,-9.54791801177635E-14));
#11644=CARTESIAN_POINT('Origin',(105.326732067224,-143.383211691541,-9.54791801177635E-14));
#11645=CARTESIAN_POINT('',(103.326732037422,-258.123537967648,-9.54791801177635E-14));
#11646=CARTESIAN_POINT('Origin',(105.326732067224,-258.123537967648,-9.54791801177635E-14));
#11647=CARTESIAN_POINT('',(450.707553544683,-143.383211691541,-9.54791801177635E-14));
#11648=CARTESIAN_POINT('Origin',(452.707553574486,-143.383211691541,-9.54791801177635E-14));
#11649=CARTESIAN_POINT('',(450.707553544683,-258.123537967648,-9.54791801177635E-14));
#11650=CARTESIAN_POINT('Origin',(452.707553574486,-258.123537967648,-9.54791801177635E-14));
#11651=CARTESIAN_POINT('',(461.562150873805,-132.413372296095,-9.76996261670138E-14));
#11652=CARTESIAN_POINT('Origin',(463.562150873805,-132.413372296095,-9.76996261670138E-14));
#11653=CARTESIAN_POINT('',(461.562150873805,-269.093377363094,-9.76996261670138E-14));
#11654=CARTESIAN_POINT('Origin',(463.562150873805,-269.093377363094,-9.76996261670138E-14));
#11655=CARTESIAN_POINT('',(92.4721347679049,-132.413372296095,-9.76996261670138E-14));
#11656=CARTESIAN_POINT('Origin',(94.4721347679049,-132.413372296095,-9.76996261670138E-14));
#11657=CARTESIAN_POINT('',(92.4721347679049,-269.093377363095,-9.76996261670138E-14));
#11658=CARTESIAN_POINT('Origin',(94.4721347679049,-269.093377363095,-9.76996261670138E-14));
#11659=CARTESIAN_POINT('Origin',(459.562150873805,-265.093377363095,-9.54791801177635E-14));
#11660=CARTESIAN_POINT('',(459.562150873805,-275.093377363095,-9.54791801177635E-14));
#11661=CARTESIAN_POINT('Origin',(98.4721347679048,-265.093377363095,-9.54791801177635E-14));
#11662=CARTESIAN_POINT('',(98.4721347679048,-275.093377363095,-9.54791801177635E-14));
#11663=CARTESIAN_POINT('',(88.4721347679048,-265.093377363095,-9.54791801177635E-14));
#11664=CARTESIAN_POINT('Origin',(469.562150873805,-275.093377363095,-9.54791801177635E-14));
#11665=CARTESIAN_POINT('Origin',(94.4721347679049,-269.093377363095,-20.0000000000001));
#11666=CARTESIAN_POINT('',(92.4721347679049,-269.093377363095,-20.0000000000001));
#11667=CARTESIAN_POINT('Origin',(94.4721347679049,-132.413372296095,-20.0000000000001));
#11668=CARTESIAN_POINT('',(92.4721347679049,-132.413372296095,-20.0000000000001));
#11669=CARTESIAN_POINT('Origin',(463.562150873805,-269.093377363094,-20.0000000000001));
#11670=CARTESIAN_POINT('',(461.562150873805,-269.093377363094,-20.0000000000001));
#11671=CARTESIAN_POINT('Origin',(463.562150873805,-132.413372296095,-20.0000000000001));
#11672=CARTESIAN_POINT('',(461.562150873805,-132.413372296095,-20.0000000000001));
#11673=CARTESIAN_POINT('Origin',(452.707553574486,-258.123537967648,-9.54791801177635E-14));
#11674=CARTESIAN_POINT('',(450.707553544683,-258.123537967648,-9.54791801177635E-14));
#11675=CARTESIAN_POINT('Origin',(452.707553574486,-143.383211691541,-9.54791801177635E-14));
#11676=CARTESIAN_POINT('',(450.707553544683,-143.383211691541,-9.54791801177635E-14));
#11677=CARTESIAN_POINT('Origin',(105.326732067224,-258.123537967648,-9.54791801177635E-14));
#11678=CARTESIAN_POINT('',(103.326732037422,-258.123537967648,-9.54791801177635E-14));
#11679=CARTESIAN_POINT('Origin',(102.472134767905,-250.326935039381,-9.54791801177635E-14));
#11680=CARTESIAN_POINT('',(102.472134767905,-250.326935039381,-9.54791801177635E-14));
#11681=CARTESIAN_POINT('Origin',(105.326732067224,-143.383211691541,-9.54791801177635E-14));
#11682=CARTESIAN_POINT('',(103.326732037422,-143.383211691541,-9.54791801177635E-14));
#11683=CARTESIAN_POINT('Origin',(112.613477886129,-140.413372296095,-9.54791801177635E-14));
#11684=CARTESIAN_POINT('',(102.472134767905,-151.179814619808,-9.54791801177635E-14));
#11685=CARTESIAN_POINT('Origin',(102.472134767905,-140.413372296095,-9.54791801177635E-14));
#11686=CARTESIAN_POINT('Origin',(88.4721347679048,-275.093377363095,-9.54791801177635E-14));
#11687=CARTESIAN_POINT('Origin',(425.935,-408.966754726189,-2.42000000000018));
#11688=CARTESIAN_POINT('',(425.935,-433.773382430094,-3.14500000000018));
#11689=CARTESIAN_POINT('',(425.21,-433.773382430094,-2.42000000000018));
#11690=CARTESIAN_POINT('Origin',(425.935,-433.773382430094,-2.42000000000018));
#11691=CARTESIAN_POINT('',(425.935,-419.773382430095,-3.14500000000018));
#11692=CARTESIAN_POINT('',(425.935,-408.966754726189,-3.14500000000017));
#11693=CARTESIAN_POINT('',(425.21,-419.773382430095,-2.42000000000018));
#11694=CARTESIAN_POINT('Origin',(425.935,-419.773382430095,-2.42000000000018));
#11695=CARTESIAN_POINT('',(425.21,-408.966754726189,-2.42000000000018));
#11696=CARTESIAN_POINT('Origin',(425.21,-408.966754726189,-1.48427669529718));
#11697=CARTESIAN_POINT('',(425.21,-433.773382430094,-1.48427669529718));
#11698=CARTESIAN_POINT('',(425.21,-433.773382430094,-0.742138347648624));
#11699=CARTESIAN_POINT('',(425.21,-419.773382430095,-1.48427669529718));
#11700=CARTESIAN_POINT('',(425.21,-419.773382430095,-0.742138347648626));
#11701=CARTESIAN_POINT('',(425.21,-408.966754726189,-1.48427669529718));
#11702=CARTESIAN_POINT('Origin',(425.935,-408.966754726189,-1.48427669529718));
#11703=CARTESIAN_POINT('',(425.42234758364,-433.773382430094,-0.971624278936248));
#11704=CARTESIAN_POINT('Origin',(425.935,-433.773382430094,-1.48427669529718));
#11705=CARTESIAN_POINT('',(425.42234758364,-419.773382430095,-0.971624278936247));
#11706=CARTESIAN_POINT('Origin',(425.935,-419.773382430095,-1.48427669529718));
#11707=CARTESIAN_POINT('',(425.42234758364,-408.966754726189,-0.971624278936246));
#11708=CARTESIAN_POINT('Origin',(426.086624278936,-408.966754726189,-0.307347583640246));
#11709=CARTESIAN_POINT('',(426.086624278936,-433.773382430094,-0.307347583640248));
#11710=CARTESIAN_POINT('',(437.032342823563,-433.773382430094,10.638370960987));
#11711=CARTESIAN_POINT('',(426.086624278936,-419.773382430095,-0.307347583640247));
#11712=CARTESIAN_POINT('',(345.259838797088,-419.773382430095,-81.134133065488));
#11713=CARTESIAN_POINT('',(426.086624278936,-408.966754726189,-0.307347583640246));
#11714=CARTESIAN_POINT('Origin',(426.599276695297,-408.966754726189,-0.820000000000174));
#11715=CARTESIAN_POINT('',(426.599276695297,-433.773382430094,-0.0950000000001771));
#11716=CARTESIAN_POINT('Origin',(426.599276695297,-433.773382430094,-0.820000000000177));
#11717=CARTESIAN_POINT('',(426.599276695297,-419.773382430095,-0.0950000000001757));
#11718=CARTESIAN_POINT('Origin',(426.599276695297,-419.773382430095,-0.820000000000176));
#11719=CARTESIAN_POINT('',(426.599276695297,-408.966754726189,-0.0950000000001747));
#11720=CARTESIAN_POINT('Origin',(431.920723304703,-408.966754726189,-0.0950000000001747));
#11721=CARTESIAN_POINT('',(431.920723304703,-433.773382430094,-0.0950000000001771));
#11722=CARTESIAN_POINT('',(450.741437089254,-433.773382430094,-0.0950000000001771));
#11723=CARTESIAN_POINT('',(431.920723304703,-419.773382430095,-0.0950000000001757));
#11724=CARTESIAN_POINT('',(267.196429036304,-419.773382430095,-0.0950000000001757));
#11725=CARTESIAN_POINT('',(431.920723304703,-408.966754726189,-0.0950000000001747));
#11726=CARTESIAN_POINT('Origin',(431.920723304703,-408.966754726189,-0.820000000000174));
#11727=CARTESIAN_POINT('',(432.433375721064,-433.773382430094,-0.307347583640248));
#11728=CARTESIAN_POINT('Origin',(431.920723304703,-433.773382430094,-0.820000000000177));
#11729=CARTESIAN_POINT('',(432.433375721064,-419.773382430095,-0.307347583640247));
#11730=CARTESIAN_POINT('Origin',(431.920723304703,-419.773382430095,-0.820000000000176));
#11731=CARTESIAN_POINT('',(432.433375721064,-408.966754726189,-0.307347583640246));
#11732=CARTESIAN_POINT('Origin',(433.09765241636,-408.966754726189,-0.971624278936246));
#11733=CARTESIAN_POINT('',(433.09765241636,-433.773382430094,-0.971624278936248));
#11734=CARTESIAN_POINT('',(441.970870960987,-433.773382430094,-9.84484282356342));
#11735=CARTESIAN_POINT('',(433.09765241636,-419.773382430095,-0.971624278936247));
#11736=CARTESIAN_POINT('',(350.198366934512,-419.773382430095,81.9276612029116));
#11737=CARTESIAN_POINT('',(433.09765241636,-408.966754726189,-0.971624278936246));
#11738=CARTESIAN_POINT('Origin',(432.585,-408.966754726189,-1.48427669529718));
#11739=CARTESIAN_POINT('',(433.31,-433.773382430094,-1.48427669529718));
#11740=CARTESIAN_POINT('Origin',(432.585,-433.773382430094,-1.48427669529718));
#11741=CARTESIAN_POINT('',(433.31,-419.773382430095,-1.48427669529718));
#11742=CARTESIAN_POINT('Origin',(432.585,-419.773382430095,-1.48427669529718));
#11743=CARTESIAN_POINT('',(433.31,-408.966754726189,-1.48427669529718));
#11744=CARTESIAN_POINT('Origin',(433.31,-408.966754726189,-2.42000000000018));
#11745=CARTESIAN_POINT('',(433.31,-433.773382430094,-2.42000000000018));
#11746=CARTESIAN_POINT('',(433.31,-433.773382430094,-1.21000000000012));
#11747=CARTESIAN_POINT('',(433.31,-419.773382430095,-2.42000000000018));
#11748=CARTESIAN_POINT('',(433.31,-419.773382430095,-1.21000000000013));
#11749=CARTESIAN_POINT('',(433.31,-408.966754726189,-2.42000000000018));
#11750=CARTESIAN_POINT('Origin',(432.585,-408.966754726189,-2.42000000000018));
#11751=CARTESIAN_POINT('',(432.585,-433.773382430094,-3.14500000000018));
#11752=CARTESIAN_POINT('Origin',(432.585,-433.773382430094,-2.42000000000018));
#11753=CARTESIAN_POINT('',(432.585,-419.773382430095,-3.14500000000018));
#11754=CARTESIAN_POINT('Origin',(432.585,-419.773382430095,-2.42000000000018));
#11755=CARTESIAN_POINT('',(432.585,-408.966754726189,-3.14500000000017));
#11756=CARTESIAN_POINT('Origin',(425.935,-408.966754726189,-3.14500000000017));
#11757=CARTESIAN_POINT('',(447.748575436902,-433.773382430094,-3.14500000000018));
#11758=CARTESIAN_POINT('',(264.203567383952,-419.773382430095,-3.14500000000018));
#11759=CARTESIAN_POINT('Origin',(98.4721347679049,-423.773382430094,-7.72711308875121E-14));
#11760=CARTESIAN_POINT('',(88.4721347679049,-423.773382430094,-7.00000000000008));
#11761=CARTESIAN_POINT('',(98.4721347679049,-433.773382430094,-7.00000000000008));
#11762=CARTESIAN_POINT('Origin',(98.4721347679049,-423.773382430094,-7.00000000000008));
#11763=CARTESIAN_POINT('',(98.4721347679049,-433.773382430094,-7.60464840883647E-14));
#11764=CARTESIAN_POINT('',(98.4721347679049,-433.773382430094,-7.60464840883647E-14));
#11765=CARTESIAN_POINT('',(88.4721347679049,-423.773382430094,-7.72711308875121E-14));
#11766=CARTESIAN_POINT('Origin',(98.4721347679049,-423.773382430094,-7.72711308875121E-14));
#11767=CARTESIAN_POINT('',(88.4721347679049,-423.773382430094,-7.72711308875121E-14));
#11768=CARTESIAN_POINT('Origin',(469.562150873805,-433.773382430094,-7.60464840883647E-14));
#11769=CARTESIAN_POINT('',(459.562150873805,-433.773382430094,-7.00000000000008));
#11770=CARTESIAN_POINT('',(445.562150873805,-433.773382430094,-7.00000000000008));
#11771=CARTESIAN_POINT('',(459.562150873805,-433.773382430094,-7.60464840883647E-14));
#11772=CARTESIAN_POINT('',(459.562150873805,-433.773382430094,-7.60464840883647E-14));
#11773=CARTESIAN_POINT('',(469.562150873805,-433.773382430094,-7.60464840883647E-14));
#11774=CARTESIAN_POINT('Origin',(279.017142820855,-359.433379896595,-7.00000000000009));
#11775=CARTESIAN_POINT('',(88.4721347679049,-295.093377363095,-7.00000000000009));
#11776=CARTESIAN_POINT('',(88.4721347679049,-285.093377363095,-7.00000000000009));
#11777=CARTESIAN_POINT('',(98.4721347679049,-285.093377363095,-7.00000000000009));
#11778=CARTESIAN_POINT('Origin',(98.4721347679049,-295.093377363095,-7.00000000000009));
#11779=CARTESIAN_POINT('',(459.562150873805,-285.093377363095,-7.00000000000009));
#11780=CARTESIAN_POINT('',(88.4721347679049,-285.093377363095,-7.00000000000009));
#11781=CARTESIAN_POINT('',(469.562150873805,-295.093377363095,-7.00000000000009));
#11782=CARTESIAN_POINT('Origin',(459.562150873805,-295.093377363095,-7.00000000000009));
#11783=CARTESIAN_POINT('',(469.562150873805,-423.773382430094,-7.00000000000008));
#11784=CARTESIAN_POINT('',(469.562150873805,-433.773382430094,-7.00000000000008));
#11785=CARTESIAN_POINT('Origin',(459.562150873805,-423.773382430094,-7.00000000000008));
#11786=CARTESIAN_POINT('',(445.562150873805,-409.773382430095,-7.00000000000008));
#11787=CARTESIAN_POINT('',(445.562150873805,-309.093377363095,-7.00000000000009));
#11788=CARTESIAN_POINT('',(445.562150873805,-309.093377363095,-7.00000000000009));
#11789=CARTESIAN_POINT('',(112.472134767905,-309.093377363095,-7.00000000000009));
#11790=CARTESIAN_POINT('',(445.562150873805,-309.093377363095,-7.00000000000009));
#11791=CARTESIAN_POINT('',(112.472134767905,-409.773382430095,-7.00000000000008));
#11792=CARTESIAN_POINT('',(112.472134767905,-409.773382430095,-7.00000000000008));
#11793=CARTESIAN_POINT('',(445.562150873805,-409.773382430095,-7.00000000000008));
#11794=CARTESIAN_POINT('Origin',(459.562150873805,-295.093377363095,-9.30298865194688E-14));
#11795=CARTESIAN_POINT('',(459.562150873805,-285.093377363095,-9.42545333186161E-14));
#11796=CARTESIAN_POINT('',(459.562150873805,-285.093377363095,-9.42545333186161E-14));
#11797=CARTESIAN_POINT('',(469.562150873805,-295.093377363095,-9.30298865194688E-14));
#11798=CARTESIAN_POINT('Origin',(459.562150873805,-295.093377363095,-9.30298865194688E-14));
#11799=CARTESIAN_POINT('',(469.562150873805,-295.093377363095,-9.30298865194688E-14));
#11800=CARTESIAN_POINT('Origin',(469.562150873805,-285.093377363095,-9.42545333186161E-14));
#11801=CARTESIAN_POINT('',(469.562150873805,-423.773382430094,-7.72711308875121E-14));
#11802=CARTESIAN_POINT('',(469.562150873805,-419.773382430095,-7.7760989607171E-14));
#11803=CARTESIAN_POINT('',(469.562150873805,-423.773382430094,-7.72711308875121E-14));
#11804=CARTESIAN_POINT('Origin',(459.562150873805,-423.773382430094,-7.72711308875121E-14));
#11805=CARTESIAN_POINT('Origin',(459.562150873805,-423.773382430094,-7.72711308875121E-14));
#11806=CARTESIAN_POINT('Origin',(98.4721347679049,-295.093377363095,-9.30298865194688E-14));
#11807=CARTESIAN_POINT('',(88.4721347679049,-295.093377363095,-9.30298865194688E-14));
#11808=CARTESIAN_POINT('',(88.4721347679049,-295.093377363095,-9.30298865194688E-14));
#11809=CARTESIAN_POINT('',(98.4721347679049,-285.093377363095,-9.42545333186161E-14));
#11810=CARTESIAN_POINT('Origin',(98.4721347679049,-295.093377363095,-9.30298865194688E-14));
#11811=CARTESIAN_POINT('',(98.4721347679049,-285.093377363095,-9.42545333186161E-14));
#11812=CARTESIAN_POINT('Origin',(88.4721347679049,-433.773382430094,-7.60464840883647E-14));
#11813=CARTESIAN_POINT('',(88.4721347679049,-419.773382430095,-7.7760989607171E-14));
#11814=CARTESIAN_POINT('Origin',(463.562150873805,-291.093377363095,-6.0000000000001));
#11815=CARTESIAN_POINT('',(465.562150873805,-291.093377363095,-6.0000000000001));
#11816=CARTESIAN_POINT('Origin',(463.562150873805,-291.093377363095,-6.0000000000001));
#11817=CARTESIAN_POINT('Origin',(94.4721347679049,-427.773382430095,-6.00000000000008));
#11818=CARTESIAN_POINT('',(96.4721347679048,-427.773382430095,-6.00000000000008));
#11819=CARTESIAN_POINT('Origin',(94.4721347679049,-427.773382430095,-6.00000000000008));
#11820=CARTESIAN_POINT('Origin',(463.562150873805,-427.773382430094,-6.00000000000008));
#11821=CARTESIAN_POINT('',(465.562150873805,-427.773382430094,-6.00000000000008));
#11822=CARTESIAN_POINT('Origin',(463.562150873805,-427.773382430094,-6.00000000000008));
#11823=CARTESIAN_POINT('Origin',(94.4721347679049,-291.093377363095,-6.0000000000001));
#11824=CARTESIAN_POINT('',(96.4721347679048,-291.093377363095,-6.0000000000001));
#11825=CARTESIAN_POINT('Origin',(94.4721347679049,-291.093377363095,-6.0000000000001));
#11826=CARTESIAN_POINT('Origin',(279.017142820855,-359.433379896595,-5.00000000000009));
#11827=CARTESIAN_POINT('',(455.562150873805,-419.773382430095,-5.00000000000008));
#11828=CARTESIAN_POINT('',(455.562150873805,-299.093377363095,-5.00000000000009));
#11829=CARTESIAN_POINT('',(455.562150873805,-299.093377363095,-5.00000000000009));
#11830=CARTESIAN_POINT('',(102.472134767905,-299.093377363095,-5.00000000000009));
#11831=CARTESIAN_POINT('',(102.472134767905,-299.093377363095,-5.00000000000009));
#11832=CARTESIAN_POINT('',(102.472134767905,-419.773382430095,-5.00000000000008));
#11833=CARTESIAN_POINT('',(102.472134767905,-299.093377363095,-5.00000000000009));
#11834=CARTESIAN_POINT('',(102.472134767905,-419.773382430095,-5.00000000000008));
#11835=CARTESIAN_POINT('',(445.562150873805,-409.773382430095,-5.00000000000008));
#11836=CARTESIAN_POINT('',(445.562150873805,-309.093377363095,-5.00000000000009));
#11837=CARTESIAN_POINT('',(445.562150873805,-309.093377363095,-5.00000000000009));
#11838=CARTESIAN_POINT('',(112.472134767905,-409.773382430095,-5.00000000000008));
#11839=CARTESIAN_POINT('',(445.562150873805,-409.773382430095,-5.00000000000008));
#11840=CARTESIAN_POINT('',(112.472134767905,-309.093377363095,-5.00000000000009));
#11841=CARTESIAN_POINT('',(112.472134767905,-409.773382430095,-5.00000000000008));
#11842=CARTESIAN_POINT('',(445.562150873805,-309.093377363095,-5.00000000000009));
#11843=CARTESIAN_POINT('Origin',(112.472134767905,-409.773382430095,-5.00000000000008));
#11844=CARTESIAN_POINT('',(445.562150873805,-409.773382430095,-5.00000000000008));
#11845=CARTESIAN_POINT('',(112.472134767905,-409.773382430095,-5.00000000000008));
#11846=CARTESIAN_POINT('Origin',(112.472134767905,-309.093377363095,-5.00000000000009));
#11847=CARTESIAN_POINT('',(112.472134767905,-309.093377363095,-5.00000000000009));
#11848=CARTESIAN_POINT('Origin',(445.562150873805,-309.093377363095,-5.00000000000009));
#11849=CARTESIAN_POINT('',(445.562150873805,-309.093377363095,-5.00000000000009));
#11850=CARTESIAN_POINT('Origin',(445.562150873805,-409.773382430095,-5.00000000000008));
#11851=CARTESIAN_POINT('Origin',(94.4721347679049,-427.773382430095,-7.67812721678531E-14));
#11852=CARTESIAN_POINT('',(96.4721347679048,-427.773382430095,-7.67812721678531E-14));
#11853=CARTESIAN_POINT('',(96.4721347679049,-427.773382430095,-7.67812721678531E-14));
#11854=CARTESIAN_POINT('Origin',(94.4721347679049,-427.773382430095,-7.67812721678531E-14));
#11855=CARTESIAN_POINT('Origin',(463.562150873805,-427.773382430094,-7.67812721678531E-14));
#11856=CARTESIAN_POINT('',(465.562150873805,-427.773382430094,-7.67812721678531E-14));
#11857=CARTESIAN_POINT('',(465.562150873805,-427.773382430094,-7.67812721678531E-14));
#11858=CARTESIAN_POINT('Origin',(463.562150873805,-427.773382430094,-7.67812721678531E-14));
#11859=CARTESIAN_POINT('Origin',(94.4721347679049,-291.093377363095,-9.35197452391277E-14));
#11860=CARTESIAN_POINT('',(96.4721347679048,-291.093377363095,-9.35197452391277E-14));
#11861=CARTESIAN_POINT('',(96.4721347679049,-291.093377363095,-9.35197452391277E-14));
#11862=CARTESIAN_POINT('Origin',(94.4721347679049,-291.093377363095,-9.35197452391277E-14));
#11863=CARTESIAN_POINT('Origin',(455.562150873805,-419.773382430095,-7.7760989607171E-14));
#11864=CARTESIAN_POINT('',(455.562150873805,-419.773382430095,-7.7760989607171E-14));
#11865=CARTESIAN_POINT('',(455.562150873805,-299.093377363095,-9.25400277998098E-14));
#11866=CARTESIAN_POINT('',(455.562150873805,-299.093377363095,-9.25400277998098E-14));
#11867=CARTESIAN_POINT('',(455.562150873805,-299.093377363095,-9.25400277998098E-14));
#11868=CARTESIAN_POINT('',(455.562150873805,-419.773382430095,-7.7760989607171E-14));
#11869=CARTESIAN_POINT('Origin',(102.472134767905,-419.773382430095,-7.7760989607171E-14));
#11870=CARTESIAN_POINT('',(102.472134767905,-419.773382430095,-7.7760989607171E-14));
#11871=CARTESIAN_POINT('',(102.472134767905,-419.773382430095,-7.7760989607171E-14));
#11872=CARTESIAN_POINT('',(102.472134767905,-419.773382430095,-7.7760989607171E-14));
#11873=CARTESIAN_POINT('Origin',(102.472134767905,-299.093377363095,-9.25400277998098E-14));
#11874=CARTESIAN_POINT('',(102.472134767905,-299.093377363095,-9.25400277998098E-14));
#11875=CARTESIAN_POINT('',(102.472134767905,-299.093377363095,-9.25400277998098E-14));
#11876=CARTESIAN_POINT('',(102.472134767905,-299.093377363095,-9.25400277998098E-14));
#11877=CARTESIAN_POINT('Origin',(455.562150873805,-299.093377363095,-9.25400277998098E-14));
#11878=CARTESIAN_POINT('',(102.472134767905,-299.093377363095,-9.25400277998098E-14));
#11879=CARTESIAN_POINT('Origin',(463.562150873805,-291.093377363095,-9.35197452391277E-14));
#11880=CARTESIAN_POINT('',(465.562150873805,-291.093377363095,-9.35197452391277E-14));
#11881=CARTESIAN_POINT('',(465.562150873805,-291.093377363095,-9.35197452391277E-14));
#11882=CARTESIAN_POINT('Origin',(463.562150873805,-291.093377363095,-9.35197452391277E-14));
#11883=CARTESIAN_POINT('Origin',(88.4721347679049,-285.093377363095,-9.42545333186161E-14));
#11884=CARTESIAN_POINT('',(88.4721347679049,-285.093377363095,-9.42545333186161E-14));
#11885=CARTESIAN_POINT('Origin',(279.017142820855,-359.433379896595,-8.51505087034904E-14));
#11886=UNCERTAINTY_MEASURE_WITH_UNIT(LENGTH_MEASURE(0.01),#11890,
'DISTANCE_ACCURACY_VALUE',
'Maximum model space distance between geometric entities at asserted c
onnectivities');
#11887=UNCERTAINTY_MEASURE_WITH_UNIT(LENGTH_MEASURE(0.01),#11890,
'DISTANCE_ACCURACY_VALUE',
'Maximum model space distance between geometric entities at asserted c
onnectivities');
#11888=(
GEOMETRIC_REPRESENTATION_CONTEXT(3)
GLOBAL_UNCERTAINTY_ASSIGNED_CONTEXT((#11886))
GLOBAL_UNIT_ASSIGNED_CONTEXT((#11890,#11891,#11892))
REPRESENTATION_CONTEXT('','3D')
);
#11889=(
GEOMETRIC_REPRESENTATION_CONTEXT(3)
GLOBAL_UNCERTAINTY_ASSIGNED_CONTEXT((#11887))
GLOBAL_UNIT_ASSIGNED_CONTEXT((#11890,#11891,#11892))
REPRESENTATION_CONTEXT('','3D')
);
#11890=(
LENGTH_UNIT()
NAMED_UNIT(*)
SI_UNIT(.MILLI.,.METRE.)
);
#11891=(
NAMED_UNIT(*)
PLANE_ANGLE_UNIT()
SI_UNIT($,.RADIAN.)
);
#11892=(
NAMED_UNIT(*)
SI_UNIT($,.STERADIAN.)
SOLID_ANGLE_UNIT()
);
#11893=SHAPE_DEFINITION_REPRESENTATION(#11894,#11895);
#11894=PRODUCT_DEFINITION_SHAPE('',$,#11897);
#11895=SHAPE_REPRESENTATION('',(#7554),#11888);
#11896=PRODUCT_DEFINITION_CONTEXT('part definition',#11901,'design');
#11897=PRODUCT_DEFINITION('keyboard','keyboard v4',#11898,#11896);
#11898=PRODUCT_DEFINITION_FORMATION('',$,#11903);
#11899=PRODUCT_RELATED_PRODUCT_CATEGORY('keyboard v4','keyboard v4',(#11903));
#11900=APPLICATION_PROTOCOL_DEFINITION('international standard',
'automotive_design',2009,#11901);
#11901=APPLICATION_CONTEXT(
'Core Data for Automotive Mechanical Design Process');
#11902=PRODUCT_CONTEXT('part definition',#11901,'mechanical');
#11903=PRODUCT('keyboard','keyboard v4',$,(#11902));
#11904=PRESENTATION_STYLE_ASSIGNMENT((#11907));
#11905=PRESENTATION_STYLE_ASSIGNMENT((#11908));
#11906=PRESENTATION_STYLE_ASSIGNMENT((#11909));
#11907=SURFACE_STYLE_USAGE(.BOTH.,#11910);
#11908=SURFACE_STYLE_USAGE(.BOTH.,#11911);
#11909=SURFACE_STYLE_USAGE(.BOTH.,#11912);
#11910=SURFACE_SIDE_STYLE('',(#11913));
#11911=SURFACE_SIDE_STYLE('',(#11914));
#11912=SURFACE_SIDE_STYLE('',(#11915));
#11913=SURFACE_STYLE_FILL_AREA(#11916);
#11914=SURFACE_STYLE_FILL_AREA(#11917);
#11915=SURFACE_STYLE_FILL_AREA(#11918);
#11916=FILL_AREA_STYLE('Steel - Satin',(#11919));
#11917=FILL_AREA_STYLE('Plastic - Matte (Gray)',(#11920));
#11918=FILL_AREA_STYLE('Pine',(#11921));
#11919=FILL_AREA_STYLE_COLOUR('Steel - Satin',#11922);
#11920=FILL_AREA_STYLE_COLOUR('Plastic - Matte (Gray)',#11923);
#11921=FILL_AREA_STYLE_COLOUR('Pine',#11924);
#11922=COLOUR_RGB('Steel - Satin',0.627450980392157,0.627450980392157,0.627450980392157);
#11923=COLOUR_RGB('Plastic - Matte (Gray)',0.701960784313725,0.701960784313725,
0.701960784313725);
#11924=COLOUR_RGB('Pine',0.,0.,0.);
ENDSEC;
END-ISO-10303-21;
